filename,Base,Primary,Secondary,RGB_R_mean,RGB_R_std,RGB_R_p10,RGB_R_median,RGB_R_p90,RGB_R_skew,RGB_R_kurt,RGB_G_mean,RGB_G_std,RGB_G_p10,RGB_G_median,RGB_G_p90,RGB_G_skew,RGB_G_kurt,RGB_B_mean,RGB_B_std,RGB_B_p10,RGB_B_median,RGB_B_p90,RGB_B_skew,RGB_B_kurt,HSV_H_mean,HSV_H_std,HSV_H_p10,HSV_H_median,HSV_H_p90,HSV_H_skew,HSV_H_kurt,HSV_S_mean,HSV_S_std,HSV_S_p10,HSV_S_median,HSV_S_p90,HSV_S_skew,HSV_S_kurt,HSV_V_mean,HSV_V_std,HSV_V_p10,HSV_V_median,HSV_V_p90,HSV_V_skew,HSV_V_kurt,LAB_L_mean,LAB_L_std,LAB_L_p10,LAB_L_median,LAB_L_p90,LAB_L_skew,LAB_L_kurt,LAB_A_mean,LAB_A_std,LAB_A_p10,LAB_A_median,LAB_A_p90,LAB_A_skew,LAB_A_kurt,LAB_B_mean,LAB_B_std,LAB_B_p10,LAB_B_median,LAB_B_p90,LAB_B_skew,LAB_B_kurt,YUV_Y_mean,YUV_Y_std,YUV_Y_p10,YUV_Y_median,YUV_Y_p90,YUV_Y_skew,YUV_Y_kurt,YUV_U_mean,YUV_U_std,YUV_U_p10,YUV_U_median,YUV_U_p90,YUV_U_skew,YUV_U_kurt,YUV_V_mean,YUV_V_std,YUV_V_p10,YUV_V_median,YUV_V_p90,YUV_V_skew,YUV_V_kurt
7.34.jpg,7,3,4,109.87404148519967,48.34475919830942,49.0,106.0,178.0,0.3233258154096646,-0.6118467494670585,72.9845904382274,34.92146628648962,30.0,69.0,122.0,0.4488399057751274,-0.38887297865970405,25.766160281489135,20.467169820216807,4.0,21.0,55.0,1.2583056742127474,1.9987211337641106,16.721776531089294,1.7526182442933624,15.0,17.0,18.0,26.83513745066877,2518.773701911054,199.89955906596788,27.923213799691577,166.0,198.0,242.0,0.16255462534761217,-0.2354075628974548,109.87405329593268,48.34473395397067,49.0,106.0,178.0,0.3233289416423451,-0.6118516565722354,85.99824659826284,40.55100690726673,34.0,83.0,142.0,0.2658063993587976,-0.6147295953960845,138.93652321547205,4.221035005255966,134.0,139.0,145.0,0.07544503752158445,-0.5642440282322445,160.28917201840505,11.501266514804422,143.0,162.0,174.0,-0.5298904465620247,-0.613105062932934,78.64242956620161,36.94454145354402,34.0,74.0,131.0,0.4583213301216886,-0.39718447501309306,102.01065623385252,10.194346873460251,89.0,101.0,117.0,0.2781915087970316,-0.9581755477987293,155.38807263600796,10.802785632195127,140.0,155.0,170.0,0.01883553567577763,-0.8802745806776291
9.25.jpg,9,2,5,169.45471596846204,40.98512570907628,115.0,169.0,225.0,0.001717422927425967,-0.6987889507026059,138.36663389379692,42.37168872991982,84.0,136.0,196.0,0.1980297443284536,-0.5833422288142964,135.21111570247933,43.81498816422204,78.0,134.0,195.0,0.12550521909997447,-0.6186808854416919,8.312026218295811,30.367164583743364,1.0,2.0,6.0,5.417927888510745,27.450491599517335,56.08275149615275,19.316809412441675,34.0,54.0,81.0,0.6851192295834874,0.6150380306689804,169.45471644343118,40.9851266946505,115.0,169.0,225.0,0.0017175377341356525,-0.6987887579552119,153.0295354801938,41.06332973822884,99.0,152.0,208.0,0.038985915314264756,-0.6323412619063924,139.43673316234444,1.7369924964683663,137.0,140.0,141.0,-1.7918740550152015,5.03545661819982,134.26002374845635,1.746760352559438,132.0,134.0,136.0,0.47642487296377006,0.05020195880619793,147.31757718248315,42.08487493348641,93.0,146.0,205.0,0.13224825821287364,-0.6372062075220377,122.13921297615654,1.2594153462211264,121.0,122.0,124.0,0.20154208760618025,-0.13069576221112378,147.2971862828916,2.3395389393472943,146.0,147.0,149.0,-2.119482204888405,7.488130989865541
7.08.jpg,7,0,8,78.72049246336724,38.166458855574305,33.0,73.0,132.0,0.6106124119207873,-0.03419148803861294,56.123799089262754,29.486899426969924,22.0,52.0,97.0,0.7291761053267088,0.3252193420985394,50.605019753389,27.52221742201266,19.0,46.0,89.0,0.809034910100408,0.5807764777910629,7.424330222976955,16.574498312419184,4.0,6.0,8.0,9.876859637752471,97.27317266504818,95.34402652069973,21.474045557136286,74.0,92.0,120.0,1.9956292135932192,8.395346614827782,78.7205581134784,38.16633656558544,33.0,73.0,132.0,0.6106310898328038,-0.03420261376763323,64.92324723929126,35.08006913755183,21.0,61.0,113.0,0.5377275955552925,-0.1621971444746766,137.04116116081067,3.522649367483795,133.0,137.0,142.0,0.12036013153987078,-0.38338504159290343,135.2570459589682,2.9944261657511952,131.0,135.0,139.0,-0.06595013247874831,-0.6483779826349458,62.26360075784543,31.76917392284528,25.0,57.0,106.0,0.6954099815044017,0.2097987172397935,122.43571735633324,2.629964756119619,119.0,123.0,126.0,-0.14401449409854114,-0.994254259547048,142.43092003524683,6.228142278443677,134.0,141.0,152.0,0.365599722842763,-0.5535537294079775
3.6.jpg,3,6,-1,45.50831324926229,29.827315605489332,11.0,41.0,87.0,0.6979090618395064,0.1009627780565876,33.73207460186855,24.26261912743219,6.0,30.0,67.0,0.7984542195148159,0.40348300598470654,31.81410076854397,24.300059615664093,4.0,28.0,65.0,0.833789595470394,0.4647094475039095,10.608800713495134,29.65205047167553,0.0,5.0,13.0,5.242350241432642,26.19127767914677,97.76998729791923,49.546365939924364,57.0,82.0,162.0,1.735647963202852,2.8323812453695663,45.50988350266199,29.82502835624625,11.0,41.0,87.0,0.698248398202251,0.10110785707827308,36.96575933350062,28.99659667696129,5.0,32.0,78.0,0.773753049309452,0.05067029369109566,132.87662058515158,3.054792676384754,128.0,133.0,137.0,0.07625187425872446,-0.7475015519859602,131.11827183619957,1.435180366075479,129.0,131.0,133.0,0.09020714408933218,-0.07316783292080586,37.02241197535835,25.89238737128805,7.0,33.0,73.0,0.7678797517805739,0.30087064422328824,125.72132451773915,0.9401022154519109,125.0,126.0,127.0,-0.21602339239361193,0.8095171955980573,135.4990405357827,3.8419215372592195,131.0,135.0,140.0,0.43203808019858964,-0.3600044376071483
9.31.jpg,9,3,1,218.17285333862424,32.8919039280737,170.0,225.0,255.0,-0.8164619141760275,-0.05443972878924397,167.71629231514387,39.00309348637678,115.0,169.0,218.0,-0.2073819065092482,-0.539921383989268,106.75424245607279,45.86767996949215,47.0,105.0,167.0,0.07033901863809888,-0.6122815178204575,16.552684457360495,1.5273172148934953,15.0,16.0,18.0,3.2595943888909495,14.829104077536691,135.69093678331961,39.07414567038017,85.0,136.0,185.0,0.0716409151474077,-0.08684350477719871,218.17286355086375,32.89191426065895,170.0,225.0,255.0,-0.8164611182754389,-0.05444111276721664,183.7596598059869,35.01857764178124,135.0,187.0,227.0,-0.426865097507079,-0.40598689656017095,139.87872576538302,4.470230395934263,133.0,141.0,144.0,-1.4024137230234677,1.5665638672628495,166.59803117748095,6.725303553424861,157.0,169.0,173.0,-1.1478576746090217,0.9273655214826575,175.8293432654657,37.673990365621016,124.0,179.0,223.0,-0.35848751942380547,-0.5308225503471649,94.1740506021331,4.985441709365102,90.0,92.0,101.0,1.565338570642568,2.541021303299871,165.05927183814475,7.470113604877245,153.0,168.0,171.0,-1.8612113931844367,3.302015484506023
3.87.jpg,3,8,7,38.13054694809654,25.80892762163145,8.0,34.0,74.0,0.765344497511532,0.3376663640380788,34.0294370235504,24.312147814054622,6.0,30.0,68.0,0.8142459304488306,0.43925562223791914,33.33200720108775,24.793512841576916,5.0,29.0,68.0,0.8174107701886796,0.4156544960618471,22.067248083503053,48.02928108148516,0.0,6.0,20.0,2.7520438763011685,5.8092928389758,53.74201889167051,49.71611657929059,20.0,36.0,106.0,2.608656258382291,7.133095391027526,38.13095106100305,25.808353471527255,8.0,34.0,74.0,0.7654435729128297,0.33773501889888635,35.21964095711054,27.968093416678855,5.0,29.0,75.0,0.8242067510219315,0.1739994541350569,129.66635835429273,1.2905832584908081,128.0,130.0,131.0,0.02197609743434771,-0.999812375082652,129.18522133327107,0.6040902250743119,129.0,129.0,130.0,-0.5610772394153698,1.755564733074551,35.190339124159436,24.871265756944112,7.0,31.0,70.0,0.7996898884858739,0.39623787703249125,127.07598587015089,0.27170973093055134,127.0,127.0,127.0,2.971872702625391,8.133590665122078,130.89212179214104,1.227998571120698,129.0,131.0,132.0,-0.5006358814448061,-0.4890209084070296
1.4.jpg,1,4,-1,19.070671615226157,15.63181253366789,2.0,16.0,41.0,1.0687402964446209,1.1881602644139875,17.58490164154456,14.8174952048845,2.0,14.0,38.0,1.0828416346976806,1.2741505635383428,16.03278712440842,14.202254314822394,1.0,13.0,36.0,1.1726931554288809,1.558295305351078,25.78775464948676,39.97484459063303,0.0,20.0,30.0,3.017946977403809,7.747626709377883,57.49483455199392,57.965995306363794,0.0,42.0,128.0,1.95615534032308,3.8862003890663415,19.07402122978706,15.628791877329514,2.0,16.0,41.0,1.069362689100183,1.1896406187979185,16.10379525724145,16.06721652279837,1.0,10.0,40.0,1.426467967836615,2.147730754652666,128.34269601178005,0.7916097968909716,128.0,128.0,130.0,1.2302988709009564,1.6208696158230502,129.2336088692814,1.0224282348469609,128.0,129.0,130.0,-0.21610261984850757,-0.5026130891228036,17.856960565193965,14.982046324440455,2.0,15.0,39.0,1.0920543451764633,1.2858063352168472,127.09512895627022,0.6387345858691426,126.0,127.0,128.0,-0.0640384091821242,-0.523745163041661,129.21348881224847,1.0009321594150875,128.0,129.0,131.0,0.9255135770706565,-0.048209157494618626
4.65.jpg,4,6,5,53.46418275823836,33.33596726456799,14.0,49.0,100.0,0.5948609791954927,-0.17887841974157004,27.482156786081788,20.878760872236334,3.0,24.0,56.0,0.8735070948557488,0.6568412990601016,23.598449393003936,19.793896496771737,1.0,20.0,51.0,0.9945502538354056,0.9839206074102198,7.38470187068776,22.863795573941704,1.0,4.0,8.0,7.031677757132804,48.43832065147953,160.00734260021125,43.85227427737292,115.0,149.0,235.0,0.6897974492267812,0.24520207889213097,53.466873926499105,33.33178143423966,14.0,49.0,100.0,0.5954293414906733,-0.17887128953664488,34.82357335013976,27.431228697735712,3.0,30.0,73.0,0.7690793229938989,0.032931481774671756,139.292985747604,6.454021425463947,130.0,139.0,148.0,0.021147060741356874,-1.0500021052964945,135.27253500852964,4.203671249275536,130.0,136.0,141.0,0.03225584039077905,-1.1235155110668698,34.81224311354649,24.306195541699267,7.0,31.0,68.0,0.7738326127662352,0.3065606121774609,122.64441127898088,2.8272462626805637,119.0,123.0,126.0,-0.06514298684110544,-0.9924342030014293,144.3724442654871,8.659649451781869,133.0,144.0,156.0,0.28191650954131753,-0.7914018539523502
4.71.jpg,4,7,1,32.99663984646047,26.84074933171229,2.0,28.0,70.0,0.8736479060983378,0.6294077511446892,30.114241775546862,26.202226968040343,1.0,25.0,67.0,0.9254039857790791,0.7238563524622621,23.451578455254545,23.324107883135266,0.0,17.0,56.0,1.1784143038798143,1.5101105010048386,21.708470756132968,20.790148759028664,0.0,21.0,26.0,5.376682579185405,33.25358017116611,113.56250978076326,75.3742503600676,42.0,88.0,255.0,0.7901958777472309,-0.5470894913706372,33.01609802908393,26.818488523599207,2.0,28.0,70.0,0.8765549409870442,0.6344176451025181,30.475078861248495,29.05143925211507,1.0,23.0,73.0,0.9945814999782139,0.5941416228287113,128.01264929504688,0.9415309766365102,127.0,128.0,130.0,0.4816074945622801,0.9583632780646387,132.27869934302797,2.766297119816711,128.0,133.0,136.0,-0.192521373641971,-1.2889241278838113,30.183723825693267,26.058178509793287,1.0,25.0,67.0,0.9381816903181628,0.769633113659896,125.00526118943924,1.7552142108789899,123.0,125.0,128.0,0.3895044274670493,-0.8868472372997189,130.80779016264364,1.2372141654266176,129.0,131.0,132.0,-0.9486562997287608,-0.1247866107605824
8.71.jpg,8,7,1,134.7006262534308,42.73558635453822,82.0,130.0,195.0,0.3784005748480375,-0.48795784298700884,118.3986868032578,41.175823356340025,68.0,114.0,176.0,0.41392885266106627,-0.3373846120136821,85.52632472198394,40.5912827141243,37.0,80.0,143.0,0.5660898450600113,-0.07670758271862343,20.011736294688273,1.003342267879635,19.0,20.0,21.0,-0.269537956986299,1.5393857494934693,101.78143910879244,29.547700483163283,68.0,98.0,139.0,0.9060794445970403,1.5349348021163651,134.7006262534308,42.73558635453822,82.0,130.0,195.0,0.3784005748480375,-0.48795784298700884,127.63961930716276,41.67022028881055,76.0,124.0,186.0,0.28540176946796175,-0.4667679378619827,129.28967309162422,0.9501678472184563,128.0,129.0,130.0,0.2299569752727582,0.26508614051391755,148.5833323607391,1.6109382944837938,147.0,149.0,150.0,-1.3488610994450758,5.1423616503728855,119.5407507260416,41.53877967998324,69.0,115.0,178.0,0.41855281944791756,-0.3603572777864881,111.23918183427384,1.2451269151625786,110.0,111.0,113.0,0.8150067983657594,2.7080601492903495,141.17329149232916,1.9074507672274184,139.0,141.0,144.0,0.3723369901328769,-0.5604269887425732
6.48.jpg,6,4,8,113.19611973802202,67.28201119684559,15.0,118.0,200.0,-0.06627722848608777,-1.098333649386619,58.86269595342441,43.665821073641766,0.0,59.0,117.0,0.24265832069555288,-0.8617903435663044,22.09476374713328,28.733769631775377,0.0,10.0,66.0,1.6058009409392116,2.4177293303911984,14.67456413189156,24.331133989308867,0.0,12.0,15.0,5.406522907521426,29.842858214597882,217.6837600104262,41.672640354810206,161.0,228.0,255.0,-1.4789312660423792,3.684454926234145,113.23469768853253,67.21839873524478,15.0,118.0,200.0,-0.0635016029461927,-1.1012924671116637,77.85386236624397,52.89829858114729,2.0,82.0,146.0,0.034002922821973466,-1.1067440809377134,148.06308878423775,9.285398941171403,132.0,150.0,158.0,-0.6961991099005898,-0.5276770590090751,157.59674249011357,16.934580719614747,130.0,163.0,176.0,-0.5563252561565268,-1.101803740579676,70.91908939891731,48.24843441416083,5.0,71.0,135.0,0.1979116608285949,-0.9152054945980082,104.03960938670153,14.001048535006186,88.0,100.0,126.0,0.4104878789802616,-1.1654576187241843,165.08292727523835,18.216288329197248,136.0,168.0,186.0,-0.48814142466881905,-0.9230526721073797
10.27.jpg,10,2,7,186.23703191792532,38.716491960845076,132.0,189.0,236.0,-0.3462028136875306,-0.46018154812878587,164.3037475064121,42.668013712202054,106.0,166.0,220.0,-0.19109599565837387,-0.5829454211639056,167.09381352712074,43.747231151352814,106.0,170.0,223.0,-0.2940755696815613,-0.5216039383220177,152.1947164434312,58.470689817978965,4.0,174.0,177.0,-2.1762054676657687,2.7490400251877736,33.324502232354895,15.085375079075877,16.0,31.0,53.0,0.8360920414537161,0.9465746323894231,186.23711123776954,38.71661893203886,132.0,189.0,236.0,-0.34618968063107625,-0.46017769595503255,176.28741759285646,40.03566932398602,121.0,180.0,227.0,-0.33342320872837816,-0.4564952031018037,136.5727590956588,2.230423874178073,134.0,137.0,139.0,-0.7883189419538209,0.3091215426169862,129.4887251828631,1.742035624064021,128.0,129.0,132.0,1.2525618266828815,1.3237100388922123,171.23251781134226,41.575124032493555,114.0,174.0,225.0,-0.24880519057419767,-0.5481630360627747,126.10367341122827,1.1767730084924883,124.0,126.0,127.0,-1.1431099892922394,1.5604876047411524,141.2083680060796,3.359481418972493,137.0,141.0,146.0,-0.6910267722267485,0.17384632120129018
7.2.jpg,7,2,-1,79.50401681420921,39.8017348551514,32.0,74.0,136.0,0.5678336133848484,-0.2082976057558339,72.86277813763765,35.84517003843917,30.0,68.0,123.0,0.5653535933024775,-0.1378983549855084,85.03016695552715,38.12821125014857,39.0,80.0,138.0,0.5046173477116893,-0.26140760680374076,134.70049884358545,8.29749563402247,124.0,135.0,146.0,0.3718974558832,-0.6421957843644703,41.933592724217014,15.509171134829323,27.0,38.0,60.0,2.6156396687016117,16.104613585596866,85.10559163880184,38.27914368874435,39.0,80.0,139.0,0.5192892755885604,-0.22274526877183654,80.09812551912218,40.093310270938645,30.0,76.0,136.0,0.4052691543923175,-0.4147637778165598,133.36826551433703,2.20211018171948,130.0,133.0,136.0,0.188481667005318,-0.5933412142400658,121.84246210286545,1.018348634618138,121.0,122.0,123.0,0.7280719178366917,2.185222331177685,76.17461227530642,37.293863928879254,32.0,71.0,129.0,0.5593694100252572,-0.17830440374451406,131.92997029697193,0.7360705238463868,131.0,132.0,133.0,-0.42155425140242087,0.21715379129422674,131.04523584437715,2.5970697699584018,128.0,131.0,134.0,0.663720287489864,-0.1205066563015782
6.74.jpg,6,7,4,58.89874166482124,39.523099041344935,12.0,53.0,114.0,0.6196539594563435,-0.17860467975701155,44.08461455180729,33.151259625513084,5.0,38.0,90.0,0.730951868510482,0.07887901989599388,23.94895056716124,23.33006018148461,0.0,18.0,57.0,1.212873748238637,1.6684470517027536,17.257535493713245,13.005449704775703,12.0,17.0,19.0,9.429445560238593,102.35153045498494,173.65225363549126,48.808145636135556,120.0,164.0,255.0,0.1814519216721106,-0.23476777924554648,58.90574493737851,39.51297129843546,12.0,53.0,114.0,0.6207117341133651,-0.17829992041641907,48.45054501611673,38.02428948245584,5.0,42.0,102.0,0.6509902584685496,-0.2889774323896739,131.51853694544917,2.02231446334545,128.0,132.0,134.0,0.04349370491487684,-0.3059007742080606,142.00283211535148,8.278828293248681,130.0,143.0,152.0,-0.15195917718583657,-1.2523282549753014,46.21612460323319,33.83502059285409,7.0,40.0,93.0,0.7310504763183185,0.08055649333287462,117.138336655102,6.165499119629794,109.0,117.0,126.0,0.001269279971011714,-1.002151319170115,139.13331758568933,5.4984968206303595,132.0,139.0,146.0,0.15397421720456075,-0.7794857029655411
10.33.jpg,10,3,3,247.75527924153212,12.289538743847261,233.0,254.0,255.0,-2.661534864409084,8.66028109291274,205.5870734444814,30.173780310336216,165.0,208.0,244.0,-0.603586103303253,0.07610730046935377,150.5136299356726,49.00353868107494,84.0,154.0,213.0,-0.4163488139746718,-0.18995088420076023,17.958426459231767,3.1405711350305348,15.0,17.0,22.0,5.693244601606184,186.44467893757414,101.55672461383146,47.47034198017619,41.0,99.0,165.0,0.3971975796568529,-0.18628178537897533,247.75635784854373,12.289956065566221,233.0,254.0,255.0,-2.661479611585181,8.659661416663015,217.29264971629425,23.09775737283213,186.0,220.0,245.0,-0.8168548626173567,0.7326519692944307,136.45921328797155,7.500377134582151,127.0,136.0,147.0,0.2509776432142355,-1.009880896449344,161.17871808188855,13.390944270864638,144.0,161.0,180.0,0.10744337747110738,-0.689407981646621,211.9317068639866,26.042521167948262,177.0,215.0,243.0,-0.8383627066215329,0.7199433388001486,97.77859961991017,11.837950548575309,82.0,97.0,113.0,-0.07273692322549884,-0.5434934902222293,159.41864492334986,15.687714615390032,138.0,160.0,181.0,-0.04089857714132806,-1.0560154240575739
5.31.jpg,5,3,1,47.289371324524495,31.90274324907192,10.0,42.0,91.0,0.7234135240672642,0.23599151609527969,36.5469550453975,27.405571512191933,5.0,31.0,74.0,0.8326872574102597,0.5540463943310119,20.50740532959327,19.735000079213883,0.0,15.0,48.0,1.2983841508035634,2.311370450796889,17.971997736276176,12.588206764317036,13.0,18.0,21.0,9.446125118877525,105.08261029699798,166.7882468443198,50.28569583861754,113.0,156.0,255.0,0.26407726243224433,-0.17443808529547278,47.296218596983344,31.892968316504312,10.0,42.0,91.0,0.7247495748578885,0.23682836342634106,39.04628330995792,31.55765332929287,3.0,33.0,83.0,0.7941656059735868,0.14999018832719369,130.1888388573116,1.5532047519541612,128.0,130.0,132.0,0.15476449022055164,-0.31524093887290805,139.0410181836077,6.744329704755449,130.0,140.0,148.0,-0.03780690669153018,-1.2662753723544176,37.926168647425015,27.80961475720355,6.0,33.0,76.0,0.8322402575342331,0.5469752809739776,119.55865062375433,4.80140931284645,113.0,119.0,126.0,-0.05772666098170697,-0.9040747769278501,136.22621293767378,3.970581971663834,132.0,136.0,141.0,0.22911051919713685,-0.5223884978794926
5.25.jpg,5,2,5,69.08326038876537,44.9872289425652,13.0,64.0,131.0,0.48299199546870253,-0.4446024214578248,56.14385009210467,39.64262298686727,8.0,51.0,111.0,0.598045800104023,-0.20653010922476378,54.23258764532989,39.95612660243985,6.0,48.0,110.0,0.627088572258635,-0.20197316476757443,9.304561564242768,27.28375477377309,0.0,5.0,11.0,5.668133995004303,31.168599201857134,77.46255074510445,52.45696522306548,39.0,60.0,137.0,2.139147007069519,4.342843421244413,69.0875952412909,44.98082504874076,13.0,64.0,131.0,0.48354208101151214,-0.44458648770185016,62.0541341090745,44.917681548782745,7.0,58.0,124.0,0.4754355012392057,-0.5679336539321658,133.1334871004826,2.6510180171666073,130.0,134.0,136.0,-0.3981375673111984,-0.7316891990499634,131.19721098875877,1.204443257631355,130.0,131.0,132.0,-0.9257040032781694,0.9835367975820746,59.774449560290144,41.23236795958221,10.0,55.0,117.0,0.5634295064213719,-0.28825421792690253,125.62388224607024,0.8245964783148497,125.0,125.0,127.0,1.1459724177074018,1.3627553469560496,136.17198432567125,3.6922794838054367,131.0,137.0,141.0,-0.1935913097570611,-0.8578266633993308
5.18.jpg,5,1,8,39.98550626214906,30.432587822594027,5.0,34.0,82.0,0.8569704600341078,0.5590070555443649,40.09257646219335,30.528261252936566,5.0,34.0,82.0,0.8503794828764912,0.5273124811660304,39.87577175758471,31.08683308406545,5.0,33.0,83.0,0.8673068572459839,0.5108162736131003,26.68991658669816,41.47213976228639,0.0,0.0,120.0,1.4860888483337804,0.7831565907205738,9.376659038901602,23.141196957975755,0.0,0.0,26.0,6.402911615885215,55.6496734192678,40.383508771929826,30.88527700542138,5.0,34.0,83.0,0.8603532604715268,0.5326215772596457,41.17173396323909,34.22186030695466,3.0,34.0,89.0,0.8198210298480637,0.1682992952203004,127.87532245761669,0.5095171210481046,127.0,128.0,128.0,-1.411641993096569,5.427420785837066,128.20272483452672,0.8430130797778123,127.0,128.0,130.0,0.5746658024673746,0.7656601066258717,40.05447454540981,30.500351580585196,5.0,34.0,82.0,0.8535361354713057,0.5403486407896754,127.91147166654363,0.6082065850577633,127.0,128.0,129.0,0.0982117006540062,0.024496109920980835,127.93103171673926,0.2716325795339056,128.0,128.0,128.0,-2.707124753714467,8.944829858373746
5.1.jpg,5,1,-1,41.67510297482838,30.93026145459518,6.0,36.0,84.0,0.8532072289729921,0.5632585178273626,39.93587903840949,30.536663808200466,5.0,34.0,82.0,0.8616744495922763,0.5577588481817544,38.868765532344185,31.73688163304851,3.0,32.0,83.0,0.891970490318115,0.5118553378501849,62.14376860805591,66.35908654270575,6.0,20.0,165.0,0.8163603396424404,-1.2630901405616637,47.30108461898083,57.86189209643216,7.0,26.0,109.0,2.2775540833931065,5.049724748772581,41.75065475751089,31.033003726980958,6.0,36.0,85.0,0.857150835030705,0.5684898533468936,41.29489628700081,34.39591626511546,3.0,34.0,90.0,0.8246239555795338,0.1789048216042044,128.51624418690486,0.9488558379505254,128.0,128.0,130.0,0.2130727406389152,0.7017000092160903,128.8955640855294,1.2568569273105163,127.0,129.0,130.0,-0.3590776419914434,-0.22839208630715158,40.37912108461898,30.817526576253204,5.0,34.0,83.0,0.8604835944575648,0.5442202204524791,127.25110061268177,0.8679943090017956,126.0,127.0,128.0,0.35115692834089063,-0.2824542216755077,129.29597893752614,0.7765051094390047,129.0,129.0,131.0,1.5507071376036339,1.149658200701512
5.24.jpg,5,2,4,57.32454740327064,38.781194032034996,10.0,52.0,111.0,0.5963566740202861,-0.16388849972665387,48.21294902244553,35.06834538799863,6.0,43.0,97.0,0.6995289152835795,0.07097144531528787,51.13040057266349,37.41448237829708,6.0,45.0,103.0,0.6671302792732926,-0.0800108189445452,127.21771133013934,71.94579709642491,0.0,166.0,177.0,-1.1231646797364168,-0.7138623689198123,59.0419737632978,48.379262665381944,29.0,44.0,102.0,2.768568771046064,7.921360181357457,57.326473626162006,38.77847083355359,10.0,52.0,111.0,0.5966325970000104,-0.16377864301297151,52.73319211264975,40.068396556231036,5.0,47.0,108.0,0.5993989037245985,-0.33912016557455615,132.42895588118012,2.505187204165374,128.0,133.0,135.0,-0.3171206065614935,-0.8983617121112473,127.6961858744303,1.308360336957228,126.0,128.0,129.0,0.0030468000326740498,-1.0485309760339376,51.31128753970616,36.41179736294279,8.0,46.0,101.0,0.6599420656721582,-0.02916796990359094,127.91541688306889,0.7805404175507076,127.0,128.0,129.0,0.3219870679989312,-0.688714120028711,133.369276526049,2.4390532926570523,131.0,133.0,137.0,-0.0762337359062436,-0.4189006228973211
8.58.jpg,8,5,8,120.90683152481485,66.97061291749394,32.0,118.0,214.0,0.12326858997174088,-1.0357520876405972,88.1242577692478,57.60823837605171,14.0,82.0,171.0,0.3433742437028921,-0.8333527230989644,87.53538544819271,58.67322632654882,12.0,81.0,172.0,0.339661149929108,-0.8795192645885046,61.92525085504786,83.52266429494217,0.0,3.0,179.0,0.6798461350479698,-1.5344602602534445,92.84528284244975,48.457858126181705,51.0,78.0,155.0,1.8079729598045013,3.1954030526186976,120.90869860485716,66.96730155709844,32.0,118.0,214.0,0.12346643739754691,-1.03600019228766,101.24239708668586,62.56496716487997,15.0,99.0,188.0,0.15084535769244434,-1.011669321947961,141.249834403681,4.549027238038854,134.0,142.0,146.0,-0.8779086849756237,0.14379225383168404,133.6799045299082,1.742812014083433,131.0,134.0,135.0,-0.9314636617445384,1.2781454394351988,97.86876946925518,60.44144928920348,19.0,93.0,184.0,0.26988828841230544,-0.9229131490116389,123.07767771462316,1.5679512055749856,122.0,123.0,126.0,0.9633840012569375,0.45380278282993247,148.19874560173224,7.113829310417761,138.0,150.0,156.0,-0.6377122026866124,-0.510408200341002
6.75.jpg,6,7,5,59.60417164931965,39.38359322469787,12.0,54.0,114.0,0.5965307860690274,-0.20190072179582375,43.22951403754829,32.61079686855733,5.0,37.0,89.0,0.747683166019127,0.1460997252705254,26.48964149504195,25.223331161114128,0.0,20.0,62.0,1.123411513591586,1.2434166125838138,15.387774414999631,12.634260742681313,11.0,15.0,17.0,10.032592310644002,113.29916008678748,166.4666917644743,50.923456320390976,111.0,156.0,255.0,0.31423558752378067,-0.43159926949211336,59.61104992495263,39.37347685812293,12.0,54.0,114.0,0.5976011303290334,-0.20166916066947493,48.14167220294776,37.68439855811122,5.0,42.0,101.0,0.6544664415932681,-0.2633925757976594,132.697575847051,2.4196509541062885,130.0,133.0,136.0,-0.2275403339876943,-0.5794708777100341,140.3991245294161,6.870716858531819,130.0,142.0,149.0,-0.2984361160148274,-1.1906380764640168,46.2165857139342,33.713044059185215,7.0,40.0,93.0,0.729859171973501,0.09284362759256126,118.39102433503112,5.058728567782159,112.0,118.0,126.0,0.15489246195474665,-0.9292083419811279,139.7473452917005,5.517823927799299,132.0,140.0,146.0,0.009075682444856832,-0.8365575233167655
7.3.jpg,7,3,-1,99.15575847051008,45.581355152324434,43.0,94.0,164.0,0.4438176270792818,-0.4476949262661276,71.38609729091311,34.55242480360599,30.0,67.0,120.0,0.49890677898082225,-0.3018192655009502,35.856805688836396,23.71868207418988,10.0,31.0,69.0,0.9167079742179668,0.8192753437460052,16.954171403262716,1.5476446426466952,15.0,17.0,19.0,17.04649203192158,1771.9799973427973,169.25559065967866,28.45988594842387,138.0,165.0,207.0,0.8811116291781489,1.0750267086682221,99.15578701311483,45.58129890274612,43.0,94.0,164.0,0.4438247206639932,-0.44770285468193505,81.64552299402082,39.80969279472208,32.0,78.0,137.0,0.3398205826232601,-0.5348693617460296,135.42159248049998,3.498188094043416,131.0,135.0,140.0,0.3794972911321255,-0.32726281941614443,152.97281070839793,8.677597320362835,141.0,154.0,164.0,-0.3923724984140615,-0.5414340845674874,75.64665682438917,36.42527498612854,32.0,71.0,127.0,0.5123497426310789,-0.30410001099553163,108.40006495903152,7.595547408854687,98.0,108.0,119.0,0.0723874837346787,-0.8936546701233494,148.62581186486554,8.759032062512231,138.0,147.0,161.0,0.28710690742100775,-0.6965032467853196
10.32.jpg,10,3,2,231.9950018382031,23.939939538071492,198.0,238.0,255.0,-1.1847483096058045,1.0901449049280378,194.49773142393633,34.95647740284063,147.0,198.0,238.0,-0.4991276000411179,-0.28025502240132383,164.85567868598628,44.59703409921096,104.0,168.0,222.0,-0.3579149571637414,-0.44327246201969883,13.550787412296314,3.3417973540382917,12.0,13.0,15.0,29.423272491392474,1299.2472638761803,76.93169032988452,34.6205534317766,32.0,76.0,123.0,0.3276959810651689,-0.11956681812035219,231.99529361647498,23.94018843279076,198.0,238.0,255.0,-1.184721077170079,1.0900636190924198,206.7990129141063,29.952572068027724,166.0,211.0,243.0,-0.6786991715085483,0.022999077161739656,137.49886206473977,4.477074579614117,131.0,138.0,143.0,-0.44344347177818977,-0.6214651240903555,148.2686329604407,7.907043147126029,137.0,149.0,159.0,-0.049528687156844844,-0.5661099285559983,202.33840152191547,32.46985665405187,157.0,207.0,241.0,-0.6495382382813175,-0.08461641496881711,109.53296754063985,6.668834665527043,101.0,109.0,119.0,0.30794928812555167,-0.5431875204321508,154.03187191322903,9.544615580981084,139.0,156.0,165.0,-0.6629823046290052,-0.4852070632101859
10.26.jpg,10,2,6,203.79663341882778,29.028838601807813,164.0,206.0,239.0,-0.5032666219726111,-0.11253069602810228,162.59916547924385,40.710813761767476,108.0,164.0,215.0,-0.1988865401464822,-0.5687587334111077,184.04774769639974,38.52320357707026,130.0,188.0,231.0,-0.5412525620441783,-0.1264901313357556,163.35839507931985,4.062622081203323,159.0,163.0,169.0,-1.1829967297608632,41.548572840018096,54.834032962857414,25.08020766628688,24.0,53.0,89.0,0.4268561305447677,-0.2724700853498718,203.7998912320699,29.033277711519506,164.0,206.0,239.0,-0.5027249047394331,-0.11281741170900439,181.02793673411227,35.2913990294123,133.0,183.0,225.0,-0.35123495107503894,-0.3862989743734646,146.9125976061556,6.228330439491751,138.0,148.0,155.0,-0.4100646801401393,-0.7358490138919835,122.93495487793294,2.419890064790899,120.0,123.0,125.0,1.714791695402311,4.613149557949521,177.3727310724803,36.812124984192074,127.0,179.0,224.0,-0.3124104092799856,-0.4401298217978966,130.9406825306355,1.6838482225863662,129.0,131.0,133.0,-1.5631974990471182,4.063868695756772,151.19583642063265,8.102102899176222,140.0,152.0,161.0,-0.28680594172798946,-0.7215371984690955
6.61.jpg,6,6,1,85.49004890203837,49.50127208961966,23.0,82.0,154.0,0.38150863716790206,-0.60409125526335,23.836012830463208,18.080708142114286,2.0,22.0,47.0,1.0712696737542815,1.8198290099110048,36.45286467907308,26.928038540872436,4.0,33.0,73.0,0.7176079438398719,0.23727573456281004,140.36777484054318,68.52777214334722,1.0,173.0,178.0,-1.529730781529421,0.3533410017915659,189.08244340960417,33.949575748815825,150.0,185.0,244.0,0.1301163199510206,0.6723856547574534,85.49286504865889,49.496514567737016,23.0,82.0,154.0,0.3819352828745269,-0.6043552432668,48.329495962761314,32.728188919939825,7.0,47.0,92.0,0.46338345627984034,-0.4142510044429768,155.54330232702898,15.144975366588763,134.0,156.0,176.0,0.011946767658817229,-1.0641433269919647,135.1892308530235,3.9744504972019707,130.0,135.0,140.0,0.3693229985196636,-0.06105718901575541,43.715288597888694,27.39359333380051,10.0,42.0,80.0,0.6516707030510623,0.24841861238284357,124.6711663739158,2.32026173638722,122.0,125.0,127.0,-0.2763747457363524,1.2284856751617932,164.6392258927929,20.828012437760055,139.0,162.0,195.0,0.27085115157552975,-0.9963993673127964
8.64.jpg,8,6,4,215.86779186094236,39.77503077912572,158.0,228.0,255.0,-0.9813339972587077,0.2813174361344366,52.602361167035276,36.279039387111055,3.0,52.0,101.0,0.18592016123136176,-0.9659811327125216,41.33844674754761,18.766040074966813,15.0,43.0,64.0,-0.20692046223347207,-0.48016851174598685,56.3218834676486,80.17668085139815,1.0,5.0,178.0,0.8498548034444496,-1.2736954899904689,214.20916222677397,21.949896815332814,190.0,208.0,252.0,0.49019685697151705,-0.6951705371458661,215.86779186094236,39.77503077912572,158.0,228.0,255.0,-0.9813339972587077,0.2813174361344366,125.08107448321205,29.765391475708917,83.0,130.0,159.0,-0.5468321484806372,-0.4238997363546768,188.23927568961795,6.634127571736026,179.0,190.0,195.0,-1.30163852260286,1.8809172092068227,173.92077587732862,7.032022100618884,165.0,175.0,181.0,-1.075130765671726,2.084435535796783,100.13100260849775,34.27709431482364,51.0,104.0,142.0,-0.22029288932112137,-1.035036649625945,99.08146400720497,9.290874570520984,88.0,98.0,112.0,0.10739840950984221,-0.5753074327982435,229.50968995640832,10.966519700733967,216.0,232.0,240.0,-1.7500781618398433,4.8249276422585075
4.64.jpg,4,6,4,90.70885926366836,45.51101660526628,38.0,81.0,161.0,0.47736793943126155,-0.8535046399720994,12.527599793031946,15.497095366512184,0.0,7.0,34.0,1.9003117009831731,3.618237912660323,6.432741217960314,8.822025786963206,0.0,3.0,19.0,1.9179770965585345,5.9969624338432315,14.691951685408558,45.76247325781174,0.0,2.0,7.0,3.2947946111909476,8.881268509530827,241.1341615945877,15.939937055837778,218.0,246.0,255.0,-1.1874034809640002,1.3187901579469905,90.7088607225597,45.51101383108826,38.0,81.0,161.0,0.47736827831033585,-0.8535050595798879,45.065016466020474,29.943804109196403,10.0,38.0,90.0,0.5716236444800545,-0.6922422937100028,160.82264646782951,12.678043843161568,143.0,160.0,178.0,-0.05153388947384326,-0.7531133382256763,150.9718502049256,13.415986466626814,134.0,150.0,170.0,0.2433373045445982,-1.1085193778348381,35.19659241882242,22.16040208911538,12.0,29.0,69.0,1.015671474666239,0.4295079053991806,113.89989719678888,7.999826303064314,103.0,116.0,123.0,-0.88633594232589,0.41856731585005447,176.685253428881,22.030249334817597,150.0,172.0,210.0,0.32834984122890454,-1.0151747516514824
1.5.jpg,1,5,-1,17.225785782830147,14.184941989860341,2.0,14.0,37.0,1.099870092017117,1.3775148051167143,16.02590536650181,13.624918828678016,1.0,13.0,35.0,1.101621429929113,1.3642284483390767,14.837212667011146,13.079205372465921,1.0,12.0,33.0,1.1987882486516885,1.6949512592977012,32.26018405058931,49.66895679890985,0.0,20.0,165.0,2.1995881977751486,3.1325425262582147,50.84912231490367,56.01451847066815,0.0,36.0,109.0,2.1279288288738076,4.797532210710178,17.22891021382348,14.182139621052668,2.0,14.0,37.0,1.1004846216345778,1.3792260171382376,14.315335252577446,14.495927761503237,1.0,9.0,35.0,1.5166801034508086,2.596921328663794,128.3088580497527,0.7419295218685653,128.0,128.0,130.0,1.7390147452214784,2.2585351500079955,128.95568317708717,0.9899351004373371,128.0,129.0,130.0,-0.2524668837080383,-0.7326701374587721,16.248809330479073,13.69604747243895,2.0,13.0,35.0,1.11699876967144,1.4256019316338744,127.29848035235354,0.5432476756684733,127.0,127.0,128.0,0.07864757860319556,-0.5494894261502674,128.97694790974631,0.8152706960784731,128.0,129.0,131.0,1.262171268677243,1.8105966683201524
4.58.jpg,4,5,8,50.867204547132204,32.23837939092197,12.0,46.0,95.0,0.637627615804542,-0.0011116607556038716,38.14168844270564,27.131222518112892,7.0,34.0,75.0,0.7590459740856579,0.2875501715414428,35.093603503850794,26.50260445859381,4.0,31.0,72.0,0.8072836966018914,0.3985739376034392,7.8611540070372286,16.77438060982619,2.0,5.0,11.0,9.179892978434168,86.56647991609026,100.7594872173421,49.99209652466148,58.0,85.0,170.0,1.655945795540267,2.466104500186079,50.868767500799684,32.236004967862975,12.0,46.0,95.0,0.6379595841554946,-0.0010363169424936203,42.098766270515,31.962387206120862,6.0,37.0,87.0,0.6947078362188386,-0.10145712202416801,133.0871312221648,2.689371610285019,130.0,133.0,136.0,-0.21185675586273156,-0.6282216018615392,131.93337663935435,1.816140652322533,130.0,132.0,134.0,-0.0962683388668997,-0.7272636261037095,41.6043192834822,28.562277243790835,8.0,37.0,81.0,0.7239848357663813,0.19767162993994303,125.12683890652296,1.2502001827288614,124.0,125.0,126.0,-0.14501548065305442,-0.170311744352726,136.15032996235328,3.638883908208531,132.0,137.0,141.0,0.16790331497790084,-0.544581339303337
9.24.jpg,9,2,4,178.98937874038188,40.21691498629893,124.0,180.0,232.0,-0.15087295848070742,-0.6594890486647977,151.9186406383585,43.15235940451083,94.0,152.0,210.0,0.005051243112048457,-0.656575574095636,155.50332430891993,44.78108707729038,95.0,157.0,214.0,-0.1183768804972917,-0.6415723584458499,147.60657974731643,62.91932093727286,2.0,174.0,178.0,-1.8856671054320149,1.5634587943895157,42.4239360691555,16.204339445415744,24.0,40.0,63.0,0.810784132456349,1.2171517683303863,178.9893825401349,40.21692151833295,124.0,180.0,232.0,-0.15087232844358564,-0.6594885761215905,165.6330336278142,41.0605248763067,110.0,167.0,219.0,-0.14080281740636888,-0.6173910189847298,138.7974959627624,1.9864906619350629,136.0,139.0,141.0,-1.476648431426693,2.873952031457385,129.91843117697348,1.9857651944559926,128.0,129.0,133.0,1.2539462312575784,1.1937369749963063,160.4538216015959,42.45766502354033,103.0,161.0,217.0,-0.05568545694917385,-0.6669325068058236,125.73232734872234,1.3034591897006214,124.0,126.0,127.0,-1.3071449410858798,1.8543095822997318,144.24016813907096,2.709257723195732,140.0,146.0,146.0,-1.7827160758319485,3.741814831496744
7.21.jpg,7,2,1,107.71262952523784,47.4618235692853,49.0,103.0,175.0,0.3447121475679191,-0.6155382272267413,85.79622351382737,40.212764596684345,37.0,81.0,143.0,0.43031426587476906,-0.44048727316520875,82.57362392504022,38.776041918096574,36.0,77.0,138.0,0.4729573671517376,-0.36637122924978716,12.664579479428658,38.10198427382431,1.0,4.0,7.0,4.031192275006136,14.315606219532793,62.35620388687562,14.79175652591577,48.0,60.0,78.0,2.7100122727936498,18.447645901069148,107.71293881020601,47.46120950476222,49.0,103.0,175.0,0.34478333286434315,-0.615630094418401,96.69450085491033,44.3047312065475,40.0,93.0,158.0,0.2585379023694948,-0.6248637083461546,136.42524835193908,2.6899221573540033,133.0,136.0,140.0,-0.11791605766857152,-0.5790638791135589,133.22128512767245,2.186032772314172,130.0,134.0,136.0,-0.26895787846145713,-0.5907631553275117,91.99997373995554,42.153751683895216,40.0,87.0,152.0,0.40642202904758934,-0.4977370089200477,123.53724306491678,2.1501331202665086,121.0,124.0,126.0,-0.09375624250655909,-1.0573613896734189,141.7731905370471,5.219090862393411,135.0,141.0,149.0,0.047008932931299985,-0.9341196402679111
7.35.jpg,7,3,5,102.03823281907434,46.342926634715994,45.0,97.0,168.0,0.4213096336741647,-0.487038167293528,70.92707167638592,34.43522030224071,29.0,66.0,120.0,0.4962972984511074,-0.30549800253364623,39.30049851135553,24.910061623703474,12.0,34.0,74.0,0.861562554714542,0.6493449348016327,15.217980856770257,1.7132495276592574,14.0,15.0,17.0,36.944808274993946,3441.3253007271296,163.05847100218992,27.715795267412705,133.0,159.0,198.0,0.9900758427093875,1.5298181148898342,102.03824856671834,46.34289434005936,45.0,97.0,168.0,0.4213137906576412,-0.48704352525653327,82.36706478679166,39.97263538627251,32.0,79.0,138.0,0.3295174498953641,-0.549612909744928,137.37589183337025,3.904533435179658,133.0,137.0,143.0,0.2819262663884481,-0.47209489317804865,151.50439506901898,8.05719433643643,140.0,152.0,161.0,-0.4097108939205936,-0.518209021526951,76.63579242636746,36.73512316647213,32.0,72.0,129.0,0.49843874086434936,-0.3307375053215402,109.61181959105338,7.07846925600615,100.0,110.0,119.0,0.08323881788691276,-0.892452956466327,150.28491326492951,9.180735588727662,139.0,150.0,164.0,0.23856417165289498,-0.7451249757657874
9.18.jpg,9,1,8,147.90170038650896,41.48568348508474,95.0,146.0,205.0,0.16995388229778105,-0.6762138265076061,127.9204947975934,41.20965441603627,76.0,125.0,185.0,0.24653110553458857,-0.5708116215127803,108.97330034293672,42.803564381300674,55.0,105.0,169.0,0.2921715840220843,-0.5171794440466115,14.544624568897603,1.3827261573311205,13.0,14.0,16.0,0.08081421579929471,0.5388981439946394,73.7224211177442,24.885516096772218,45.0,71.0,106.0,0.8751707136716482,1.1722009631643138,147.90170233169744,41.485687299358794,95.0,146.0,205.0,0.1699542357196536,-0.6762132981040012,138.8532797822945,41.10443697578952,86.0,137.0,195.0,0.12170387405077115,-0.6285986919134667,132.71233726066887,0.8239968941573467,132.0,133.0,134.0,-0.44352701492989205,1.8032807751921158,141.311591475406,1.9642081223941588,138.0,142.0,143.0,-0.868251464208319,1.2106762582612287,131.69787721581284,41.44253837545542,79.0,129.0,189.0,0.22845521104718006,-0.5998306181906128,117.11250678384482,1.0726783540351832,116.0,117.0,119.0,1.5106171661473986,4.357572723975557,142.21790584898724,1.3712431419184254,141.0,143.0,143.0,-1.3752923416071452,4.8937187660971935
11.8.jpg,11,8,-1,188.7359936703567,36.52937452429051,141.0,187.0,240.0,0.006373732380632735,-0.8960863873024585,158.76960117800616,39.26223828925053,110.0,155.0,215.0,0.23979306838239803,-0.6733641557106496,149.67439101011692,39.245865144024364,101.0,145.0,205.0,0.27778450761207346,-0.5351056212902945,7.148635742060227,4.702642010290254,5.0,6.0,9.0,28.441317874309977,983.012479884589,55.4533057505607,15.198589019852568,36.0,57.0,72.0,-0.3409853873271311,1.1348214663098926,188.73616630583422,36.529657456204134,141.0,187.0,240.0,0.006397887846325422,-0.8960659487924616,172.2773454596383,36.708539233479684,125.0,170.0,224.0,0.10316154772749844,-0.7417446997876804,137.73505463061844,2.256624387551913,135.0,138.0,140.0,-1.827788586657299,3.8097563862543113,136.98073096292666,1.6183631430584544,135.0,137.0,138.0,-1.7056875852528086,4.736221830111242,166.70904357027675,38.358098754016744,118.0,163.0,221.0,0.16842481748063684,-0.7506159876831853,119.62041008463515,1.3335971369033204,119.0,119.0,121.0,2.504877343077549,8.343975765731829,147.24246482612932,3.4437921675147116,143.0,149.0,150.0,-2.352547000971462,6.712770514886893
7.23.jpg,7,2,3,79.53007844945137,38.587468072065874,34.0,74.0,133.0,0.6075317309457782,-0.05748132807305684,57.01073646781005,29.67144961672635,23.0,52.0,98.0,0.7096718553216096,0.24862073869835566,44.01875064434368,25.362678033321405,16.0,39.0,79.0,0.8846280182016193,0.8043725488373776,11.111682023929708,4.086384972604907,9.0,11.0,13.0,32.627472958751056,1275.8860767846506,118.99279502187365,24.75135869651716,94.0,115.0,148.0,1.5763403799031672,4.8892195806506145,79.53011492173535,38.58740044395077,34.0,74.0,133.0,0.6075418660336597,-0.057487300325429924,65.44601275265566,35.19913568783805,21.0,61.0,114.0,0.5277959820473688,-0.19697219190659965,135.90437793845035,3.3149069775425604,132.0,136.0,140.0,0.26522413579029114,-0.3211222240639833,139.7151091542515,4.539479293312695,133.0,140.0,145.0,-0.19632697270383845,-0.60849726746335,62.26214624316023,31.75289395340437,25.0,57.0,106.0,0.6904954357623883,0.17360240249951087,119.16022274353273,3.8311524068688225,114.0,119.0,124.0,-0.13627308021699433,-0.6370722072232069,143.1439809060299,6.623764897431121,135.0,143.0,153.0,0.38634103190262586,-0.524622994916903
7.37.jpg,7,3,7,100.45530917054207,46.0892823470764,44.0,95.0,166.0,0.4329970119486246,-0.4686550684410582,74.45515120198814,35.58977372645332,31.0,70.0,125.0,0.4731128245030548,-0.35058346715371513,35.08127457493664,23.71674570964269,9.0,30.0,69.0,0.9199698250463538,0.8201568937822405,18.22764449693659,1.5910795704938872,17.0,18.0,20.0,16.184764514957514,1591.524854955425,172.70633842671194,29.117668021488313,141.0,168.0,212.0,0.809458620957964,0.7888913578699834,100.45534853965208,46.08920442944366,44.0,95.0,166.0,0.43300675792896287,-0.46866645953785424,84.21382987623336,40.55167374738036,33.0,81.0,141.0,0.3194218135342406,-0.5592088525624423,134.1076956767796,3.222129089697631,130.0,134.0,139.0,0.4433933703445975,-0.24818327846470245,154.59568366920107,9.102098538302624,142.0,156.0,166.0,-0.4064811240510694,-0.5225030063756368,77.75022563421176,37.17982033168576,33.0,73.0,130.0,0.49367625024404593,-0.34089116904550254,106.98363426096799,8.03513647024808,97.0,107.0,118.0,0.09840467650835373,-0.8948668491445448,147.91973327427968,8.53717743437592,137.0,147.0,160.0,0.2967047332024169,-0.6946976907438396
9.32.jpg,9,3,2,217.4607358842535,33.0147083799316,170.0,224.0,255.0,-0.7992115348252441,-0.07987136534960948,165.927493585741,39.00941592206138,113.0,167.0,216.0,-0.20599587235910352,-0.5615507470659273,114.49115863206565,45.33754449719415,55.0,114.0,174.0,0.037198100542307884,-0.6475976080394523,15.125622217164732,1.4131067066652387,14.0,15.0,16.0,3.3617606412049263,17.07798278714493,125.9410739191074,36.853633577702624,79.0,126.0,173.0,0.053528450029883656,-0.13381355477139856,217.4607402609276,33.01471293661691,170.0,224.0,255.0,-0.7992111694321719,-0.07987195075034847,182.72591953922375,35.13113317525726,134.0,186.0,226.0,-0.4215497692889489,-0.42732713088054286,141.22024445183615,4.282692098468538,135.0,143.0,145.0,-1.4331769431905765,1.7736121421576208,162.14806239775604,6.429412990854093,153.0,164.0,169.0,-1.025582772888899,0.5673455557058342,175.47688435270936,37.665944484125,123.0,178.0,222.0,-0.3566902945245759,-0.5457533834938686,97.96244473233234,4.7708138047249395,94.0,97.0,105.0,1.4422620216070592,2.0470581961232286,164.72683231891753,7.192696857427968,154.0,167.0,170.0,-1.8721467396188956,3.4684798025467076
3.5.jpg,3,5,-1,41.96935902167762,27.431128422117972,10.0,38.0,80.0,0.7294114711829146,0.24525581162823062,33.59865800546246,24.153411347318883,6.0,29.0,67.0,0.8229770768132618,0.4824220574724931,30.603177087177972,23.56708484617498,4.0,26.0,63.0,0.8651650577048168,0.5697602644313018,9.677818951305332,14.679369122161072,5.0,8.0,13.0,9.760025852703972,101.74198794030843,92.04330208410227,51.86152514903695,49.0,75.0,159.0,1.7145280744122142,2.67512561032742,41.970549937255484,27.429402769853404,10.0,38.0,80.0,0.7296943576975998,0.24540734543495013,35.70213823478753,28.20046290791079,5.0,30.0,76.0,0.8122333389910921,0.16589004283182085,131.13622597869147,1.9225044407585625,128.0,131.0,134.0,-0.1113094323949443,-0.6472403929372774,131.14106001328707,1.4062218577649002,129.0,131.0,133.0,0.05273621314244341,-0.06140350308821052,35.76668339853842,25.07519344221685,7.0,31.0,70.0,0.795127689266813,0.39904884675107244,125.74676066041683,0.889542741105969,125.0,126.0,127.0,-0.050953465800402296,0.8382714536818772,133.53898526118945,2.401335111651663,131.0,133.0,137.0,0.29322647110379735,-0.1226512683005403
9.26.jpg,9,2,6,182.13243611665243,37.54142177471803,131.0,184.0,231.0,-0.19305632753274327,-0.5878143631898438,132.1684663246889,43.55496125443628,76.0,130.0,191.0,0.15514976581445455,-0.6382095502957794,168.30340932839366,43.307923968803,109.0,171.0,224.0,-0.20799790843467975,-0.5775916740939495,157.9078350907191,3.2870788566265854,154.0,158.0,163.0,0.4783398401529527,1.0049096340466885,74.95387859789113,25.11972357918525,43.0,75.0,107.0,0.1280082454913883,-0.40403473539645063,182.137632753871,37.549320328723226,131.0,184.0,231.0,-0.19234643428471632,-0.5875465555157451,155.13247933884298,40.39431728012648,101.0,156.0,209.0,-0.049095104537834694,-0.6316673394387897,153.25582549634274,4.46881553838217,147.0,155.0,158.0,-1.3204000169449763,1.8058280304469836,116.60517336373135,2.421214663415669,114.0,116.0,120.0,1.4661543039462415,2.647417770721278,151.2643350432222,41.60817717338359,96.0,151.0,207.0,0.01462016095999842,-0.6538775332618947,136.25373563218392,1.86417450487263,134.0,137.0,138.0,-1.7239294042880344,3.0183985535120774,155.19612805167665,5.022566877152497,147.0,156.0,160.0,-1.3189483811607223,1.6561953946065584
4.72.jpg,4,7,2,35.32603085553997,28.10504828000338,3.0,31.0,74.0,0.8243522974089442,0.4697623695041728,29.505015624615535,25.88305913847444,0.0,24.0,66.0,0.9384384270725097,0.7593409177453814,22.170864398021703,22.492800879363127,0.0,16.0,54.0,1.2239537651285934,1.6788775500854598,18.11536871632096,21.081259118095296,0.0,16.0,21.0,5.686290394084578,35.157106631863165,131.19553062178588,71.63039810261303,60.0,111.0,255.0,0.5206851055927396,-0.7240059575735827,35.34779016264363,28.079039250235603,3.0,31.0,74.0,0.8276555277737513,0.4747196549369965,30.58676459732782,29.046663258581727,1.0,23.0,72.0,0.986754938201678,0.571754690490164,129.17908220762286,1.1030069042662838,128.0,129.0,130.0,0.21333321375055292,-0.2817235376625695,133.19217194458798,3.4203109139985926,128.0,134.0,137.0,-0.16411887043949216,-1.323121634624879,30.390097684604218,26.163317343238347,1.0,25.0,67.0,0.9342166005447561,0.7459909645437128,124.13301247508673,2.4274571219898644,121.0,124.0,128.0,0.18141087385484228,-1.0628459303220976,132.3881730272385,2.0584169568578963,129.0,133.0,135.0,-0.4580536064730251,-0.10563350904975666
4.66.jpg,4,6,6,69.52127695788083,40.785202598216735,19.0,65.0,126.0,0.4530876753123073,-0.489342429612341,19.966852043128718,16.925332047889036,1.0,17.0,43.0,1.1523643082516752,1.726013663492548,21.652892300749482,18.705834913442875,1.0,18.0,48.0,1.0515415365698506,1.1918252210627571,98.85491957618234,87.93179323598893,0.0,177.0,179.0,-0.2091615858827797,-1.9538221012569719,194.52828644456505,33.29763104142014,157.0,189.0,255.0,0.057948024329199405,1.1865830874979908,69.52365495079646,40.781240151857276,19.0,65.0,126.0,0.45353072156135876,-0.4895525570503523,37.62000791691711,28.18564818702863,5.0,33.0,77.0,0.6574814173449357,-0.21198059595529628,150.24033970771598,11.736427826275044,132.0,151.0,165.0,-0.1535630267759456,-1.064190351246695,138.40534469712443,6.052602147940928,130.0,139.0,146.0,0.026992702478280776,-1.1124998378204058,34.97792794632836,23.74962471841113,8.0,31.0,68.0,0.7911288925553437,0.36768676577545856,121.61041132955577,3.133059268580863,118.0,121.0,126.0,-0.02039376057271212,-0.7384055348934124,158.29355228374854,15.917898648937106,138.0,158.0,181.0,0.16483667650419107,-0.9602634737931908
6.88.jpg,6,8,8,59.31140619620338,39.40302610302431,13.0,53.0,114.0,0.6306515277199917,-0.12462513748590887,35.094281340390474,27.90375752648632,3.0,30.0,74.0,0.8889111325854563,0.6194464130776436,28.712951940228248,26.20367254466746,0.0,22.0,66.0,1.0595580232429662,1.0496036381795397,8.364740346515875,17.10873754573976,4.0,6.0,10.0,8.70115091405245,77.53995315245315,156.5739852438002,50.87285211922876,103.0,144.0,255.0,0.5286917058366438,-0.25679064226240955,59.318114664970466,39.393205595963394,13.0,53.0,114.0,0.6317079963461064,-0.12432817260817908,42.408297979532726,34.445486266225615,3.0,36.0,91.0,0.7560417887764233,-0.014689318302131937,137.88300566633404,5.524487940466532,130.0,138.0,145.0,-0.06094726558874537,-1.036689939867167,136.08866023198317,4.2523229776033284,130.0,137.0,141.0,-0.3675731797737439,-1.0691164385375858,41.60203145758808,31.02970819366214,6.0,36.0,85.0,0.8097894506992299,0.34394573838895415,121.79131142662068,2.986447556968,119.0,121.0,126.0,0.38472675064550615,-0.8070484303602989,143.54726224447518,8.029038978100047,133.0,143.0,153.0,0.16138471655963232,-0.8392336746369895
8.66.jpg,8,6,6,208.60897286267553,45.570274546998384,141.0,222.0,255.0,-0.8345037116209872,-0.1846207986979569,51.15724222848573,47.16352888059544,0.0,42.0,121.0,0.6514508310457073,-0.5622638520075811,84.65767406032808,40.05726023038098,37.0,80.0,141.0,0.454763169305199,-0.5436706279328383,173.60695278444004,3.3665900894015195,172.0,174.0,176.0,-39.63920470033518,2041.7234110408035,200.94392313393206,46.88348692411781,133.0,207.0,255.0,-0.5617380060959811,-0.6296624197023841,208.60897286267553,45.570274546998384,141.0,222.0,255.0,-0.8345037116209872,-0.1846207986979569,123.80523265426804,37.262028815437965,74.0,126.0,171.0,-0.1520123507355841,-0.6669474149431025,187.60201492348602,9.402185451067425,174.0,190.0,197.0,-1.0868363958872558,0.9780124986729164,149.02419522689652,5.910165231210535,141.0,150.0,156.0,-0.5269051680939981,0.13620814919927637,102.04462845927456,44.185476333594295,47.0,100.0,163.0,0.2169327677925255,-1.0228612048753114,119.62627580049369,3.516638788970222,115.0,119.0,125.0,0.3088248171593092,-1.0350296171960442,221.47454623615755,16.310120505941388,198.0,226.0,239.0,-1.0677768625717936,0.7790702526809348
8.72.jpg,8,7,2,137.3203107827633,43.39768592358049,83.0,133.0,199.0,0.3588481304427584,-0.5118169193461695,116.62570440137797,40.748371301964696,67.0,112.0,174.0,0.4297887492243171,-0.3038787733463679,77.44199107547526,39.055427968833264,32.0,72.0,133.0,0.6388128260724585,0.07178180363642106,19.618407999393103,1.0276200303834304,18.0,20.0,21.0,-0.11666117376033497,0.6285097572184517,120.18465090674961,30.665699173118295,84.0,117.0,159.0,0.7545317073861134,1.2411139934782298,137.3203107827633,43.39768592358049,83.0,133.0,199.0,0.3588481304427584,-0.5118169193461695,126.72262584883163,41.4392907343341,75.0,124.0,184.0,0.2902511441618728,-0.4549266607054885,130.46852830930052,1.1300239423898821,129.0,130.0,132.0,0.21155295491814646,0.3854556349988081,152.69938570947832,1.9557380402069133,150.0,153.0,155.0,-0.6748573026243718,1.65626962523426,118.3504913546098,41.30079525871224,68.0,114.0,177.0,0.4303416101952923,-0.34040777454296967,107.84491887591449,2.171877096284146,105.0,108.0,111.0,0.2259271405130629,-0.8469441891225395,144.60359344393675,2.5289787512080206,141.0,146.0,147.0,-0.16338226454972726,-0.6919234919872981
10.18.jpg,10,1,8,175.47787785772502,36.286752677867675,127.0,176.0,223.0,-0.1550397438954228,-0.6511170393324828,153.04894969548076,41.04347142079945,100.0,152.0,208.0,0.02113220469245528,-0.6345894904599705,136.44873309874362,46.88465179265487,75.0,135.0,199.0,0.014360902383612888,-0.6029622062196776,13.2058972279119,9.384472055540915,10.0,12.0,15.0,13.180549793964959,194.8096649405984,62.90959785173384,31.96076288488051,25.0,59.0,105.0,0.7500560110487269,0.7675542453579012,175.49482774383424,36.31398455338557,127.0,176.0,223.0,-0.1523634749362728,-0.6493963440350696,164.4983388090389,38.816809509440844,113.0,165.0,216.0,-0.11112001596868899,-0.6023773342486356,133.8944905454114,2.0207117604772704,131.0,134.0,136.0,-0.969041630572159,0.8566512187972011,140.07971917313927,4.9425806026206995,134.0,140.0,147.0,0.048380287180514944,-0.17630749953551073,157.87990649478982,40.18623846673882,105.0,157.0,212.0,-0.031161932526178375,-0.6455763422788272,117.58128553616203,3.7998813237372073,112.0,118.0,123.0,0.2994688867884025,-0.006425146844664997,143.41952609373087,4.466077894244865,137.0,146.0,147.0,-1.324788568393357,1.5258406826656241
7.1.jpg,7,1,-1,64.14893235894786,33.93416386014629,25.0,59.0,111.0,0.7093028162722577,0.19732580908701003,57.01583081124972,29.5999985015351,22.0,53.0,98.0,0.6985145012899042,0.239442215373336,52.682080165350264,27.87695248752459,21.0,48.0,91.0,0.7623029163397963,0.43918110170925706,17.75544942299648,27.880344148931428,7.0,13.0,20.0,4.892147443303295,22.890552784690943,45.21218326320711,18.117118909426093,26.0,44.0,64.0,1.8874501430775226,14.102946300648995,64.154718141778,33.92592767896889,25.0,59.0,111.0,0.7103854507057937,0.19777490643415874,61.445038261853796,34.241379960811535,19.0,58.0,109.0,0.5523888567860159,-0.15130808836558396,130.19807927954528,1.853656858917124,128.0,130.0,133.0,0.6637516358700521,0.3619092936955677,131.7439826775916,2.063413561025956,129.0,131.0,135.0,0.08628757968072018,-0.23524670210173104,58.65033783617529,30.665395348577967,23.0,54.0,101.0,0.7104178730235691,0.24263361463302102,125.29063802563913,1.631409184317323,123.0,126.0,127.0,-0.7545359381516021,0.3852007811876619,132.9454836249108,3.233344660250434,129.0,132.0,138.0,0.8194376837339775,0.5008301597044098
6.77.jpg,6,7,7,54.455370684776454,37.14687107701332,11.0,48.0,106.0,0.6873992447247962,0.02615962253164472,47.714897763342435,34.89527393302227,6.0,42.0,96.0,0.6917197215406523,0.008304125458706846,25.821982234689106,24.98937332451278,0.0,19.0,61.0,1.1608910235876355,1.3779249790482986,22.539585148003248,12.2795627720866,16.0,23.0,25.0,8.713283566589766,97.10699261924461,161.5874387933368,54.077726324473865,102.0,149.0,255.0,0.3762117556738019,-0.6063986113077635,54.4618734775227,37.13772885594882,11.0,48.0,106.0,0.6884259269205616,0.026686464435530688,49.99429787652863,38.78779859713055,5.0,44.0,104.0,0.6394494415250402,-0.2846428310338167,127.31410201520632,1.3809041899449994,125.0,127.0,129.0,0.11508451091289046,-0.07833024739076189,141.6005546123373,7.588550115111696,130.0,143.0,151.0,-0.2908791385543723,-1.170421979324344,47.191025811372754,34.38455461964252,7.0,41.0,95.0,0.732181937035306,0.10493600958676508,117.57700499495583,5.552827063278217,111.0,118.0,126.0,0.13904570961279708,-0.934537538352251,134.41999507886126,2.7550067412106167,131.0,134.0,138.0,0.31035740142198304,-0.10215267514532878
6.63.jpg,6,6,3,135.38422578580753,49.5615389345984,73.0,130.0,208.0,0.13051224748524862,-1.0485142633903433,39.264509647162264,26.86891444263136,4.0,36.0,78.0,0.4027577852071682,-0.7367982154913566,4.940515163716788,7.2321206353266145,0.0,1.0,15.0,2.1616855867773097,9.324240035406362,8.173605153971394,15.16921516784533,2.0,8.0,11.0,10.601322281967908,116.21382219854353,246.4406775869548,11.816800586938484,230.0,252.0,255.0,-1.7236527536232498,3.658773258154495,135.38422578580753,49.5615389345984,73.0,130.0,208.0,0.13051224748524862,-1.0485142633903433,78.31670148554043,35.32605722260282,33.0,75.0,129.0,0.11576101145070532,-0.999129350939763,167.0522219887996,7.88239899984494,158.0,166.0,178.0,-0.21534013632908905,0.0610988990198682,167.24506213904596,14.650546036776472,147.0,168.0,187.0,-0.2053855102808736,-0.8426091689538469,64.08360225564056,30.64843026746682,25.0,60.0,109.0,0.2683140096028058,-0.9528034391025004,98.89224725679794,13.806587607790865,79.0,100.0,117.0,-0.2621384263460476,-0.9308887996375899,190.52394575647406,17.5118193489596,170.0,189.0,216.0,0.024629720385522844,-0.8902736054355209
10.24.jpg,10,2,4,204.57803172793768,33.19969215794468,158.0,208.0,247.0,-0.5236248921838463,-0.28135594466473846,179.4818994015389,39.04042625061514,125.0,183.0,229.0,-0.354081628491794,-0.4899982109054748,182.21280374275673,40.63327086480904,125.0,187.0,232.0,-0.4980957818786394,-0.33063338660736363,146.90091479053862,63.80671127880539,2.0,174.0,178.0,-1.824985305149074,1.3398182539258174,34.26135983661062,16.19095003310895,17.0,32.0,55.0,1.0118137193148682,1.4223458980101542,204.57804360216585,33.19970908315088,158.0,208.0,247.0,-0.5236229823419174,-0.28135658478969194,191.53213641113328,35.53443715368799,142.0,195.0,236.0,-0.48195855470099497,-0.3211157466982093,137.57070437921536,2.763262781647747,134.0,138.0,141.0,-0.5640441723474514,-0.09617774376133781,129.97974399164053,2.3137588824777424,128.0,129.0,134.0,1.477056679897538,2.1091550558910637,187.33361404008738,37.45160449885552,135.0,191.0,235.0,-0.42035592272612576,-0.4244403333566029,125.6200949938254,1.78215245155883,123.0,126.0,127.0,-1.5048139024219789,2.110900123100719,143.0911133276337,4.392316804702466,138.0,144.0,149.0,-0.41364825494362206,-0.28118984210872133
5.26.jpg,5,2,6,51.747782971431015,35.416900513427585,10.0,46.0,101.0,0.6436498321359829,-0.12091249338546817,27.464905395758322,22.49535319246679,2.0,23.0,59.0,1.0283239431584685,1.257375685125151,37.39209553209658,28.309555802539826,5.0,32.0,77.0,0.8210804575674882,0.39330325472007477,161.96701008969265,31.98006009622435,166.0,168.0,170.0,-4.787815174536078,21.146939312113044,133.61827183619957,46.18510587398417,93.0,123.0,200.0,0.8852178164435842,1.6360394554826492,51.75175504630521,35.41126864332089,10.0,46.0,101.0,0.6442979374125927,-0.12065360529249158,35.30461748841154,29.665184059929267,3.0,28.0,77.0,0.8550994863172346,0.25191609892998335,140.44597530777745,7.714556521619371,130.0,141.0,151.0,-0.008533143738139988,-1.2082186601492702,126.47643890454765,1.3433908314866492,125.0,127.0,128.0,-0.3339655365697125,-0.7671123164708558,35.842321562997846,26.86779620340921,5.0,31.0,73.0,0.8531601834337864,0.5467235516882156,128.75763340588887,0.8626303312571444,128.0,129.0,130.0,0.35810822318856317,-1.2008219482854774,141.97680557257596,8.158938231227298,132.0,141.0,153.0,0.23328782298775794,-0.9649255658144607
5.32.jpg,5,3,2,47.150641470436256,31.928155906387857,10.0,42.0,91.0,0.7165095032170005,0.2142883077639719,35.57203907384169,26.878461655204905,5.0,30.0,73.0,0.8519639957080541,0.614500818861413,24.76918382913806,22.097069365442294,1.0,19.0,55.0,1.1293715909807642,1.5666198516588459,14.998934573460298,13.211347643190093,11.0,15.0,17.0,9.81045902337864,106.05668803827167,144.5832454910066,52.413753560981625,92.0,131.0,243.0,0.6894158258491615,0.08641187788729976,47.156852439654536,31.91931756233115,10.0,42.0,91.0,0.7177048305200349,0.2150397474386887,38.47219310548461,31.28809621211148,3.0,32.0,82.0,0.8054744020742802,0.17379236762516648,131.33409168081494,2.0054674369380856,128.0,132.0,134.0,-0.08873018414415718,-0.6251349122955978,136.2442577692478,4.80499431178142,130.0,137.0,142.0,-0.10339404254946968,-1.2101284374878416,37.79637508919564,27.79049311439268,6.0,33.0,76.0,0.8296956066274804,0.5404583215237864,121.76629216800768,3.389677203173476,118.0,122.0,126.0,0.07320154761366977,-0.9272258464025316,136.22470067173543,4.013392726574219,131.0,137.0,141.0,0.20418377580164587,-0.5822410443379815
5.3.jpg,5,3,-1,46.87624024999385,31.62501424697949,10.0,42.0,90.0,0.7265151955959502,0.2460827684596656,35.471766442754856,26.768314298251923,5.0,30.0,72.0,0.848131631023383,0.6060892816376309,20.67766393543466,19.75354582669638,0.0,15.0,48.0,1.284532544560433,2.257499158808449,17.044313870229573,12.810463900543146,13.0,17.0,19.0,9.558628970104467,105.22625917585862,165.05780517211682,50.39807879099866,111.0,154.0,255.0,0.30010893376534126,-0.17002015671229342,46.88282227307399,31.61559989445456,10.0,42.0,90.0,0.7278193460322112,0.24689873567685927,38.10753081863143,30.997640983462652,3.0,32.0,82.0,0.8111365708158009,0.193136900372894,130.6923240077754,1.7514221718256962,128.0,131.0,133.0,0.06858648691461948,-0.43597865060125507,138.4572372727049,6.388114971451786,130.0,139.0,147.0,-0.029881403737027835,-1.2663282377427485,37.19481705666691,27.351648244718877,6.0,32.0,75.0,0.8409854051939275,0.5797204674953154,120.0184572230014,4.515857236695712,114.0,120.0,126.0,-0.0535308149714441,-0.8707342469063701,136.50379124529417,4.144852983032285,132.0,137.0,141.0,0.24372937973123263,-0.5392075140919572
5.2.jpg,5,2,-1,37.667596953056766,27.714673906144508,6.0,32.0,76.0,0.8092389289720622,0.45707205502818926,33.86766493739411,25.946534790477624,4.0,29.0,70.0,0.8782115864955656,0.7021921971789711,41.2947082120022,30.40876519771824,6.0,36.0,84.0,0.768966522920626,0.25198171865791474,128.29198737961715,35.975236582231204,128.0,135.0,145.0,-3.0122369242341165,8.101834488729294,55.71173182075477,43.53093488545877,26.0,46.0,90.0,2.8303237332438154,9.824780069105097,41.385477028296656,30.316227729116896,6.0,36.0,84.0,0.7769717850934706,0.26769467424909044,35.7785388327702,30.051717850334516,3.0,29.0,78.0,0.8571382757180535,0.28984960253950653,131.3357200795971,2.2745590582129216,128.0,131.0,134.0,0.03113861003314589,-1.1536184629310777,123.97118932713985,2.7621095335624672,120.0,124.0,127.0,-0.3118933755263599,-0.983871536904688,35.81384983923017,26.910435658607767,5.0,31.0,73.0,0.8487361667433898,0.5850044167655835,130.52011324887326,1.9075385133235303,128.0,130.0,133.0,0.6052283091830198,-0.4037109683720521,129.85369653892613,1.138133491298725,129.0,129.0,131.0,-0.010502685956464105,-1.5507490665230785
5.33.jpg,5,3,3,53.98044290248764,34.97586300899916,12.0,49.0,102.0,0.6444247198166124,0.10769803198102013,38.47229349671514,27.58918823196179,6.0,34.0,76.0,0.8034924100872434,0.6241412735379193,20.96106247385645,18.682929694904747,0.0,17.0,46.0,1.3540222148804826,2.962326000030507,16.14594375138407,13.269090424945551,11.0,16.0,18.0,9.588528897533044,102.34830186640589,169.6856086218351,44.38376618139389,124.0,162.0,255.0,0.1943953288083473,0.752643577434998,53.98767500799685,34.96508430287794,12.0,49.0,102.0,0.6457805676511787,0.10824821002988294,42.59930169041116,32.53157439321401,5.0,38.0,87.0,0.7200998378353146,0.09416102722336639,132.4076878029576,2.5994745492043996,128.0,132.0,136.0,0.029545120269441304,-0.6069021556332168,140.87015919883862,8.04343005286482,130.0,141.0,151.0,0.0002490115762559167,-1.256592051771468,41.11148003247951,28.66370878173113,7.0,37.0,80.0,0.7849531085943876,0.5537940074084364,118.19464186412736,5.9135585213791755,111.0,119.0,126.0,-0.1435913224615108,-0.9906633385794406,139.30567112029723,6.039079231442288,132.0,139.0,147.0,0.25613453625798605,-0.7611128653272723
5.27.jpg,5,2,7,65.63824794928505,43.357723009886314,12.0,61.0,125.0,0.5091026855490584,-0.3702623507743876,57.303332205124015,40.26042709815393,8.0,52.0,113.0,0.5913369836250677,-0.21799840536880755,59.044896895284666,41.88621848595084,8.0,53.0,117.0,0.5774843834519029,-0.2949889481730099,118.08545504766684,78.32023896621362,0.0,170.0,177.0,-0.7664999798399004,-1.3943002846919472,50.56475824224988,48.03681900231759,23.0,35.0,85.0,3.0540580055636823,9.553625796714197,65.64027872605716,43.35478938944373,12.0,61.0,125.0,0.5093602072365545,-0.3702180586887862,62.36361019200955,45.10428201883111,7.0,58.0,125.0,0.477567884858115,-0.5579850465466931,131.8213276300407,2.006931250950206,128.0,132.0,134.0,-0.46099214113463244,-0.612255018590727,128.27616521652865,1.0555810442482885,127.0,129.0,129.0,-0.21284833481445273,-0.9069803981654707,60.052054216293286,41.352721040999974,10.0,55.0,117.0,0.5618753460357195,-0.2785883589466409,127.50264448373726,0.5687703703078406,127.0,127.0,128.0,0.3361368071830651,-0.6429253268313966,132.9672522656583,2.0692203577076094,130.0,133.0,135.0,-0.33257611121887837,-0.08579303518407544
6.62.jpg,6,6,2,89.05386470047016,51.00641559412002,24.0,85.0,159.0,0.3568487436153763,-0.6329134493018729,23.7340324340727,18.531523218829214,1.0,21.0,48.0,1.155128733633446,2.009934896036019,40.665182974154284,28.918353804059436,5.0,38.0,80.0,0.6514898658974307,0.07462642116318907,153.91590901575407,53.99367710942889,4.0,172.0,177.0,-2.4638542729366915,4.1113717077328245,191.07469718278352,34.219080263813375,150.0,188.0,246.0,0.02849383185242556,0.5678272540793441,89.05707815183752,51.00094867850656,24.0,85.0,159.0,0.3573218806755845,-0.6332313440478261,50.35490061059466,33.64846080922882,7.0,49.0,96.0,0.44290265091686787,-0.4339288468605442,157.23306859318134,15.68563193022393,136.0,158.0,178.0,-0.02875498128387269,-1.0469026172002842,133.66758625452013,3.709678997777061,129.0,133.0,139.0,0.5060212456777743,0.43756256657942627,45.20115194061729,28.15756978275367,10.0,43.0,83.0,0.6623301158052577,0.2760883580648241,125.94806054982698,2.5606729271554074,123.0,126.0,129.0,0.4141218406478622,2.1804404971312588,166.46220061117822,21.6227554714028,139.0,165.0,197.0,0.2370604417172806,-1.0188688121754905
10.25.jpg,10,2,5,192.30888239764414,37.769760871278045,139.0,196.0,241.0,-0.40630797007484665,-0.41785721006944154,161.37316471929324,42.32245256913233,103.0,163.0,217.0,-0.15718921895262875,-0.5775853704395111,156.74126246793958,44.254137899988386,95.0,160.0,214.0,-0.22562836920332188,-0.5802271686945843,5.422394319369241,16.537394260139138,2.0,4.0,6.0,10.226155422066114,104.11282225212426,51.207065640733354,21.416640493355267,27.0,47.0,81.0,0.7510804225613561,0.4079898268232056,192.30888287261328,37.769761640779635,139.0,196.0,241.0,-0.40630788394329337,-0.4178571861448517,175.17326256293342,39.51698249024281,120.0,178.0,226.0,-0.315395713657109,-0.4665971841900136,138.82997102688324,2.6358865455095466,135.0,139.0,142.0,-1.1005517380153933,1.205291275472649,134.85550774199677,2.4858938436452167,132.0,134.0,139.0,0.45319422434752304,-0.5640950554857587,170.07149377790444,41.16883050881002,113.0,173.0,223.0,-0.23647355973662237,-0.5532369249819267,121.54728602640829,1.9039656524817348,119.0,122.0,124.0,0.11524327570136521,-0.8971321241588557,147.5579334093284,4.181965928530338,141.0,149.0,152.0,-1.1247338641094262,1.339311841674947
10.31.jpg,10,3,1,232.98432810272152,23.53419056829391,200.0,240.0,255.0,-1.23754634313847,1.24399656336134,197.04950990976272,34.885785900041924,150.0,200.0,241.0,-0.49766361620491667,-0.28525282993687906,154.46187138802813,46.90428878030188,91.0,157.0,215.0,-0.293269242469285,-0.47870238201677706,16.812468269112937,2.7493662830337433,15.0,16.0,20.0,12.959905011877991,576.4269183844153,89.35897918453809,38.857575167925404,38.0,89.0,140.0,0.29953668096388825,-0.12437760660252772,232.98521754015354,23.53490843283978,200.0,240.0,255.0,-1.2374715576662374,1.243748559701464,208.17669800365306,29.778836633425794,167.0,212.0,244.0,-0.6779606210391493,0.027496970148120248,135.32218497186284,4.579561821020631,128.0,136.0,141.0,-0.3686968023253183,-0.7589931023835534,154.46671198955823,9.299554685735352,142.0,155.0,167.0,-0.18642622382618987,-0.5381742679171095,202.95313311508318,32.515832874469524,158.0,207.0,242.0,-0.6483876917369927,-0.07897026457311851,104.10328026859162,7.785674596904251,94.0,103.0,115.0,0.45052478761433373,-0.4175076662643833,154.35339892508884,10.110090403383657,139.0,158.0,166.0,-0.6574506946934697,-0.5821753725920482
6.76.jpg,6,7,6,58.60811544991511,38.96650322138098,12.0,53.0,113.0,0.6042946607981455,-0.18714944134570288,43.48729263551586,32.76445302966808,5.0,38.0,89.0,0.7481856077354372,0.14272410148793968,28.57002829654782,26.23834939105252,0.0,22.0,65.0,1.060230307865585,1.0303649317124641,15.21188651854039,12.83212021132522,11.0,15.0,17.0,9.980536014589562,111.03143091032659,156.00652592209838,52.27690182045176,101.0,143.0,255.0,0.5062083849700033,-0.32529924216243655,58.61486823650993,38.956645150296175,12.0,53.0,113.0,0.6053427454412336,-0.18688339297343237,48.114880047242934,37.73041523413594,5.0,42.0,101.0,0.6577871931524947,-0.26028451403857966,132.31094904160824,2.239992136574739,130.0,133.0,135.0,-0.2583752263699088,-0.5502455708326637,139.15756846534288,6.117035023626418,130.0,140.0,146.0,-0.30223822845807197,-1.1612260431897625,46.299969981053614,33.79974453732163,7.0,40.0,93.0,0.7286525739061308,0.09004452879344393,119.40416426761152,4.501281099652176,114.0,119.0,126.0,0.14025942160117455,-0.8480088092361169,138.80813267390073,5.057162577378506,132.0,139.0,146.0,0.004741097938733027,-0.8468442335200908
8.73.jpg,8,7,3,141.08810099029546,43.900759543270624,86.0,137.0,203.0,0.3229454098446544,-0.5524038922151213,117.53592665861359,40.59329191522547,68.0,114.0,174.0,0.4063807715872811,-0.3097342151594904,70.2530369255129,38.451546033268954,26.0,64.0,125.0,0.7007248950738487,0.18828020526412548,20.164060600401875,1.1161044551074382,19.0,20.0,21.0,-0.27532465034857534,0.0017760192123441598,137.67741480560758,33.0157129628801,98.0,135.0,180.0,0.5351022595872781,0.6972296257685859,141.08810099029546,43.900759543270624,86.0,137.0,203.0,0.3229454098446544,-0.5524038922151213,128.0449888054403,41.30751761828876,76.0,125.0,185.0,0.2679645837961523,-0.46133864097014854,130.87215297351236,1.3158957279737695,129.0,131.0,133.0,0.1830220519961407,0.18440717611092383,157.39253806247555,2.4671768533751854,154.0,158.0,160.0,-0.8480595131747188,1.7576701935582326,119.1901908035379,41.29488277011315,68.0,115.0,177.0,0.40906618330658123,-0.35695219097228215,103.83974078418328,2.5726217183011064,101.0,103.0,108.0,0.7476161468247716,0.1440239686240612,147.25390739735727,3.1092889231156264,143.0,147.0,152.0,0.08979194857538572,-0.716675866738179
8.67.jpg,8,6,7,177.70342829743487,53.95792242959277,100.0,184.0,244.0,-0.39800509948432083,-0.8318245829401731,87.80711316523015,41.290617008414124,37.0,83.0,146.0,0.33380406661912937,-0.6678880425993374,97.67287813977735,41.29089572257635,45.0,94.0,155.0,0.21352578643785702,-0.7614985062032309,176.12434228314552,9.469737690487529,175.0,177.0,178.0,-18.346757732486843,337.95421181262384,135.41648138746405,25.616750049143015,102.0,138.0,164.0,-0.039299260730282365,1.182806246592941,177.70342829743487,53.95792242959277,100.0,184.0,244.0,-0.39800509948432083,-0.8318245829401731,122.9364842468911,44.42694132268574,63.0,123.0,181.0,-0.11737910626893774,-0.8271568558807658,165.30502354650653,6.643928449957701,156.0,167.0,172.0,-1.0051791612428123,0.7134333294560462,139.85236992038344,2.8329764368879746,136.0,140.0,143.0,-0.613100685783634,0.4612925230582241,115.79890252466012,44.59544920220414,57.0,114.0,176.0,0.0434224643894918,-0.8975571638732314,119.27703520207591,2.316235712580101,117.0,119.0,123.0,0.9764107423630989,0.4874269834174769,182.3176385800902,11.681253827615693,165.0,186.0,195.0,-0.9342233831618033,0.25852560672887615
4.67.jpg,4,6,7,42.49619618392924,29.056675464355546,9.0,37.0,83.0,0.8075704238066689,0.38974449981613457,22.63961444419157,18.41558908691859,2.0,19.0,48.0,1.0558854222327108,1.3101959749644685,18.581003483832568,17.145682931391566,0.0,14.0,42.0,1.2322237072291216,1.9659145316010571,8.494739237758443,21.86409054698943,2.0,5.0,11.0,7.107047604283836,50.20067821603978,163.00384612392017,47.637563961747645,113.0,152.0,255.0,0.44298797433303094,0.01826196967873228,42.49965083866801,29.05182943618015,9.0,37.0,83.0,0.808320981709768,0.3903032743526138,27.2386814345376,23.84767627352717,2.0,20.0,61.0,1.0390919271438284,0.7992520160457084,136.42743377119527,5.704229219475137,130.0,136.0,144.0,0.32444708054827676,-0.8394455722584744,134.0117095483467,3.9264015023627694,130.0,133.0,139.0,0.32081510406326424,-0.964931484482503,28.114842955208143,21.302603576995924,4.0,24.0,57.0,0.9727223848380105,0.9546949730221388,123.4896905010611,2.636731649997979,120.0,124.0,127.0,-0.31033832949123097,-0.7809574345373731,140.63754962662108,7.438645678771282,132.0,139.0,152.0,0.5417409505738381,-0.3278194421270255
1.6.jpg,1,6,-1,15.995298965743286,13.33954044789534,2.0,13.0,34.0,1.1040028664655432,1.425733205479621,14.566798258667273,12.6599500989566,1.0,12.0,32.0,1.1696704494284955,1.606267849940985,16.70658242055364,13.943200935158806,2.0,14.0,36.0,1.0551891714255837,1.1586633849729084,100.00861961644773,65.66221293582824,0.0,140.0,165.0,-0.811732765684446,-1.2210016282789449,39.38848623487373,47.06180444616852,0.0,31.0,85.0,2.505718754750887,7.936037590515749,16.84219318055823,13.890591108964369,2.0,14.0,36.0,1.0531502805506103,1.179958565730316,13.11547805924655,13.512038755054988,1.0,9.0,32.0,1.5856952463756966,2.948471544277896,129.02413152197383,1.1337349896679774,128.0,128.0,130.0,0.5729620463887505,-0.6312807846908974,126.7401237917948,1.0726342805285511,125.0,127.0,128.0,-0.18389067121610864,-1.038114972373455,15.26509660778581,12.964550434895276,1.0,12.0,33.0,1.1327816955915195,1.492858751792288,128.71666773652032,0.6989686782533198,128.0,129.0,130.0,0.4377495434800531,-0.874512554102377,128.730200412769,0.6406306188721633,128.0,129.0,129.0,1.1125632975768414,3.3295168146084624
4.73.jpg,4,7,3,35.160426662729755,28.521486314187346,2.0,30.0,75.0,0.8603148525878006,0.5268543843949756,30.389196131984942,26.613294926590257,0.0,25.0,68.0,0.9182197677080893,0.6402423363001115,19.728484043207597,20.28691489796827,0.0,14.0,48.0,1.2906415571604983,2.121330005118165,21.4813823478753,21.578868274163348,0.0,21.0,24.0,5.189184267351866,30.420648107904476,142.51774808690732,68.49405149993923,75.0,124.0,255.0,0.32353933319214584,-0.6317384651619684,35.18551758076819,28.49238753484488,3.0,30.0,75.0,0.8639026879158821,0.5326187876575315,31.08910509091804,29.60066559396963,1.0,24.0,74.0,0.9766301834472486,0.5026740563443002,128.18478629954973,1.1030808299770907,127.0,128.0,130.0,0.2127962840121313,0.4913566186108018,134.9490445609114,5.218964320441783,128.0,135.0,142.0,0.20460790708764212,-1.1966056180799005,30.543621466007234,26.408110877063685,1.0,25.0,68.0,0.9364209812340419,0.7211097633402326,122.84406830540587,3.6597540253753977,118.0,123.0,128.0,-0.18385010248873174,-0.9705478541636392,132.15798725425063,2.17206179891154,129.0,132.0,135.0,0.034189245119849755,0.16215877872253825
3.52.jpg,3,5,2,44.318511847641545,28.646594831806865,11.0,40.0,84.0,0.7009856699326573,0.1592823372076082,33.10460224896041,24.173031439194702,5.0,29.0,66.0,0.8324660135636953,0.49111723982277766,33.617359316945944,24.98728031184052,5.0,29.0,68.0,0.8278394819125232,0.4582313968706342,85.40883688885609,86.68022223669468,0.0,13.0,177.0,0.09273096785992792,-1.9846517637423358,86.19299525110111,47.70713983883109,48.0,71.0,142.0,1.9969117693056513,4.138068534893625,44.3193425358628,28.64534878661674,11.0,40.0,84.0,0.7011862143217343,0.15935746614995905,36.281330183804535,28.623024870197067,5.0,30.0,77.0,0.8019272926889184,0.12803894651928438,133.04816613764424,2.7859095712223034,130.0,133.0,137.0,-0.1828373945892679,-0.74037740190245,129.61821608720257,0.7662822978408845,129.0,130.0,131.0,-0.14291402484637314,0.07144205497762401,36.57339632390935,25.56199959576153,7.0,32.0,72.0,0.7866757133690492,0.3707619554612389,126.53172658153096,0.5707385739242736,126.0,126.0,127.0,0.4975770821421937,-0.7125249856738876,134.8632577938535,3.080480551127967,131.0,134.0,139.0,0.17967152333100958,-0.5781991077281594
3.4.jpg,3,4,-1,41.0799978213889,27.257709384858618,9.0,37.0,79.0,0.7339911028917098,0.2390971489078595,35.71268155902966,25.340695853789985,6.0,31.0,71.0,0.78371871957584,0.36065299496163705,30.197008202859816,23.525755476660184,3.0,26.0,63.0,0.8822476695446237,0.6206027675536006,15.882388555289065,11.334451144154134,13.0,15.0,20.0,11.228688325486665,145.12546560621092,91.02925806621033,53.342180432287186,47.0,74.0,162.0,1.7021003589671149,2.551104545737778,41.08118195487552,27.256065496189613,9.0,37.0,79.0,0.734248984190978,0.23926626311080224,37.058704815703116,29.105408883592084,5.0,32.0,78.0,0.7766200512470491,0.06682419966633502,129.34139954365878,1.0730799683424168,128.0,130.0,130.0,-0.14531437272403688,-0.09776470801060455,132.1408233788313,2.0523360801999964,130.0,132.0,135.0,-0.07042186379907296,-0.9890353921455985,36.65609310839174,25.70541143779153,7.0,32.0,72.0,0.7838224534887624,0.35628310261608664,125.13926576915671,1.3142747670516761,123.0,125.0,127.0,-0.23911604937657896,-0.14873963383642508,132.02957707712088,1.5735067443859734,129.0,132.0,134.0,-0.17655073945611974,0.4232583786252384
9.27.jpg,9,2,7,163.09841597796142,41.23219807650844,109.0,163.0,219.0,0.04850312973709821,-0.6721491863495657,141.36997055191412,42.76256667555829,86.0,140.0,200.0,0.17953858334309045,-0.6008116516851914,146.72575235109719,44.20105717048781,89.0,146.0,206.0,0.06147033208331746,-0.6358845073905832,162.58151657642253,38.961028369426955,169.0,171.0,176.0,-3.858625872307396,12.984059314054093,37.24401443906146,12.986623469090732,22.0,36.0,53.0,0.5583553163506636,0.8626527940782514,163.098519046262,41.23239986242295,109.0,163.0,219.0,0.04852384860050908,-0.6721187655501559,154.17183100598461,41.49892783308341,99.0,154.0,210.0,0.032272567134854296,-0.6313643236644078,137.22493920395175,1.4712698900602126,136.0,137.0,139.0,-1.5103463406615205,3.949222129909055,128.1734083784554,1.5668761910681774,127.0,128.0,130.0,1.3524842955400818,1.5989831156878074,148.55622494537855,42.415979970429085,93.0,147.0,206.0,0.12310729420495711,-0.6305060760836492,127.1529001614895,1.0359499329212276,126.0,127.0,128.0,-0.820738386840465,0.35351013866432535,140.6392310249834,1.834845559946153,139.0,141.0,143.0,-1.7134295494707628,5.713994370314484
9.33.jpg,9,3,3,228.09773064586093,28.35631406617798,186.0,237.0,255.0,-1.0936468584796053,0.5196573539627369,169.3062183785298,37.24273325422324,119.0,171.0,217.0,-0.20388845768643285,-0.4648504341314976,99.28554734686017,46.49802006087934,38.0,99.0,159.0,0.01635648910883159,-0.5195400894442326,16.534069489913225,1.7886060211753432,15.0,16.0,18.0,2.7582434265990012,10.33311691066084,148.7875888221689,42.86895115844368,94.0,149.0,203.0,0.10260117481391091,-0.09455803010101116,228.09773453623788,28.356317448373808,186.0,237.0,255.0,-1.0936465658483763,0.5196566416851689,187.40436091805117,32.15493929696618,143.0,191.0,226.0,-0.4831312009156095,-0.27610187823541255,142.61594295929305,6.135740223672707,133.0,145.0,148.0,-1.189369138943561,0.6158607079461746,172.01619126260238,7.964710482672344,161.0,174.0,180.0,-1.0057896913041555,0.5302997049763216,178.9262807607243,35.15363313426358,130.0,183.0,221.0,-0.4354985368105095,-0.38823013741277634,88.88451853667361,6.444571809066633,83.0,87.0,98.0,1.1518848435265956,1.0887670943090804,171.1071020776558,9.881179365309553,156.0,176.0,180.0,-1.5391418918554869,1.8228591570494874
7.22.jpg,7,2,2,94.18826652583502,43.625114614757145,41.0,89.0,156.0,0.4561048229642633,-0.41739494985566505,71.38282719529109,35.9639122438734,28.0,66.0,122.0,0.557217870064683,-0.1653044679086384,93.10897140378417,40.136264990898525,44.0,88.0,149.0,0.44359728604840326,-0.3849600537465365,149.9814108063001,5.007543848583534,143.0,151.0,156.0,-0.500345492623857,0.24677217371078441,70.12372565839767,19.545652158743337,52.0,66.0,94.0,2.1944772306216183,9.709939126560803,95.32114818640352,42.558639733815255,44.0,89.0,156.0,0.49938904397294287,-0.354386165107627,83.73763443683876,41.133740847188506,33.0,80.0,141.0,0.3621146832097641,-0.4823225664691928,141.83804214834396,3.7509259134938646,137.0,142.0,147.0,-0.2117216557186535,-0.440311583729724,118.9056787832457,1.2970178235924683,117.0,119.0,120.0,1.1524643366958076,3.470095225695581,80.69721828321555,38.68648411692768,34.0,76.0,135.0,0.5106715102177461,-0.283577158707192,134.0571540141882,1.2226453537507187,132.0,134.0,135.0,-0.5739308102668295,0.0681161900156102,139.82522578775271,4.8550612907175115,134.0,139.0,146.0,0.20538288147802997,-0.8535846831266563
9.37.jpg,9,3,7,219.05173617797698,32.656230337862084,172.0,226.0,255.0,-0.8338156866790193,-0.026663919151907578,170.72835588779375,39.112598121911645,118.0,172.0,221.0,-0.22661126471480833,-0.5419017953015239,105.97294437344506,46.22737330314982,45.0,105.0,167.0,0.07342514443848125,-0.6063684246225662,17.37635360803285,1.6321133196517794,16.0,17.0,19.0,2.983349494177402,12.273306898148343,137.11315647679683,39.76223703049288,86.0,137.0,188.0,0.06787921720577059,-0.08354366626836729,219.05175417097038,32.656248067345906,172.0,226.0,255.0,-0.833814365430784,-0.026666386730521907,185.87112931807528,34.9845046494911,138.0,189.0,229.0,-0.4410459136276163,-0.3978200331148143,138.57889830360114,4.552091463316865,131.0,140.0,143.0,-1.299613020958644,1.1586356152473725,167.99392906675692,6.878763745827429,158.0,170.0,175.0,-1.208395337774246,1.1837045131805413,177.7894829494504,37.68587140381772,126.0,181.0,224.0,-0.3733161959271343,-0.52357986356416,92.8511113834375,5.21941474492358,88.0,91.0,100.0,1.573747815573516,2.7049802957231126,164.07700660780526,7.6160865830721445,153.0,167.0,170.0,-1.8060092541543677,2.9575830062321025
9.23.jpg,9,2,3,168.88093331433456,39.81939981941891,118.0,166.0,225.0,0.19285657017139118,-0.6288272163702082,126.72024080934739,38.232199838764366,80.0,123.0,179.0,0.3867899980543235,-0.24212366071227187,97.13162534435261,38.65365557760049,50.0,93.0,150.0,0.4049779966064384,-0.16419728486180185,12.465735252208606,0.8982647179848033,12.0,12.0,13.0,2.530901048375793,24.68801821858436,114.23452218105822,26.15967632890903,85.0,112.0,148.0,0.6056380815923742,0.9652847803628868,168.88093331433456,39.81939981941891,118.0,166.0,225.0,0.19285657017139118,-0.6288272163702082,143.2663470124442,37.76482946645482,96.0,141.0,195.0,0.22623242010277478,-0.438559973508736,140.57853567018145,1.503114180527622,139.0,141.0,142.0,-2.9530790303638,19.34063127252929,150.61928707134035,1.6345429046729611,149.0,151.0,152.0,-1.4128296866816172,6.788588551972463,135.97943763655363,38.741588335642454,88.0,133.0,190.0,0.3202497663716678,-0.39471068142375065,109.06757955732877,0.9187601366865026,108.0,109.0,110.0,2.2006076702400694,16.140875225846226,156.91501139925904,2.6539536389508385,153.0,158.0,160.0,-1.696930465755201,8.85416005919007
7.26.jpg,7,2,6,85.99557372361595,40.06067662240762,37.0,82.0,141.0,0.4443821418983027,-0.3906623452505906,48.3579039816063,27.510199274220057,17.0,44.0,87.0,0.783586723690506,0.4469006043238397,71.49330417495803,33.12883456844508,32.0,67.0,117.0,0.5486811110507273,-0.11378833188302107,160.73686171071546,2.767552891999536,157.0,161.0,163.0,-2.170016267111846,16.486870476363595,118.02054945738968,23.091607739585324,94.0,115.0,146.0,1.4805979172987265,4.7367401473351185,86.0017399710945,40.04969740720934,37.0,82.0,141.0,0.44576232486741585,-0.3916336947967052,63.93395258408564,34.75769933929567,20.0,60.0,112.0,0.48418719259964765,-0.29954191824240617,148.48838041662046,6.299556362598618,140.0,149.0,156.0,-0.4441406760536412,-0.5166868642093694,121.02691946336141,1.3270558719555765,120.0,121.0,123.0,1.443154432727762,2.3048724845786452,62.23344985012323,31.742188699558323,25.0,58.0,106.0,0.6324671450160037,0.027513104955566803,132.1497279653912,0.9933461460922877,131.0,132.0,133.0,-0.6064294373577871,-0.3867753843967532,148.85421201387308,8.086209084101906,138.0,149.0,160.0,-0.04923971227934896,-0.9798842554469891
7.32.jpg,7,3,2,99.46866169631653,45.43667595441064,44.0,94.0,164.0,0.43360132664253626,-0.46165659636318424,71.61158780541817,34.85281672351782,30.0,67.0,121.0,0.5061278204610027,-0.28465930067419665,44.35406018552693,26.740997960770184,14.0,39.0,82.0,0.8021844339355028,0.45792770571407804,14.959406510666568,1.6435031466571504,13.0,15.0,16.0,29.68799091081411,2867.9699341752466,147.71754582810462,27.17040683834437,119.0,143.0,181.0,1.22686144700707,2.5567367549704603,99.46867449127728,45.43664953616396,44.0,94.0,164.0,0.4336048425649668,-0.4616611200943104,82.20975074432224,40.09509061627928,32.0,79.0,138.0,0.3399385300515767,-0.5313964425752995,136.22567259663887,3.445701552298085,132.0,136.0,141.0,0.28218476714281787,-0.4432897321827074,148.49541054600036,6.893507718107367,139.0,149.0,157.0,-0.4180180865706692,-0.4870940074836838,76.84309244359144,36.95825674725822,32.0,72.0,129.0,0.5058492935615837,-0.31079267981044145,112.02758150636058,6.0924913132449365,104.0,112.0,120.0,0.07379336058183818,-0.877396084159622,147.8506350729559,8.154899289652116,138.0,147.0,159.0,0.24227702119651556,-0.749705505956269
4.88.jpg,4,8,8,45.03314066241448,34.47764311483153,4.0,40.0,93.0,0.7122826616114977,0.09340128517249058,29.652478948197686,26.51481505764618,0.0,24.0,67.0,0.9522376612600842,0.7878165842328881,23.494376946404223,23.881570364416834,0.0,17.0,57.0,1.2080691379669042,1.5805347852274831,12.137865233451794,23.793217237720494,0.0,9.0,13.0,5.641252822230433,32.05532443269561,152.75914092696013,63.906854571180475,88.0,137.0,255.0,0.2151228784800528,-0.5567007827686803,45.06104147336356,34.442456495452475,4.0,40.0,93.0,0.7159084104314992,0.09721502887488809,33.76598896300057,31.41737919582286,1.0,27.0,79.0,0.9125932470606924,0.3484755939854569,133.84494464966184,3.8201097629519767,128.0,134.0,139.0,0.053313128698060035,-1.0053009200832221,134.24480926454368,4.098249074163482,128.0,135.0,139.0,-0.17172915466129057,-1.34355618159971,33.53676017187686,28.518191357647567,1.0,28.0,73.0,0.8928093465943145,0.5820176833079875,123.16815424955601,2.998885506581105,119.0,123.0,128.0,0.23373669328802327,-1.1969145100766023,138.10732577433092,5.841774798406449,130.0,138.0,146.0,0.08006101101728565,-0.8348014597611821
4.77.jpg,4,7,7,34.06534878570901,27.6633032748104,2.0,29.0,72.0,0.8602626882691609,0.5855932978355782,32.18882163332595,27.68543441948841,1.0,27.0,71.0,0.8865820882174169,0.583025372166055,21.8127378755444,22.37368331593699,0.0,16.0,53.0,1.252605039507012,1.807499120915824,25.067902856721044,20.20284924349014,8.0,26.0,29.0,4.92556694369823,30.305509812337483,129.6482246991954,73.02865263926712,58.0,108.0,255.0,0.5379381334935447,-0.7677338976717785,34.09708767008686,27.6376275958147,2.0,29.0,72.0,0.8635421463868045,0.5905739954375053,32.372973598090596,30.359517139869602,1.0,25.0,76.0,0.9468809029537725,0.4513234717157437,126.83209812750671,1.4968588124103195,125.0,127.0,128.0,0.10745943490882448,-0.59734588549582,134.33682192859428,4.311625320995132,128.0,135.0,140.0,-0.1060290738675751,-1.3705433928772173,31.52253733914028,27.03625857534198,1.0,26.0,69.0,0.91654291797028,0.6915666888730216,123.33930808789154,2.9896578808152197,119.0,123.0,128.0,0.1722989453899066,-1.189711650301487,130.54229079008883,1.0990434641967375,129.0,131.0,132.0,-1.0527509794248848,0.17251846621521327
1.2.jpg,1,2,-1,14.315112752850187,11.83055912097067,1.0,12.0,31.0,0.9992055972586387,0.9422310533301292,14.621691477545717,12.060534819837965,1.0,12.0,31.0,0.9703400540143444,0.7815572528026973,16.946508775717824,13.822219008697427,2.0,14.0,36.0,0.9607509230000509,0.7688301355478955,78.15778007310018,55.099935009042234,0.0,114.0,120.0,-0.6943036664794748,-1.485845215462336,38.21910651657593,43.624856797588016,0.0,34.0,80.0,2.3324486048068827,7.938474627118193,16.95854462943187,13.815946343493705,2.0,14.0,36.0,0.9609544506752068,0.7706714221973172,12.699579255731985,12.494798679681253,1.0,9.0,31.0,1.444929997694116,2.2229291383393504,128.42613924826247,0.8472986244971364,128.0,128.0,130.0,1.3658535004247712,1.3874032504179263,126.43839977124584,1.5419398751963198,124.0,127.0,128.0,-0.9323831820288607,0.9792836112619354,14.704493774424273,12.158557962759007,1.0,12.0,32.0,0.9841926419321362,0.8416250149592179,129.0511706144267,0.9503273705408612,128.0,129.0,130.0,0.6824920351929895,0.8328204062376265,127.61064475217326,0.573698570537346,127.0,128.0,128.0,-1.6259257473264783,4.16560704436216
8.88.jpg,8,8,8,143.17330121827155,43.709053414790645,89.0,139.0,205.0,0.3388208194529821,-0.511428903522194,96.97652400654361,39.58213339663741,51.0,91.0,154.0,0.6412633808906749,0.019742476468282977,98.90691981349534,42.03858398607913,48.0,94.0,158.0,0.5191129494712362,-0.12328796442293166,132.94144885418672,76.74427713107471,1.0,178.0,179.0,-1.1215677257209362,-0.740619366599764,89.84248982180128,22.643346369867356,64.0,88.0,117.0,0.8370037135437672,1.8791439792340796,143.17330121827155,43.709053414790645,89.0,139.0,205.0,0.3388208194529821,-0.511428903522194,116.29450834388598,41.180770953979994,66.0,112.0,174.0,0.4080144706575411,-0.3277461021786028,147.1889993755945,2.3271063323761934,144.0,148.0,150.0,-0.7128997936342916,0.9185969582707267,134.79079060240542,1.7687727763077483,133.0,135.0,137.0,0.6226545595921716,1.9022267513204536,111.00878058079438,41.04969497014054,62.0,106.0,170.0,0.5283899944279092,-0.20006290995052067,122.07096922906345,0.9504113701644649,121.0,122.0,123.0,0.4447148207043233,3.364309059763004,156.29759438540796,3.7098015776244075,152.0,158.0,160.0,-0.6216351963052614,-0.05713610356448928
7.4.jpg,7,4,-1,129.4095278249486,53.196561858966845,62.0,125.0,204.0,0.20543422665201738,-0.8338664147504184,62.806349192455,30.056977897013837,26.0,59.0,105.0,0.35024884947945334,-0.6119182476794771,26.12662253034008,17.79938105128661,6.0,23.0,51.0,0.8867848697228708,1.0146037016660427,10.400682566637295,3.0309528963457373,9.0,11.0,12.0,41.70304824762138,2293.6089985499384,205.68707120751466,22.73951457028518,179.0,204.0,238.0,0.2515645084417918,0.12079663745856628,129.40952879754283,53.19655965751602,62.0,125.0,204.0,0.20543447832550107,-0.8338669193517836,87.06057511442572,38.98578370799544,37.0,85.0,141.0,0.149261257688736,-0.8148612222589504,153.68430466320035,8.194473886562571,143.0,154.0,165.0,-0.03942029556716202,-0.7226440418601947,161.44075344930548,12.203277796863844,144.0,163.0,177.0,-0.3426665327131617,-0.6738448164703716,78.54472085572732,35.07685139053187,35.0,75.0,128.0,0.31709192840285955,-0.7068124098095323,102.2281749852652,10.480261966583708,89.0,102.0,117.0,0.09735218538477776,-0.9158179833860074,172.61140532086856,16.872117498938206,150.0,172.0,196.0,0.08380478304845992,-0.8871476034875836
6.72.jpg,6,7,2,56.078229866391084,37.701665217398194,11.0,50.0,108.0,0.6499148992475142,-0.0678867619929191,43.75021382347875,32.78997931610582,5.0,38.0,89.0,0.7437304069617925,0.14068391448217232,26.48548313279693,25.175031855294684,0.0,20.0,62.0,1.127367122760191,1.2685530579251703,17.588404812873698,12.777220794180865,13.0,17.0,20.0,9.515347531214132,104.85108043471817,161.02025589921507,52.92089531107763,103.0,149.0,255.0,0.3982608924157226,-0.5050307705628145,56.08502595900691,37.69186840956641,11.0,50.0,108.0,0.6510062869232801,-0.06747408523900011,47.45913240323811,37.3658831096717,5.0,41.0,100.0,0.6737978640808069,-0.21868502746403307,130.63498191481509,1.6129258020030988,128.0,131.0,133.0,0.04011492189581799,-0.2071290075789789,139.97479884845353,6.638713922940245,130.0,141.0,148.0,-0.28702801284798873,-1.1800859848005247,45.46682119042347,33.32300946559652,7.0,40.0,92.0,0.7454261623436145,0.14261189528512475,118.76667257203317,4.861129836379352,112.0,119.0,126.0,0.14562007739650998,-0.8914546211516234,137.30884574690583,4.283004219403278,132.0,138.0,143.0,0.12674785521571155,-0.5812741626987754
10.35.jpg,10,3,5,232.3767392416488,23.792555421804085,199.0,239.0,255.0,-1.2020803428066393,1.1356862857654795,194.35235484517273,34.988694574831904,147.0,198.0,238.0,-0.4986208946378275,-0.2816189741978268,164.65013353718908,44.747365443517985,103.0,168.0,222.0,-0.3591356322180557,-0.4405781096714385,13.455695900904319,3.3639144362401328,12.0,13.0,15.0,29.344513293994954,1287.7772595664067,77.45204429583204,34.944781433631185,32.0,77.0,123.0,0.3269330344348386,-0.12081056919775301,232.3770611703421,23.79282516441408,199.0,239.0,255.0,-1.202051260560901,1.1355965654308138,206.795783414934,29.925558784513644,166.0,211.0,243.0,-0.680845515687119,0.02620501730898006,137.70182983880224,4.566387168322191,131.0,139.0,143.0,-0.44288161772383566,-0.6330358393726496,148.38176804016425,8.008694086293891,137.0,149.0,159.0,-0.041983168195033546,-0.5672423693148123,202.34337974553046,32.45193594349523,157.0,207.0,241.0,-0.6524945030796149,-0.08033489969046981,109.42783253483346,6.749353696534519,101.0,109.0,119.0,0.3035827536970424,-0.5520424446075998,154.35749403313434,9.69346353315356,139.0,156.0,165.0,-0.6622207141482757,-0.49762757859694196
10.21.jpg,10,2,1,205.4744704094234,30.467748411354236,164.0,208.0,243.0,-0.5475553456359118,-0.17158394432217605,191.34693264937778,35.548112684399236,144.0,194.0,236.0,-0.4182160265912878,-0.3675441078429902,188.69608387954784,41.08171754837444,132.0,194.0,238.0,-0.6154083315671869,-0.11454037927937355,70.83127529210601,79.97564283313694,0.0,12.0,177.0,0.43273427870278913,-1.7719682692610463,24.73150280231785,20.027692737007285,6.0,19.0,52.0,1.7091234852677677,3.267544786794015,205.5480374275672,30.562768482623312,164.0,208.0,243.0,-0.5373046035951099,-0.17907029376560812,199.91891564548305,32.47103035964949,156.0,203.0,240.0,-0.536361081435155,-0.17153038132009613,132.6695497292676,1.771220300062996,130.0,133.0,135.0,-0.731135119385288,0.0637964113231928,131.29511351762136,4.310357236247379,127.0,130.0,138.0,1.5456957104618663,2.1443734973766277,195.2721459105158,34.617615270778124,148.0,198.0,238.0,-0.4800218930071151,-0.29479773385307606,124.88279424337418,3.5963407936866445,119.0,126.0,128.0,-1.3803097510118465,1.580929088655667,136.963515246509,4.243694937162895,132.0,137.0,143.0,0.005569982516010159,-0.38487339075187954
6.66.jpg,6,6,6,154.95623131403318,64.61360591217645,61.0,163.0,240.0,-0.3203042395338938,-0.8351864253943582,13.064019556924968,21.867101625210637,0.0,3.0,46.0,2.285529667937761,5.285985398754232,37.182024902302906,29.45271573218366,3.0,33.0,81.0,0.9147387041402794,0.5151854111712857,160.00602424871957,49.037575612492006,173.0,175.0,177.0,-2.9462427929244273,6.699512045460553,238.53149406036698,23.72187210524563,204.0,249.0,255.0,-2.107283739647424,6.752504523758622,154.95788423794323,64.60968899420513,61.0,163.0,240.0,-0.3200082075894958,-0.8359908396316063,82.58986235846322,40.053715990806495,24.0,87.0,135.0,-0.1713540937630921,-0.7613893877454712,180.7249236027225,17.268051382096857,157.0,185.0,199.0,-0.8795057485100369,0.12600876127248917,154.6860606820998,9.425980442104946,140.0,157.0,165.0,-0.9662993496423854,0.2877681680156785,58.227540367523915,32.39615394492666,20.0,55.0,107.0,0.7427199454580002,0.26462028260831616,117.77690536074493,3.151740790514744,114.0,118.0,122.0,0.26753041523586235,0.7707583371205509,212.8283979038649,31.71485308191856,164.0,221.0,247.0,-0.680369323866444,-0.5931609105029985
8.63.jpg,8,6,3,195.0234667538111,46.64142914783997,129.0,199.0,254.0,-0.4722103701760286,-0.6534793430429078,60.228367558924624,34.82936456990513,8.0,61.0,106.0,-0.017240931151484746,-0.8990784774256788,12.29343703133115,10.856331772606675,0.0,11.0,27.0,0.899801366526426,1.7975415601220552,9.916019891497386,21.46077667194049,2.0,8.0,12.0,7.505382118777736,55.89681426285092,240.3114066825005,12.56835537130781,224.0,241.0,255.0,-0.7814850491081312,1.1055218119676216,195.0234667538111,46.64142914783997,129.0,199.0,254.0,-0.4722103701760286,-0.6534793430429078,116.17560188994513,34.585162192718585,67.0,118.0,160.0,-0.3252829629046688,-0.7670166022615716,179.0283224305519,4.978724045368229,173.0,180.0,185.0,-1.2748778713793707,3.195435679386012,181.20511866622317,11.83580426393395,165.0,182.0,196.0,-0.5887599309324244,0.02889250631215523,95.05504932025389,34.855134189263715,43.0,97.0,140.0,-0.19775658268895083,-0.9596052875239822,87.2642961627267,14.476080284259828,69.0,87.0,108.0,0.1263239862415415,-0.8298664751430254,215.66191894788645,11.93361247999236,201.0,217.0,229.0,-1.0795129292470589,1.8803589366300466
8.77.jpg,8,7,7,113.53238738817598,41.049655891576165,65.0,108.0,173.0,0.5626073778585082,-0.24175777462773107,120.05522244202852,40.66520691266792,71.0,116.0,178.0,0.4621232547164837,-0.26162837788992377,69.78113468679548,36.483486626389514,28.0,63.0,122.0,0.798293934109945,0.36397127140161745,33.99149904004948,1.3358978583657783,32.0,34.0,35.0,-0.8966772218468372,0.8154745292580481,116.14135003861199,29.507989334940042,79.0,115.0,154.0,0.5259558848809107,0.8555758493538792,120.06133130644695,40.66169005955898,71.0,116.0,178.0,0.46331817215947585,-0.26199286068855354,123.33832711845615,40.839327952600925,73.0,120.0,181.0,0.3638364601445074,-0.3723904597224048,117.13927500880197,1.4817809107940376,115.0,117.0,119.0,1.0177951410839656,1.992487018255365,154.77845081299154,2.585005668420307,151.0,155.0,158.0,-0.6390748051368031,0.17308202755009594,112.36675896586,40.2691788909782,64.0,107.0,170.0,0.5291181804429559,-0.20615632585719457,106.9216268972882,2.8980390729738135,103.0,106.0,111.0,0.41915363797047966,-0.7989758561446481,129.14899803341444,1.517346107041947,128.0,129.0,131.0,0.7336085293520366,-0.44397440567282986
5.6.jpg,5,6,-1,95.02007094102383,50.70672321220952,29.0,93.0,164.0,0.2341409509581992,-0.7551207747671493,24.885542192110705,22.065281486983473,0.0,20.0,56.0,1.1313333438510245,1.3250062383263703,29.177692481262973,24.271408239462783,1.0,24.0,63.0,0.9045423371879464,0.5842214046960175,137.12795352555685,74.46095445717697,0.0,178.0,179.0,-1.2831549818484156,-0.3500747915628968,199.92671891442922,32.27043206685608,162.0,196.0,255.0,-0.021772451859219697,0.5657663317395789,95.02222766874996,50.702756652202154,29.0,93.0,164.0,0.2345000614188562,-0.755517410076628,52.73449149855375,35.131086944124505,8.0,50.0,101.0,0.42005524321141435,-0.5737536308460411,158.47224750967246,13.109884214138813,138.0,161.0,174.0,-0.5375285651505075,-0.7010385231264076,142.36540705986707,6.994509343704933,132.0,144.0,151.0,-0.3440482396751615,-0.9100725516553085,46.34172633532326,30.18050978114872,11.0,42.0,88.0,0.6840237487920601,0.006748252417393186,119.70310734133584,3.660624728938708,115.0,119.0,125.0,0.057402802796831666,-0.502169188816147,170.69932492233835,19.4348404415788,143.0,172.0,196.0,-0.2053098022810026,-1.0316904172880792
5.23.jpg,5,2,3,41.688923026946696,29.13303330666156,8.0,36.0,82.0,0.7806673064112291,0.36234086859265036,31.031339417882897,24.399171478852047,4.0,26.0,65.0,0.9416833291297875,0.8798239891149873,28.5466081748491,24.300390230219993,2.0,23.0,63.0,1.0010204148125816,0.9988654085446291,8.680213931828925,19.159999484853564,1.0,5.0,13.0,7.727152467551651,61.301814787794655,108.54561029315936,57.28232991407294,57.0,90.0,198.0,1.2384516404891834,0.9196759840713034,41.692586303149845,29.127986473030127,8.0,36.0,82.0,0.7814134063882626,0.3629559444196695,33.61475493542947,28.737691182826946,3.0,27.0,75.0,0.9176795397415289,0.4359643119954142,132.2938635139052,2.6587659899730665,128.0,132.0,136.0,-0.07563567246512794,-0.8873722677095723,131.18562885025744,1.4610515704554536,129.0,131.0,133.0,-0.29634384209144066,-0.3115250336281581,33.92269577835744,25.771020249484607,5.0,29.0,70.0,0.892581070556317,0.7052948333344173,125.68456240067381,0.9065515422958853,125.0,126.0,127.0,0.6179519623855855,0.7344049906881929,134.87303803427034,3.2894927424565434,131.0,134.0,139.0,0.1406509682795064,-0.6565991196323178
5.37.jpg,5,3,7,47.806655348047535,32.24706650523414,10.0,42.0,92.0,0.7191440489713283,0.22304755799509346,37.94035382987623,28.231229954577042,5.0,33.0,77.0,0.8120660173927925,0.48707293412994446,20.2862085086489,19.692309100694807,0.0,15.0,47.0,1.3152928713566827,2.3738641508953355,19.100964543195296,12.31005929747027,13.0,19.0,22.0,9.318327700129515,105.31468469959405,168.9252695553751,50.11858821721233,114.0,158.0,255.0,0.22540860651425035,-0.18781693186624748,47.81372850077508,32.23699027739921,10.0,42.0,92.0,0.7204990051791135,0.22389490044120963,40.26092960311016,32.279512903169774,5.0,34.0,85.0,0.7726836608661558,0.09686736089502412,129.5368986983588,1.345071452368462,128.0,130.0,131.0,0.307834178483337,-0.01987021904527353,139.79113555276692,7.2073343700081205,130.0,140.0,149.0,-0.047928961924697,-1.2669759068744215,38.86709874264905,28.396831254645456,6.0,34.0,78.0,0.8203618863933805,0.5047365737361758,118.97109667577077,5.169296627955647,112.0,119.0,126.0,-0.05570417425397916,-0.9445261652601329,135.85879776580302,3.737069870858134,131.0,135.0,141.0,0.2067026062736539,-0.5116042886534133
5.22.jpg,5,2,2,37.08746977663401,27.529515348265,5.0,32.0,75.0,0.8240007344425195,0.5330672635752687,33.291627033451405,25.6822459247009,4.0,28.0,69.0,0.901743378999828,0.7860634684875096,52.22521538099434,36.27582692930598,9.0,46.0,103.0,0.6469615513284234,-0.12832870947600217,123.35447704580335,18.304278792892706,124.0,126.0,128.0,-6.383102972908798,39.94902808846465,102.8583542927392,43.44093963099168,68.0,94.0,152.0,1.528625341884937,3.9307308949060635,52.22778886535211,36.2723243525905,9.0,46.0,103.0,0.6473322421820831,-0.1281280469673005,36.43316721423722,30.389455530282465,3.0,29.0,80.0,0.8500882852836457,0.27165476343794737,134.32464855307154,4.138068844365146,128.0,134.0,140.0,-0.0047527816613222,-1.1848971959282975,117.17431028479504,6.778379546613224,108.0,117.0,126.0,-0.032854305903330876,-1.2243325811953294,36.61739990546384,27.440491145973272,5.0,31.0,75.0,0.8389132939890582,0.5496262243387848,135.54570560739484,4.831248493519057,130.0,135.0,142.0,0.3009731373145328,-0.9956531494111083,128.47006987117015,0.5148554457220084,128.0,128.0,129.0,0.016356389001158628,-1.2766879924436865
5.7.jpg,5,7,-1,37.68651214290987,26.868030495965346,7.0,32.0,75.0,0.833898506212815,0.5534810625598539,33.20812972121749,25.431915307953165,4.0,28.0,69.0,0.8875602057843589,0.6981050791139549,23.90747619399129,21.439347439285697,1.0,18.0,54.0,1.1366222088865843,1.5611981128071122,20.4672699982776,13.506144979090568,13.0,21.0,23.0,8.676060337978006,89.47526077215072,121.86842203685933,58.9285410290626,66.0,104.0,227.0,0.9688805094541985,0.23920333141446903,37.691479048251765,26.861524582494432,7.0,32.0,75.0,0.8349104176565709,0.5546062291964491,33.80114318053197,28.77499695165703,3.0,27.0,75.0,0.9068970307539252,0.40517497564035887,128.29795379050714,0.9295185421969007,128.0,128.0,130.0,0.4668222345550902,0.7180645538921975,134.09675746167665,3.624572949218106,130.0,135.0,139.0,-0.05579348159843704,-1.2709871763218394,33.406156344578136,25.355427074609448,5.0,28.0,69.0,0.899160358881403,0.7382338301265485,123.49604045176054,2.486811218093485,120.0,124.0,127.0,-0.04393618859394422,-0.9551351462491158,131.91068674491277,1.5127338773525583,129.0,132.0,134.0,-0.4114509442170666,0.378386514047818
8.76.jpg,8,7,6,139.42847541962578,42.63230893020078,86.0,136.0,200.0,0.3306652439593794,-0.503192496107705,116.72403319269621,40.98113794080908,67.0,112.0,175.0,0.4210619751864872,-0.32726031225980234,87.1399918107565,39.6586788927931,40.0,82.0,144.0,0.5756191608413362,-0.07760114121508366,16.986371523218743,0.7294811929344778,16.0,17.0,18.0,0.2942802460187591,4.5215104596087645,103.28731211910778,26.69069621235218,71.0,101.0,137.0,0.6886254498291844,1.1449624864637107,139.42847541962578,42.63230893020078,86.0,136.0,200.0,0.3306652439593794,-0.503192496107705,127.77595124579597,41.42944306443541,76.0,125.0,186.0,0.2773156438430409,-0.4643817096233427,132.52302908640334,0.9293676327872971,131.0,133.0,134.0,-0.07685151307431495,1.5883571814055397,147.7941548058799,1.5919789731238556,146.0,148.0,150.0,-0.6550485776080485,1.8154361516933495,120.10114931461284,41.30412788167263,69.0,116.0,179.0,0.41131898318376436,-0.36476161855683475,111.74200333016267,1.5180023657178676,110.0,111.0,114.0,0.8218828906351205,0.3827896496938128,144.95026736615645,1.8398674620034225,143.0,146.0,147.0,-0.78168367265828,0.5247101108549082
8.62.jpg,8,6,2,171.53244623012748,53.45781440483005,97.0,175.0,243.0,-0.24725998391228912,-0.8429500139522839,61.03282019261256,40.188670721403945,15.0,52.0,121.0,0.6514298050671214,-0.3705467726870215,98.07015127730801,41.100119275716054,47.0,94.0,157.0,0.3182915672217186,-0.6427997534536436,169.70683578135302,1.5052329848314432,168.0,170.0,171.0,-36.26920364203121,4084.612056875232,174.04687272048224,34.32438011877166,128.0,177.0,215.0,-0.19310831660147212,-0.22481959243092797,171.53244623012748,53.45781440483005,97.0,175.0,243.0,-0.24725998391228912,-0.8429500139522839,108.44951749599778,42.79127527770065,53.0,107.0,168.0,0.07970141190081362,-0.7779011659582284,175.535424799986,7.409170674637573,165.0,178.0,183.0,-1.3021728775587083,1.6868249095929384,131.4126702769365,2.3405628448543396,129.0,131.0,134.0,0.33083573550100753,1.2132239159858385,98.28047915827804,43.69780336628681,43.0,94.0,162.0,0.295755990402185,-0.793291993640671,127.95593710427572,1.6563002990466706,126.0,128.0,130.0,-0.285438986379212,-1.0218828900945824,192.22664606712067,12.23160910515916,174.0,196.0,204.0,-1.228660889195257,1.035136698089656
6.67.jpg,6,6,7,98.58617087702713,55.77355845751273,27.0,95.0,176.0,0.2618174632018696,-0.8433178277284821,40.34356259324747,29.3774981153303,5.0,36.0,81.0,0.6987760141241615,0.0969712900662354,38.138576199840884,30.148966056843452,2.0,33.0,81.0,0.7270133397994794,0.0041987916061096975,19.137176636730217,52.301347115984406,0.0,2.0,14.0,2.707506922894541,5.3579941058619855,171.83856880812468,38.735905029491974,131.0,162.0,240.0,0.675105539558447,0.21179160454961066,98.58890970240562,55.76882128148307,27.0,95.0,176.0,0.2621778040245129,-0.843654127531611,61.927631694123,41.08246640099257,9.0,59.0,119.0,0.3543423915744569,-0.7345313349135116,153.00936316474386,11.911698329746299,136.0,155.0,168.0,-0.312999787641919,-0.9650751684691752,141.65962070769848,6.3454058847332595,132.0,143.0,149.0,-0.4411454572217174,-0.7738894284601519,57.50915113919963,36.91366216705779,12.0,53.0,109.0,0.5064866485385581,-0.4266287197408092,118.59287740060573,4.150331795354552,113.0,119.0,125.0,0.23172463937025325,-0.6526286486832755,164.02785072234573,17.874007918166665,139.0,165.0,189.0,-0.04238761459872215,-1.094073644779083
6.73.jpg,6,7,3,54.923594399744104,37.68228668862417,11.0,49.0,107.0,0.6831454883809001,-0.021911878298595422,44.67096724982161,33.3000982274388,5.0,39.0,91.0,0.7263438418254452,0.08124771303948952,23.95155778647179,23.291421699675613,0.0,18.0,56.0,1.2185922785402892,1.7015279106305847,19.994157624074212,13.069982051090692,14.0,20.0,22.0,8.884985275996868,94.32775673627542,167.8523776481878,50.963617456891825,112.0,157.0,255.0,0.2875533797575551,-0.3760855347079377,54.930738416869666,37.67222652199146,11.0,49.0,107.0,0.6842543834049216,-0.021377613144712537,47.701441401540315,37.65271947176023,5.0,41.0,101.0,0.672005318271496,-0.2369226962327251,129.1981604783347,1.3321256908649433,128.0,129.0,131.0,0.4613270051588512,0.49427199226132945,141.5367003764671,8.018959212130211,130.0,142.0,151.0,-0.14243016158189165,-1.2379555735239938,45.36137398193942,33.40477908752125,7.0,39.0,92.0,0.7502723479250728,0.13816171119053333,117.56282571787112,5.938966490616272,110.0,118.0,126.0,-0.005490432589298981,-0.9917815199926641,136.40053148298517,4.14077882449583,132.0,137.0,141.0,0.3614588185854768,-0.3806378593637616
7.5.jpg,7,5,-1,81.65598730346203,46.96590147092972,22.0,78.0,146.0,0.384152772523339,-0.5412689035660714,55.02382028001279,37.10463534687924,10.0,51.0,106.0,0.5684729786298679,-0.22154655590780292,53.1731379641249,37.538808531685966,8.0,48.0,105.0,0.5956577591798093,-0.22447929439302072,17.92713417484806,49.32242332219588,0.0,2.0,11.0,2.933948310241326,6.644567995981207,109.12721586575134,46.27709492613139,69.0,95.0,170.0,1.6262730845382685,2.44795498377234,81.657548288674,46.96325266347649,22.0,78.0,146.0,0.3844053759036145,-0.5414161159021966,65.0698801702714,43.486535731186585,9.0,62.0,125.0,0.4030080096755889,-0.6037158362230142,139.20923500898107,4.672167382532759,132.0,140.0,145.0,-0.47228381926720003,-0.5749813876640926,133.71360547230628,2.087180091648919,130.0,134.0,136.0,-0.7793125314467115,0.040168869216920644,62.78793484412293,40.02441876882567,13.0,59.0,118.0,0.5085927116738311,-0.34645890093114673,123.49119952757069,1.7528263875941636,121.0,123.0,126.0,0.3597344976397068,-0.5056827421258268,144.55093427819196,6.873318284868567,135.0,146.0,153.0,-0.1611327367945925,-0.8431044456267882
10.34.jpg,10,3,4,238.78171824333918,20.604550929092348,210.0,247.0,255.0,-1.6416215021252318,2.6108286024261895,191.18830883368443,35.01065364289138,144.0,194.0,237.0,-0.3909657157084082,-0.31737577910936743,129.72016761689125,53.66553125502415,57.0,132.0,200.0,-0.22345339133955588,-0.4877962964576352,17.39359186833408,2.443734896493058,15.0,17.0,20.0,6.149801026365343,247.58393372861448,120.02793631063882,50.83653791029836,54.0,119.0,186.0,0.28255917910794154,-0.237272009206547,238.78203822684398,20.604759860370272,210.0,247.0,255.0,-1.6415977102857746,2.610721679661979,205.1218636267261,28.715057848793375,166.0,209.0,240.0,-0.639124912744027,0.09493308673027911,138.3521549770565,6.620706524613967,128.0,140.0,146.0,-0.40410648174648944,-0.9684587652631769,165.38106436823196,12.910640815087024,147.0,166.0,182.0,-0.23702883685522919,-0.7053478784279692,198.430299520122,32.142774637751124,154.0,203.0,238.0,-0.6272935330824182,0.00180541265331291,94.20558842924085,11.306553345707938,79.0,93.0,110.0,0.22586865076907933,-0.4987775503460732,163.38304067972666,13.607584680653593,142.0,167.0,178.0,-0.6435279913476222,-0.6807648023111499
1.3.jpg,1,3,-1,16.605325656356882,13.73478033406084,2.0,14.0,35.0,1.0947275959302956,1.3899816341812548,15.636743682488127,13.408708935777522,1.0,13.0,34.0,1.1241189866602455,1.416920452825079,14.886480647621859,12.85541694720057,1.0,12.0,33.0,1.1986218652697058,1.7560386521812585,44.35011146379272,62.66635920978421,0.0,20.0,165.0,1.3520452682092778,-0.04589146523648768,38.02642848355109,49.056791351249615,0.0,27.0,85.0,2.648320791580138,8.202996616918956,16.60917792377156,13.732013404336145,2.0,14.0,35.0,1.0951706912405588,1.3915750935527358,13.85130090302896,14.15344711362677,1.0,9.0,34.0,1.5492216064145914,2.73073724286784,128.3235053271327,0.7434986431088717,128.0,128.0,130.0,1.7096475264205193,1.5657519466051948,128.6001185994439,1.009638783855434,127.0,128.0,130.0,0.03495096867517552,-1.107043248776582,15.869966782313428,13.403527456062651,2.0,13.0,34.0,1.1231488332602084,1.4547861054294797,127.51018282030462,0.5054627871157852,127.0,128.0,128.0,-0.043864693588489864,-1.827103358362602,128.73535887404344,0.5955716643795087,128.0,129.0,129.0,0.9038756030340956,3.463674144016073
4.62.jpg,4,6,2,66.24482093567457,39.48952132998817,18.0,62.0,121.0,0.5063131629147741,-0.3648856711587909,20.104817940084306,16.66433980925117,1.0,17.0,43.0,1.1211283731420474,1.680926911560321,31.197594677186245,23.794703356109725,4.0,27.0,64.0,0.801933980288142,0.3831814711394119,154.6513055132477,53.59144823814305,6.0,173.0,177.0,-2.5091408899831373,4.318878198636981,186.74467650543,34.23702222345683,150.0,181.0,245.0,0.19583326014608726,1.218600339617125,66.2465151948398,39.48673829663715,18.0,62.0,121.0,0.5066389517270985,-0.3649911382932589,36.718677116219176,27.76600910652416,5.0,33.0,75.0,0.6953584194251423,-0.10644226331966156,149.74310722462454,11.91433188125993,132.0,151.0,165.0,-0.07306746186049336,-1.0567183132753866,131.80901750475113,1.9144432414846029,130.0,132.0,134.0,0.44041161303892745,0.4568634859179954,35.19775710042425,23.828712201931804,8.0,31.0,68.0,0.7878203398810584,0.3947659137096009,126.15368156097485,0.5911862851129615,126.0,126.0,127.0,0.3153649294104281,6.7891856722926285,155.22826495023236,14.660873388959434,137.0,153.0,176.0,0.24415834825076077,-0.862895108952308
4.76.jpg,4,7,6,35.78723456607859,28.465627223069358,3.0,31.0,75.0,0.8174854316222961,0.4340643360891696,29.47632538569425,25.890989053553618,0.0,24.0,66.0,0.9428615779484518,0.7696364916206329,22.973852513471616,22.94850927090358,0.0,17.0,55.0,1.1904255797543002,1.5468368577615097,16.85882384783839,21.154974822128874,0.0,15.0,20.0,5.848151693738469,36.55874718902787,126.79430033709801,71.51613288934546,58.0,105.0,255.0,0.6065438519038902,-0.6219556027772231,35.80723456607859,28.44170418016739,3.0,31.0,75.0,0.8204695770362687,0.43846403348439456,30.752870254176816,29.18336483247641,1.0,23.0,73.0,0.9838390542077006,0.557844825834092,129.5457070446101,1.2451855613559861,128.0,130.0,131.0,0.040892143931980485,-0.5452766443077417,132.80927487020497,3.13766227976127,128.0,133.0,136.0,-0.17814792954352557,-1.3085112828365302,30.627939273147806,26.341976882103683,1.0,25.0,67.0,0.9277128375463627,0.7172182998688363,124.45122216480894,2.2198610587991476,122.0,124.0,128.0,0.16668615252541555,-1.024102266563809,132.59133239831698,2.2435121104345246,129.0,133.0,135.0,-0.291803390687598,-0.21001844099019484
7.33.jpg,7,3,3,124.9051627666642,52.36102058995066,59.0,120.0,199.0,0.2645372696184383,-0.7552064708265571,85.2634162545213,38.5864571547225,38.0,81.0,140.0,0.36511863642255404,-0.5747089278653168,35.184489062769124,25.416953358515862,7.0,29.0,71.0,0.9426085205151764,0.7072035721462129,16.819430132132574,1.2293614055126534,16.0,17.0,18.0,5.834788662229832,969.5073097182523,190.1706326123865,27.570482415767813,158.0,187.0,229.0,0.4236007814446709,0.1053012546845924,124.90516817991683,52.36100817966543,59.0,120.0,199.0,0.2645387792600838,-0.7552094493616122,99.47484510715779,43.63096481133669,44.0,97.0,160.0,0.19688062928067532,-0.7237700393664626,139.23819886321695,4.233979520274699,134.0,139.0,145.0,0.11169609099444888,-0.673047380199403,162.06392805295144,10.100463646535932,148.0,164.0,174.0,-0.6052493129355386,-0.2903213726527403,91.42084988066239,40.94624286031629,41.0,87.0,149.0,0.37045443714523074,-0.6052360637299463,100.35044708545557,9.306744251096221,89.0,99.0,113.0,0.32832523029710914,-0.8139100366457348,157.3616456287985,10.838714858709013,143.0,158.0,172.0,0.020287983717485185,-0.906640703186298
7.27.jpg,7,2,7,104.19404324932064,59.474403379950246,23.0,104.0,184.0,0.10235392916536042,-0.9053932153634046,88.37602924785396,55.02507877593033,15.0,86.0,163.0,0.21347759055425006,-0.826613273542705,91.68281318993404,57.53383375954833,15.0,89.0,170.0,0.20498779460592065,-0.8841378601762777,127.1255278755235,75.16377501878995,0.0,170.0,177.0,-1.0534271233069377,-0.8764422922249486,58.11201562375386,50.493685835810524,27.0,42.0,101.0,2.8356255971032307,7.794500639634629,104.19922620402303,59.46563516252262,23.0,104.0,184.0,0.1028885286425404,-0.9058967078302294,97.33819533193669,59.28660905384105,12.0,98.0,176.0,0.06615023698764796,-0.9632696789554731,134.93818628681026,2.628429048203973,131.0,136.0,138.0,-0.9077331823153191,0.1061942324699916,128.53704757347464,1.4177520701866337,127.0,129.0,130.0,-0.012241438537205277,-1.0543503082460104,93.47183415712065,56.57223750945362,17.0,92.0,170.0,0.17707856514915327,-0.8614290973511336,127.1297314278267,0.9042533347639696,126.0,127.0,128.0,0.232681377365349,-0.8879739965205431,137.31839039543738,3.1108196622064845,133.0,138.0,140.0,-1.0018312434541174,0.11194907209753069
9.22.jpg,9,2,2,158.31687897786645,40.58023739264277,106.0,157.0,213.0,0.11270002933983649,-0.5592502381859727,130.7803305785124,43.73853963346867,75.0,128.0,190.0,0.23797932405736646,-0.5601497259040378,186.16563503372282,42.83969869836078,126.0,190.0,242.0,-0.37532351322536317,-0.516491378104003,135.27536477628954,2.98900803199299,133.0,135.0,139.0,2.0869051681482222,6.231359690253688,80.12623349482284,20.662496706568568,53.0,82.0,104.0,-0.5641899934891139,0.3229800990555498,186.1662819416738,42.837977653213656,126.0,190.0,242.0,-0.37508889447880184,-0.5172320756804187,149.55862781419208,41.81640948084092,95.0,149.0,205.0,0.042387957812898586,-0.602794472670368,149.61138500997436,3.650708064829798,145.0,150.0,153.0,-1.4238391565160626,2.7811123666115174,102.80611095278807,4.491071209855051,99.0,102.0,109.0,1.7739124783572133,4.260304767718089,145.32178398404105,42.58619753878997,90.0,144.0,203.0,0.13058198609645666,-0.6068255913600376,148.2132269402489,3.858648723404567,143.0,149.0,152.0,-1.5874473386400931,3.187674261072826,139.3425643583167,2.1784672101913554,137.0,140.0,141.0,-0.41616675693088684,0.10289656785723622
3.1.jpg,3,1,-1,14.039634102800862,12.10034622070068,1.0,11.0,30.0,1.2054951557142601,1.8745518403048518,15.432485072329948,12.995512678143282,2.0,13.0,33.0,1.117941020993942,1.4433781313931027,19.022373407202217,14.913850559785041,3.0,16.0,40.0,1.0074569493422116,1.0390047138616083,98.37667417666974,38.05218177372195,0.0,111.0,120.0,-2.1224103277778035,2.702721254873615,75.10466875961835,54.899521963260824,0.0,66.0,142.0,1.3661421004633918,2.5422629039731897,19.035457556171128,14.90163252475999,3.0,16.0,40.0,1.0098579927299973,1.0450600649020734,13.508741397353031,13.586236895309757,1.0,9.0,33.0,1.5672194120105174,2.875304685283277,128.25317426900585,0.8783914905605019,128.0,128.0,130.0,0.4977359400011176,1.4628577389376431,125.6410676515851,1.8009053016093826,123.0,126.0,128.0,-0.7704024265217638,0.17916365678581592,15.390853062480764,12.972135438766063,2.0,13.0,33.0,1.1263412134989426,1.4845458178998747,129.6466408125577,1.0439224863628949,128.0,130.0,131.0,0.4204862778698103,0.38041581019901693,126.64940744844567,1.2888554573860402,125.0,127.0,128.0,-0.5818607361315491,-1.058541623762091
8.jpg,8,-1,-1,138.50689845160065,43.51869212168047,85.0,134.0,200.0,0.3750299480255562,-0.5023209309185002,107.93159257148285,40.52492576143764,59.0,103.0,165.0,0.5203914213510477,-0.20617531655707344,78.95278996865204,39.05935878685151,33.0,73.0,135.0,0.6559988756939633,0.08907668064764973,14.700830246034007,0.8113195764198823,14.0,15.0,16.0,0.17696522079768548,2.105911200594285,118.2065863968842,29.297828863776022,83.0,116.0,155.0,0.6683224411422428,1.0569687223369497,138.50689845160065,43.51869212168047,85.0,134.0,200.0,0.3750299480255562,-0.5023209309185002,121.01131328963618,41.51247608740714,70.0,117.0,179.0,0.3568021984356261,-0.41368694307081055,136.22545312054717,1.1854087792551216,135.0,136.0,138.0,-0.2916259924285882,2.124268784549886,149.00346015009023,1.6969638835183571,147.0,149.0,151.0,-0.42751859279100674,1.4339591308435216,113.76938681485703,41.21339300557989,64.0,109.0,172.0,0.48563041935923923,-0.2827000085787206,110.88194642348247,1.6754197504363677,109.0,111.0,113.0,0.29083663155301254,-0.22900097206283254,149.73665336753112,2.953824963161964,146.0,150.0,153.0,-0.2525851816974655,-0.9691479510865939
3.3.jpg,3,3,-1,19.75355281612165,15.878241377312913,2.0,16.0,42.0,1.028073525189889,1.0752295702925014,17.325357643758768,14.651914146636132,2.0,14.0,38.0,1.1058186117985667,1.3495349890869894,14.659132895351984,13.485730375577818,0.0,11.0,33.0,1.2315920146927908,1.7921429052801354,21.373013459314485,30.106238605453036,0.0,19.0,24.0,4.248965326702627,17.499572633349057,88.23048694667946,65.53514333835106,29.0,70.0,191.0,1.254990817138052,1.070799737484248,19.757475947934353,15.874384175706407,2.0,16.0,42.0,1.028885525010479,1.0769985850154074,15.974853473093674,15.96144095226113,1.0,10.0,39.0,1.4384138499237251,2.191852668268936,128.56139465072218,0.9773047993989904,128.0,128.0,130.0,0.46683653298196187,0.023319544099297485,129.9607996850471,1.3956299609406504,128.0,130.0,132.0,0.2729993334624352,-0.05353034788475686,17.74028198125046,14.84635080218848,2.0,14.0,38.0,1.0942733275488905,1.3080292925832122,126.59152235427278,0.8365930749359043,126.0,126.0,128.0,0.23131731981361894,-0.4002976996086707,129.9961501931547,1.3714020294825517,128.0,129.0,132.0,0.18566487065129553,-1.2125473097439563
9.34.jpg,9,3,4,221.52775686700164,32.120236494314554,174.0,229.0,255.0,-0.9181080659152154,0.10979173327134628,163.75320129393938,38.52424415023958,112.0,165.0,213.0,-0.166189184714741,-0.4953235508993932,88.37626412936281,47.76042460779503,24.0,87.0,152.0,0.14145233760235823,-0.5881630094661214,17.11972343310205,1.5213741131230598,16.0,17.0,18.0,2.8454149301944645,12.299483064767731,159.23550445545422,44.80104933888584,102.0,159.0,219.0,0.040604767086485895,-0.26379253061962826,221.52775783959586,32.120237401867975,174.0,229.0,255.0,-0.918107999739999,0.10979159176963105,181.71508775717822,34.23821252953963,134.0,185.0,223.0,-0.42831928831359906,-0.3691945302992812,142.0549637319608,5.301253520424833,134.0,144.0,147.0,-1.4579592433504505,1.6468039329295987,174.42367274927105,7.719574086135531,163.0,177.0,182.0,-1.2286134555663542,1.1503001002097308,172.45065932163496,37.24499111978652,121.0,175.0,218.0,-0.35638439517354364,-0.5108736113834071,86.71608661146222,6.384709228448833,81.0,84.0,96.0,1.2841759480321058,1.5464900499434524,170.95450252777243,8.54167576842158,159.0,174.0,177.0,-1.8709123618996524,3.3308952557639104
7.31.jpg,7,3,1,99.65724859132403,45.7762255230557,44.0,94.0,164.0,0.4398092226798512,-0.4548927221849972,72.53335744691321,34.947840012886466,30.0,68.0,122.0,0.4892907689301376,-0.3204568376293526,35.567854137447405,23.725389941677086,9.0,31.0,69.0,0.9171765475071438,0.8169194189808189,17.44157722496986,1.5224974246312033,16.0,17.0,19.0,11.744342301203718,1236.0950097478212,170.5848635614281,28.740538592985818,139.0,166.0,209.0,0.8529885999788732,0.9611813492856962,99.65728205506754,45.77615750835594,44.0,94.0,164.0,0.43981806929352596,-0.4549035905983989,82.6081494057725,40.08977190991489,33.0,79.0,138.0,0.33227130135820077,-0.5434361830638959,134.93622204178047,3.393977298222001,131.0,135.0,140.0,0.39904329976882574,-0.29665178390326963,153.58335966142565,8.836343506930445,141.0,155.0,164.0,-0.3968817392329865,-0.5348831294129908,76.43922639698826,36.7148212120582,32.0,72.0,128.0,0.5053228319753095,-0.31795079618168787,107.86707315272754,7.76100973541293,97.0,108.0,119.0,0.0814061133822579,-0.8951233493713522,148.36955045397505,8.674590192860377,138.0,147.0,160.0,0.29054375146433986,-0.6934193188196183
7.25.jpg,7,2,5,108.26918977064283,60.77415932701353,25.0,108.0,189.0,0.07392946555350466,-0.9279128933874539,86.44093094775418,54.1100604247957,14.0,84.0,160.0,0.22659527099864388,-0.8069519991805869,84.04104396320481,54.89083513537581,11.0,81.0,159.0,0.2656438233539305,-0.8367676443831438,17.012562999791864,45.98281247305337,0.0,4.0,11.0,3.1608430215708805,8.094947619539209,79.79885584013662,53.195299787873445,40.0,62.0,143.0,2.1063403683191004,4.042616158044805,108.27581556889955,60.76265442669678,25.0,108.0,189.0,0.07463228766164581,-0.9286694503535902,96.56170818671475,58.78106628127821,12.0,97.0,174.0,0.06812784941767165,-0.9591881393658479,136.41963162020585,3.2043660515442594,132.0,137.0,140.0,-0.8659803624835727,-0.04768321174617851,132.75817903125724,1.7431793037629855,130.0,133.0,135.0,-0.7940867537822294,0.7780304066101844,92.72846724983417,56.157472144389786,17.0,91.0,169.0,0.18131923431978683,-0.858529098582991,124.10211655958405,1.296838424088284,123.0,124.0,126.0,1.2176828050463777,1.4909285582786351,141.62314599223092,4.917096118035723,134.0,143.0,146.0,-0.83429004641842,-0.31863227324507637
1.1.jpg,1,1,-1,14.837239766081872,12.547473250649043,1.0,12.0,32.0,1.1476836635853438,1.6139889845883522,15.109889319790705,12.778463045777897,1.0,12.0,33.0,1.1302087339085523,1.502841330936402,17.120270360110805,13.934713130292655,2.0,14.0,36.0,1.0225895654429304,1.086620357176427,82.02568224068945,53.739555444189385,0.0,114.0,120.0,-0.8560641649999947,-1.2384221554192345,36.18647608494921,41.82518954789255,0.0,30.0,75.0,2.586228127586122,9.528066121180691,17.125473684210526,13.93165088668387,2.0,14.0,36.0,1.0228971459238203,1.0878505408968264,13.222205478608803,13.361758496920086,1.0,9.0,33.0,1.586946933499629,2.9886305407812275,128.33598325638658,0.7095730776788821,128.0,128.0,130.0,1.6336442117253331,1.6319083909119456,126.61226075715605,1.1527685237730199,125.0,127.0,128.0,-0.2064584399091138,-1.022734714779966,15.156579378270237,12.81105191847241,1.0,12.0,33.0,1.1274312889451754,1.4939763719902723,128.96597106802093,0.7580417663751909,128.0,129.0,130.0,0.05531824337461751,-1.2035067616220618,127.68066038781163,0.4723919237248506,127.0,128.0,128.0,-0.8728346547495571,-0.6364495393918865
4.74.jpg,4,7,4,36.9078442951699,29.60961259412941,3.0,32.0,78.0,0.8326526291241338,0.42016303515841313,30.133938141285892,26.504482004829757,0.0,25.0,67.0,0.9252539766661719,0.6590464402837135,19.744554021800646,20.34676190189161,0.0,14.0,48.0,1.2896690985756158,2.10428480525609,19.29024335031126,21.568086883723705,0.0,18.0,22.0,5.421797331318982,32.28795387494295,147.73347260156,66.90359914631743,82.0,131.0,255.0,0.22829562795910602,-0.5741881446698494,36.93318274648754,29.57959055277049,3.0,32.0,78.0,0.8362456937085838,0.42543388093995693,31.400788858541866,29.803517740538904,1.0,24.0,74.0,0.9689833450226628,0.47755219218738,129.14584139169804,1.2260269529493655,128.0,129.0,131.0,0.3891342713263001,-0.05825948164498307,135.14110824044684,5.3316999001557175,128.0,135.0,142.0,0.20398591306410135,-1.1854489600951659,30.949923476292415,26.692905353986003,1.0,26.0,68.0,0.9276244329451837,0.679245012355306,122.65299180630397,3.787089823027797,118.0,123.0,128.0,-0.18698756225468938,-0.9532571831775631,133.30593538544818,2.9606634508749505,129.0,133.0,137.0,0.16887959435858443,-0.3888765105257419
4.48.jpg,4,4,8,66.36249024974275,48.052813335305345,7.0,60.0,133.0,0.5278168749936059,-0.45350078762096224,32.65956575612394,29.3919525626758,0.0,28.0,73.0,0.8928715368959751,0.6242911459716525,14.133736084607918,19.774144016783833,0.0,6.0,41.0,2.137958867243124,6.155326417779859,14.02548585945235,26.03438538660197,0.0,11.0,14.0,5.079201170922745,25.780504377198188,214.76497503350586,45.559160302337965,160.0,224.0,255.0,-1.7660270311393549,5.158892451311884,66.40077010011885,48.001393529719465,7.0,60.0,133.0,0.5314435926821834,-0.45201994236558374,43.274025022904596,37.632358508482405,1.0,37.0,96.0,0.7031109084149669,-0.1925354573572542,141.21049030420804,8.244322973958877,130.0,141.0,152.0,0.021136373412667307,-1.0934416940897314,144.82842659539497,12.115989819852475,129.0,146.0,160.0,-0.023256968241730857,-1.4515544306155792,40.6209479292496,33.436262727491176,2.0,35.0,87.0,0.8114099162828773,0.3047067556140419,115.00132078297726,8.95590870369939,103.0,115.0,127.0,-0.004519333912019086,-1.322172881062162,150.5878072668351,13.846441488467809,132.0,150.0,170.0,0.13423296228179282,-1.0223922008832766
9.8.jpg,9,8,-1,153.04224025411943,40.81679267536455,103.0,148.0,212.0,0.34210806835002205,-0.6065682056576991,114.9631304112712,39.091722068770935,69.0,109.0,170.0,0.5662489756080793,-0.11096353250568036,112.93903244379864,41.21817198939265,63.0,108.0,171.0,0.43160706123924925,-0.2591859564202763,48.602537206592636,77.61911812127643,0.0,3.0,179.0,1.0815281720740029,-0.8277254307352533,72.52035202075905,20.982869116124157,50.0,70.0,99.0,0.9444538590713245,1.951364942801396,153.04224074041653,40.816793633949835,103.0,148.0,212.0,0.34210814738687284,-0.6065680817725925,131.93031362273848,39.31685475702981,84.0,128.0,187.0,0.3770039697617176,-0.3915732467331514,142.8055565281498,1.8773966506349882,141.0,143.0,145.0,-1.068495306199408,4.123435770983129,135.15943591479297,1.900064709596295,133.0,135.0,138.0,1.0681794766786608,1.8135006634858266,126.10711472138092,39.833175292166,79.0,121.0,183.0,0.4750473136886082,-0.3147397804428054,121.47694319466085,1.098148091106683,120.0,122.0,123.0,-0.14668570051089655,1.741819703992654,151.6487208440562,2.6001775097189332,149.0,152.0,155.0,-1.0120026977179915,4.425319251012074
6.65.jpg,6,6,5,119.86734787167202,58.47002381579581,40.0,121.0,197.0,0.013477209094009703,-0.9078730494698624,37.83069128108168,30.999008366629305,1.0,32.0,82.0,0.8103634151189196,0.14109215575758594,44.986582576168715,33.06159188720257,4.0,41.0,91.0,0.5949717730415521,-0.2687177909440277,160.3563410226634,51.93954483497414,174.0,177.0,178.0,-2.7472669675590504,5.559460533631746,188.0911267309746,35.868317243677886,146.0,183.0,249.0,0.2361954444567638,-0.17974066823278134,119.86914279434106,58.46640245753991,40.0,121.0,197.0,0.013762596601746203,-0.9083654797070961,71.00847713139164,42.505543066552455,14.0,70.0,128.0,0.20556743307542913,-0.8092218901033332,163.07265084450358,12.351861181561663,144.0,166.0,176.0,-0.9446236215590239,0.0820505579290769,142.86541727210658,5.9168644964271415,133.0,144.0,149.0,-0.661226227412412,-0.2497977290741713,63.16947114215632,38.80891571495296,15.0,59.0,117.0,0.45409268992563406,-0.5369544966474913,119.20116409804528,3.529002052533329,115.0,119.0,124.0,0.2444969685884795,-0.5103729806829316,177.73802347453457,19.12861399964072,149.0,182.0,199.0,-0.594867381952949,-0.6866531819184409
8.48.jpg,8,4,8,167.23228370963005,57.29623055813266,89.0,169.0,245.0,-0.17304726292439307,-1.00706954954183,98.43245430265965,39.28465798526802,49.0,95.0,154.0,0.15837458335423987,-0.8365346170614827,67.90307417587228,31.33142780284665,31.0,63.0,114.0,0.4257671871731719,-0.5016906881966854,9.099808593453663,2.363228031981065,8.0,9.0,10.0,58.10133547509538,4116.150594040718,154.24931869773522,21.080747869915225,130.0,153.0,179.0,0.8305701949901847,2.6611161415813926,167.23228370963005,57.29623055813266,89.0,169.0,245.0,-0.17304726292439307,-1.00706954954183,123.29105563433569,44.45068405690456,65.0,123.0,184.0,-0.09713171185576233,-0.8926116556765571,152.70734153035758,6.285598158399452,143.0,154.0,160.0,-0.6538369867843488,-0.3459696615128567,156.92244290385517,8.015216530846091,145.0,159.0,165.0,-0.8154643420820037,-0.19464403075382108,115.53748378199106,43.43460853003965,60.0,114.0,177.0,0.04688591630191362,-0.9480919709659799,104.52149919566456,7.479692214990521,97.0,103.0,116.0,0.6585344708087023,-0.6498792879473698,173.3362413901095,13.597439622469594,153.0,176.0,189.0,-0.5511583236094003,-0.710689357790983
10.22.jpg,10,2,2,219.94918447800893,26.497733192646837,184.0,223.0,253.0,-0.7074282319380902,0.17612620448055072,193.08303600265984,37.4545799557639,142.0,196.0,240.0,-0.5274179090694622,-0.24963469169955443,226.93976394034388,28.764477414352804,187.0,235.0,255.0,-1.3611408972059977,1.7470427274338753,143.6590063645863,6.287258739479773,139.0,143.0,150.0,-6.076468291052505,143.95243096182273,40.7243421677591,19.60782995554689,14.0,42.0,63.0,0.13305809898629226,-0.26940641794847187,227.65988268262564,26.967015013212325,188.0,235.0,255.0,-1.1448804329840205,0.8971541133537393,207.04081552199108,31.426797045318928,164.0,211.0,245.0,-0.6817736145624869,0.07186699730203694,143.69196352237105,6.82180523791859,134.0,144.0,152.0,-0.17414268513329254,-0.8561916340432352,114.67145863018904,5.264390921986514,109.0,113.0,123.0,0.70814735593861,-0.6139967815150533,204.9852270352427,32.97998013537143,160.0,209.0,245.0,-0.6557523421487891,-0.015469468813723353,138.75385294955828,4.3283118952847754,132.0,140.0,144.0,-0.6465516503341076,-0.6079907083821325,141.13049634273773,6.560513181220643,133.0,140.0,150.0,0.5453002991400772,-0.1644252069947698
7.7.jpg,7,7,-1,70.6985064842858,45.65117791170629,15.0,65.0,134.0,0.5185726564722501,-0.38098647680408515,60.15945439408352,41.98822624681013,9.0,55.0,119.0,0.5660151486952436,-0.3087806794008632,40.65262678252209,34.42065783534092,1.0,34.0,89.0,0.853271458071471,0.27717707894480403,19.5607200309674,12.078096108999794,15.0,20.0,22.0,9.726764713613788,112.661102362584,135.3466992096699,54.348162006924426,81.0,120.0,235.0,0.893491119598501,0.03661438396403316,70.7046566839594,45.64191595781476,15.0,65.0,134.0,0.5194019815813454,-0.3809861868928288,64.67409631406235,46.336664281470945,7.0,60.0,129.0,0.46526409633515503,-0.5882426814839357,129.2222689067457,1.1525297840335724,128.0,129.0,131.0,0.29470144219168454,0.3805318809334799,140.8532865904542,6.0331769259776715,131.0,143.0,147.0,-0.6814390338603811,-0.6916144513542144,61.0857813530342,42.195676057700474,10.0,55.0,120.0,0.5780942667906649,-0.29188151435651566,118.03898400860551,4.690214299471284,112.0,118.0,125.0,0.4021153108673028,-0.7022669590208364,136.43397835783298,3.4137679640615453,132.0,137.0,141.0,-0.08715202294796703,-0.45573101714592834
6.71.jpg,6,7,1,52.72255505523978,36.12165252210521,10.0,47.0,103.0,0.7010265897874923,0.06492203162969812,44.64246893531163,33.14975289592333,6.0,39.0,91.0,0.7316122425897913,0.12480603162908022,28.302336064565342,26.295883675875412,0.0,22.0,65.0,1.0780237989632273,1.0912221244034468,20.190566177013363,13.118659664528318,14.0,20.0,22.0,8.897646784452022,94.06635700833144,147.4241352328929,56.52887220210516,88.0,132.0,255.0,0.6008892770788612,-0.49149492284857166,52.72903275017839,36.1125395063901,10.0,47.0,103.0,0.7020868777481579,0.0655033110781007,47.24765138653084,37.29238311634454,5.0,41.0,99.0,0.6807719334277114,-0.19546021370720323,128.70106444231195,1.113029281310355,128.0,128.0,130.0,0.3788010200957291,0.38086616303658705,138.7282876897714,5.777476149855347,130.0,140.0,146.0,-0.3560160852651641,-1.108178719391845,45.16966708496346,33.24181576369928,7.0,39.0,91.0,0.7548366641419307,0.17271168606736342,119.84883492040058,4.147399741568186,115.0,119.0,126.0,0.20864245559316374,-0.7400369969783034,134.67423144115548,2.8741358978822986,131.0,134.0,138.0,0.2326127823252397,-0.25543032598129267
8.74.jpg,8,7,4,148.14440738860392,43.4596742630886,93.0,145.0,209.0,0.2630145416657374,-0.5844327361025248,116.46241847228787,40.68510811366784,66.0,113.0,173.0,0.4032729200573944,-0.3232607166422752,70.18013806947825,38.40713766201468,25.0,64.0,125.0,0.6915311047452727,0.17763418684196752,17.82254774951419,0.7116613044986115,17.0,18.0,19.0,0.18049945874438564,5.989938358685745,143.4516007928588,33.195220428791366,103.0,142.0,186.0,0.41214504940438884,0.5073856992944616,148.14440738860392,43.4596742630886,93.0,145.0,209.0,0.2630145416657374,-0.5844327361025248,129.27955957042457,41.11025207552028,77.0,127.0,186.0,0.250638200982975,-0.4773689484463324,134.682017121549,1.2689271765502559,133.0,135.0,136.0,-0.45983116418427844,3.418260400533635,158.16817418773792,2.522306911266492,155.0,158.0,161.0,-0.9159710848338984,1.9691025872451142,120.69005658553286,41.17765599906585,70.0,117.0,179.0,0.3864129955770069,-0.3787862748447659,103.05923779734637,2.5959065931241727,100.0,103.0,107.0,0.7205776531051681,0.3463434784816748,152.05582010118871,3.0183431862526047,147.0,153.0,156.0,-0.49750840795880896,0.038548345227582104
5.08.jpg,5,0,8,48.70831801497406,33.215982798058334,10.0,43.0,95.0,0.7250355963125886,0.17947778941681625,33.154078379424575,26.13866750028977,4.0,28.0,69.0,0.9194500970919328,0.7890378380506289,28.085449212101405,25.160218935804803,1.0,22.0,64.0,1.0605637426185228,1.1224200546397975,9.274462204015258,15.437150017046346,4.0,8.0,12.0,9.2949395515161,90.67679288236286,136.09299897488566,55.3543931417237,80.0,121.0,234.0,0.7805157474531909,-0.07694127604257561,48.713755303070094,33.20825809910116,10.0,43.0,95.0,0.7260428723450416,0.18007846904059033,37.36584083689789,31.273465545920207,3.0,30.0,82.0,0.8496046874328671,0.25028045451731584,134.06658380163745,3.5757151894587054,130.0,134.0,139.0,0.02676803961829574,-0.9305441979862508,133.5843341328058,2.81513474912415,130.0,135.0,137.0,-0.4047042175815967,-1.0465379414292337,37.21984131152388,28.09350582223942,5.0,32.0,76.0,0.866029033286043,0.5861209796876352,123.71074950057286,2.006813722233534,121.0,123.0,126.0,0.3178578524217043,-0.6355713118070243,138.09070122099482,4.99034765217037,132.0,138.0,146.0,0.18621605243585784,-0.7068854197825498
5.5.jpg,5,5,-1,52.57903398046308,32.83282096932387,13.0,48.0,98.0,0.6226398553261863,-0.04219325101964566,35.115158091582394,25.484431294031037,6.0,31.0,70.0,0.8031381688922254,0.41545513901934994,32.497462660859725,25.08127787707572,4.0,28.0,67.0,0.8561636575753422,0.5312342840018287,7.996723013705371,24.531720536015165,1.0,4.0,8.0,6.539771585155093,41.63622415393502,118.43272212790039,48.30827713678053,74.0,104.0,188.0,1.3691706619822896,1.5321613286580584,52.580857754484384,32.82999293802224,13.0,48.0,98.0,0.6230352941227602,-0.04214356738680891,40.25053418961148,30.83764050028442,6.0,35.0,83.0,0.722833862729641,-0.037573047433844486,135.36658349942178,3.8525394262714534,130.0,136.0,140.0,-0.1385348145946134,-0.8461860509438006,132.62355945965896,2.226646897424695,130.0,133.0,135.0,-0.1684855876589883,-0.9577644419867575,40.051331906203096,27.58086663674733,8.0,36.0,78.0,0.7453393058885239,0.24884585542084015,124.58785266110579,1.5863680363356358,123.0,125.0,126.0,-0.1825917775567747,-0.4836797612687809,138.99821805565807,5.173063966946637,132.0,139.0,146.0,0.1774532825206147,-0.7080233907530804
5.34.jpg,5,3,4,50.712755591643905,34.01409916334234,11.0,45.0,98.0,0.6800115928123375,0.05572020843606884,35.383046184887185,26.875162863498172,4.0,30.0,72.0,0.8443768516807382,0.5723456659041846,18.40941758322876,18.017329857128832,0.0,14.0,43.0,1.3950136942800702,2.924678270823743,15.78664501365616,12.958656890358947,11.0,16.0,18.0,9.684814422155954,106.23634906724847,179.80628281784405,45.87962662299154,130.0,172.0,255.0,-0.03406904692219187,0.4312235664359374,50.71979232794469,34.003958224128496,11.0,45.0,98.0,0.6812900787799747,0.05631824678680353,39.15384906867449,31.681493544381432,3.0,33.0,84.0,0.782056079399437,0.09443406727059456,132.41528358062055,2.620527440188374,128.0,132.0,136.0,0.026958589851875155,-0.6790002811281215,140.38961344455106,8.054381660998281,130.0,140.0,151.0,0.08968329530284826,-1.2655380652152637,38.02936886395512,27.883219036523887,6.0,33.0,77.0,0.8237967940941497,0.49877765133093055,118.45846066779853,5.826632137722381,111.0,119.0,126.0,-0.19162729897071004,-0.950346843939577,139.1383440368101,5.881838483008542,132.0,139.0,147.0,0.2657851246289502,-0.7706484272222696
5.21.jpg,5,2,1,48.87151592428548,33.93324680427586,8.0,44.0,96.0,0.6813155498249517,0.07583227771917311,39.69623401784516,29.78978187213735,5.0,34.0,81.0,0.8044315157594609,0.4231061653559558,40.16294892518611,30.98190336629121,4.0,34.0,83.0,0.8021101440605996,0.3281874336768502,85.10909589584683,84.72847475198529,0.0,20.0,177.0,0.10778391950396221,-1.9755580959761936,70.90757291052716,50.94685933407619,35.0,55.0,128.0,2.28874429782481,5.317770730003083,48.874268852280444,33.929465892207,8.0,44.0,96.0,0.6817607728850517,0.07613274955779614,43.15783162059488,34.538354778205864,5.0,37.0,92.0,0.7337990355508109,-0.031066037111229683,132.04855044554543,2.5318477107304407,128.0,132.0,135.0,-0.15776226601360638,-0.9913942717536544,129.29075023974448,0.8235313131477542,128.0,129.0,130.0,0.15703996037675558,0.31059206719822186,42.54197570848628,31.15742766570106,6.0,37.0,86.0,0.7608941722844316,0.2840755833864259,126.81862527694621,0.5502518434388896,126.0,127.0,127.0,-0.044788056435693044,0.008613439090212616,133.65802468055142,2.806710418540881,129.0,134.0,138.0,0.035429122870778616,-0.6698478001545176
5.35.jpg,5,3,5,48.908995841637754,32.74933922287532,10.0,44.0,94.0,0.7020038427562856,0.16752286441071185,35.222405452621736,26.703039494617464,5.0,30.0,72.0,0.8521210041952259,0.6156691957351588,22.86136512388967,21.201925769463113,0.0,17.0,52.0,1.1994996009344168,1.8446093281848057,14.63931399325804,12.897311732557942,11.0,14.0,16.0,10.034150767032656,111.40252481328457,158.77800792303339,50.790241425857424,105.0,147.0,255.0,0.43269282771370965,-0.1387141605785729,48.91533672891907,32.74018400821731,10.0,44.0,94.0,0.7032243815168279,0.16818400117476706,38.64717994143845,31.3362206185084,3.0,33.0,83.0,0.7989964471479702,0.15793377406394304,132.13788735513398,2.4105344443467307,128.0,132.0,135.0,-0.04237861787627726,-0.6667172287679284,137.49320686006743,5.589782511477978,130.0,138.0,145.0,-0.09811997618056004,-1.240600162210607,37.89569646416181,27.811064243228376,6.0,33.0,76.0,0.8302485445348587,0.5383806239259314,120.77571910140007,3.9235209786480723,116.0,120.0,126.0,0.03955700376036171,-0.8249577783543849,137.6740528038188,4.794755445849598,132.0,138.0,144.0,0.22130875740232275,-0.6629814838667301
5.4.jpg,5,4,-1,53.60175426822982,35.30688668402914,12.0,49.0,102.0,0.648456635946429,0.04793132634512842,38.57341627617008,28.17700658500159,6.0,34.0,77.0,0.7961872187097745,0.49868858315205555,20.78414097558983,18.83915611898881,0.0,17.0,46.0,1.311663546938123,2.6130295776916075,16.30516165488855,12.78878321291617,11.0,16.0,18.0,9.68035481875733,106.70041236679485,170.80929566670363,45.23457616371639,124.0,162.0,255.0,0.1650542216293324,0.6458916567762936,53.60943873531626,35.295616842968265,12.0,49.0,102.0,0.6498317154553604,0.04850192035772993,42.55267619030946,33.05600238730725,5.0,37.0,88.0,0.7203357751041948,0.017299690578246985,132.120332277096,2.4509120213600575,128.0,132.0,135.0,0.028447908778973564,-0.5661818314283478,140.896092894421,8.20922398206591,130.0,141.0,152.0,0.039769343633207256,-1.2557776255544435,41.035625154399334,29.12648617465666,7.0,36.0,81.0,0.7796730417685688,0.44495454008130375,118.14548939969538,6.052044846591097,110.0,119.0,126.0,-0.1844822400046118,-0.971047724701394,139.0401379916707,5.912799087363657,132.0,139.0,147.0,0.2625143412892044,-0.7592473609575663
8.61.jpg,8,6,1,173.2240186037826,53.62771905100191,98.0,177.0,245.0,-0.2624431794587996,-0.8471393791088917,58.44705051070923,39.20947497370084,14.0,50.0,117.0,0.6707617188298115,-0.3153502062864857,86.57042749407204,39.21249415502736,38.0,82.0,143.0,0.3888506462767461,-0.562993792843177,172.47647002756332,2.7000172219552776,171.0,173.0,174.0,-51.571795048642805,3292.81884323558,178.48269171291352,33.75703801506782,133.0,182.0,219.0,-0.2422551066851149,-0.20319161696162835,173.2240186037826,53.62771905100191,98.0,177.0,245.0,-0.2624431794587996,-0.8471393791088917,107.42828333226348,42.069763931735615,52.0,106.0,166.0,0.06410886125830301,-0.7808155058029467,176.0526105401983,7.657083444785799,165.0,178.0,183.0,-1.2844135514503787,1.5974821761802263,138.0404997967278,3.025539176957798,134.0,138.0,142.0,-0.12536724106314195,0.632461864570002,95.96120905135103,42.88845011153272,42.0,91.0,158.0,0.30087303859551234,-0.7893805960611235,123.53033813211331,2.4402813229779103,120.0,124.0,126.0,-0.16194882975957942,-1.1146058319466128,195.76923207849225,13.092818262762247,176.0,201.0,208.0,-1.1922056170887176,0.952636192548987
8.75.jpg,8,7,5,143.03250507207895,43.07977732398225,89.0,139.0,204.0,0.32072785309657625,-0.5421651273627957,115.74866997737746,40.73424020002757,66.0,111.0,173.0,0.4301839524495052,-0.30561791475131406,77.39752747092429,39.03000778865422,32.0,72.0,133.0,0.6321959053106105,0.061763283602633834,17.541711649150244,0.7775278859911479,17.0,18.0,18.0,0.09327898514819714,3.1800568551535386,125.82607729400941,31.122475421877958,88.0,123.0,165.0,0.6278313374655501,0.9543012793576184,143.03250507207895,43.07977732398225,89.0,139.0,204.0,0.32072785309657625,-0.5421651273627957,127.60289220349006,41.23657443796903,76.0,124.0,185.0,0.2860049221297627,-0.4606547987912766,133.53491175652465,1.1118425493785131,132.0,134.0,135.0,-0.2887697335354079,2.187573016194775,153.30099749265204,1.9719362381715244,151.0,153.0,156.0,-0.7561641369475872,2.2111959111528003,119.55764274279356,41.22125102521506,69.0,115.0,178.0,0.4127533047538373,-0.3575052386463202,107.17794438317101,2.257602339810471,104.0,107.0,111.0,0.3270010378038921,-0.746591329353417,148.62993470002277,2.5976693048302133,146.0,149.0,152.0,-0.02579969270342473,-0.5765489504479651
6.58.jpg,6,5,8,69.71212027263108,41.681741480414914,18.0,66.0,127.0,0.479273827337254,-0.35828606838735055,49.30295317536478,33.84591385655457,9.0,45.0,96.0,0.629795689323081,-0.062325678393444495,46.16050786151916,33.45014436508859,6.0,42.0,92.0,0.6757240058886032,-0.002195933560968477,6.746184395069019,19.838607299369745,1.0,4.0,8.0,8.15981103602214,66.22787066616104,106.68671243325706,47.78019077306496,65.0,92.0,170.0,1.6392981861969984,2.4231608011010977,69.71395142836052,41.67876691687072,18.0,66.0,127.0,0.47959278803343397,-0.3583715552564133,56.81104894072488,39.692844615844656,8.0,54.0,111.0,0.4962315627238232,-0.45947409972314235,136.36920302157918,3.76308952088612,130.0,137.0,141.0,-0.3482058724373335,-0.6351139316811825,133.34072389951035,2.187941217686118,130.0,134.0,136.0,-0.5504766646596976,-0.5157510088151311,55.06177751531705,36.084390516887346,11.0,51.0,105.0,0.5831662006138693,-0.16891874860495015,123.87416992692108,1.7716617982798482,122.0,124.0,126.0,0.11005101423340817,-0.6455803216165168,140.85019463103762,5.560665047172682,133.0,141.0,147.0,-0.01660286467965628,-0.7723517143274874
10.37.jpg,10,3,7,233.58288885776588,23.231806356773994,201.0,241.0,255.0,-1.2671656260301116,1.3313913254928043,200.0198632921537,34.7169551867907,153.0,203.0,244.0,-0.5328132808820122,-0.27006631952360616,154.2991208720669,47.48767870966989,90.0,156.0,216.0,-0.2753537666468076,-0.48552598703751837,17.992109342934782,3.210026065010644,16.0,17.0,21.0,15.254656681395897,605.5674825664453,89.96495597065878,39.77884489671548,37.0,90.0,142.0,0.2704040242264481,-0.15042462948969293,233.5852401043399,23.23362534224615,201.0,241.0,255.0,-1.2669859275700346,1.3307468220367094,210.19982726726306,29.592755346688964,169.0,214.0,246.0,-0.7045008582900155,0.05213315727913592,134.0017720667044,4.520161697365494,127.0,135.0,139.0,-0.2444254211346673,-0.8882794425154521,155.61276743910102,9.71800209030683,142.0,156.0,168.0,-0.2821559994478529,-0.4834554117919523,204.8541215626088,32.36883067589079,160.0,209.0,244.0,-0.6716013112602682,-0.057696365871739985,103.10069705829146,8.200631815601144,93.0,102.0,115.0,0.5311593744655121,-0.3354148774576884,153.2175698176775,10.268958392825825,137.0,156.0,165.0,-0.5905890635931642,-0.7222827293974579
7.6.jpg,7,6,-1,156.83757141273205,53.18709131592823,85.0,157.0,229.0,-0.06482896126785938,-0.8582710962512157,45.378895483077834,32.506268849034164,10.0,38.0,93.0,0.8402777814374176,0.1861433185753345,63.00505068188582,32.56862983314487,25.0,58.0,109.0,0.6024537534180183,-0.13497856356132143,174.901152329655,5.873447578643737,174.0,175.0,177.0,-28.52978660914458,846.6268853075339,190.11159594933952,29.48953127160091,151.0,192.0,226.0,-0.20833562117980697,-0.14680142241055805,156.83757141273205,53.18709131592823,85.0,157.0,229.0,-0.06482896126785938,-0.8582710962512157,93.21434955815043,39.04714505711437,43.0,91.0,147.0,0.1670036816711125,-0.684064119467124,174.2582991466458,8.745966357389769,161.0,177.0,183.0,-1.0742945271887328,0.798887063843571,144.58830572138288,4.3292449231969234,139.0,145.0,150.0,-0.4777486760702683,0.3127441119400136,80.69838831408569,38.109282115017955,34.0,76.0,135.0,0.4539067875527822,-0.5433502348018906,119.45699188272847,3.3877551586705326,115.0,119.0,124.0,0.05848995277068936,-0.8276195101709751,194.76021515729767,15.451677446412987,171.0,199.0,211.0,-0.8896604050954033,0.055663872432236694
6.64.jpg,6,6,4,132.1944356910963,51.18905437773133,69.0,125.0,208.0,0.1973195723742091,-1.04775375560814,30.11762214324757,23.064164971039418,3.0,25.0,65.0,0.6457003729791282,-0.4876393595339752,10.488966404649778,12.088407728917376,0.0,6.0,30.0,1.2186717267241562,1.3532487081559301,5.865529606741245,16.67086761860439,1.0,5.0,7.0,10.091422067722302,101.57064692117306,238.5489088465227,16.173611228222327,215.0,242.0,255.0,-0.7880653301547919,0.060545592697044626,132.1944356910963,51.18905437773133,69.0,125.0,208.0,0.1973195723742091,-1.04775375560814,73.32753034980324,34.58744143171518,30.0,69.0,124.0,0.19389170531293615,-1.0027377462438043,169.5421780080881,10.139879993179639,157.0,169.0,183.0,-0.17948977567714916,-0.44244148249798876,163.41771852733672,12.939825800983755,146.0,164.0,180.0,-0.3193633520688553,-0.8011984286975031,58.389828901221385,29.528118003003858,23.0,53.0,103.0,0.43481697540515407,-0.8698458862867069,104.44640568072843,9.97664257889521,91.0,105.0,118.0,-0.07565028263269145,-1.0331566869370203,192.72486573336522,20.084667840865286,167.0,191.0,220.0,0.0038292237129309067,-0.9719573303840314
10.23.jpg,10,2,3,190.54818656787307,34.56286544537856,146.0,189.0,239.0,0.005307877873383089,-0.7723599438416855,149.6245554288971,37.58311648060644,104.0,146.0,203.0,0.2799553263059951,-0.4550983843620364,125.70668044077135,40.39036882965651,76.0,122.0,182.0,0.2994061638714495,-0.2788931281366156,11.061950698204617,1.2861618726760633,10.0,11.0,12.0,19.104461395823446,2065.8102526855805,91.12956445331054,25.510196496266808,60.0,91.0,122.0,0.2272851059375776,0.9630344396730517,190.54819131756435,34.56287349167303,146.0,189.0,239.0,0.005308650540880819,-0.7723593116232279,165.5891417307875,35.201369732828674,121.0,163.0,215.0,0.12664454555861496,-0.5610142266976101,140.203605015674,2.420822820471154,137.0,141.0,142.0,-1.984995584698068,5.05104182652277,146.75077894936828,3.368109879446935,142.0,147.0,150.0,-0.8429954631368419,2.5444958326809655,159.16143108197966,36.90210795503045,113.0,156.0,211.0,0.19102374276354023,-0.5663550317932011,111.5468010829296,2.29570727632924,110.0,111.0,114.0,2.091869651762113,6.433435580887524,155.5836263892847,3.9728849749859827,152.0,156.0,158.0,-2.6500178403958277,8.749449865079304
4.75.jpg,4,7,5,36.2147599714574,28.65395141033757,3.0,31.0,76.0,0.8141649465566867,0.4277572372077403,29.363170689697597,25.841506802003824,0.0,24.0,66.0,0.9461087518798239,0.778178082265391,22.18283211535149,22.52681467137098,0.0,16.0,54.0,1.2229651719977412,1.66871084952896,16.967414679756896,21.167090866858917,0.0,15.0,20.0,5.792872108452861,35.9103629872262,134.31014197485297,70.72072722242504,64.0,114.0,255.0,0.47723404041325973,-0.7291914200663276,36.23710243350311,28.627037232254693,3.0,31.0,76.0,0.8175314821471398,0.43260525411831674,30.736631480524593,29.166203472438546,1.0,23.0,73.0,0.9854943033053036,0.5630144344675907,129.67632390935262,1.3064182271535412,128.0,130.0,131.0,0.034762185579620276,-0.5487337383767681,133.28040205703599,3.469326971596259,128.0,134.0,137.0,-0.15713974000672426,-1.3030577654568023,30.60279274624148,26.31314587241876,1.0,25.0,67.0,0.9303212438251399,0.7254711090011527,124.02268792598608,2.5014257904714525,121.0,124.0,128.0,0.17243604009162627,-1.0763808590418342,132.98999926182918,2.4833552610380245,129.0,133.0,137.0,-0.18563966186792896,-0.31039800862601385
4.61.jpg,4,6,1,56.78866645658631,35.11341516876341,15.0,52.0,106.0,0.5740626902353155,-0.2442524947231215,22.82341724876432,17.870534789087504,2.0,20.0,47.0,0.9776007625500209,1.1129030682062426,29.10545304412271,22.613583307550048,3.0,25.0,60.0,0.8257893448761199,0.4502874834238484,139.15461087477073,69.68796584500562,0.0,174.0,177.0,-1.4629208007336991,0.1488929612139107,164.8314469868058,38.89338500241754,125.0,156.0,227.0,0.6857339480667998,0.9116183476058759,56.790542590874345,35.110455134357025,15.0,52.0,106.0,0.5744468396496656,-0.24428656262020132,33.72201116927225,26.413017613239113,3.0,29.0,71.0,0.7700420506563894,0.047013619661135486,144.19201247254853,9.493590121624178,132.0,144.0,157.0,0.041227697642691116,-1.0950854294306178,131.2994233488754,1.567928905666884,130.0,131.0,133.0,0.36591088089171747,0.6029066689418894,33.71071691866583,23.274323082745106,7.0,30.0,66.0,0.7834824682579201,0.36456287378901475,125.97515313496301,0.6190444065894654,125.0,126.0,126.0,-0.151005795780035,5.567008346737069,148.25068519264175,11.195581415283998,134.0,147.0,164.0,0.3196944804413927,-0.8115582990431127
7.24.jpg,7,2,4,98.58930019899279,56.92956758972489,23.0,97.0,175.0,0.17195141674533257,-0.8367274372741802,80.9672084989175,51.40969977602767,14.0,78.0,151.0,0.3057798279398249,-0.7047073572350184,84.78496281772222,54.39492018784415,14.0,81.0,160.0,0.29066217903926395,-0.7867241440745492,128.4004588699622,74.61966046426046,0.0,170.0,177.0,-1.0933507400757356,-0.7906070594856192,64.96025979937326,50.181790838574976,33.0,49.0,106.0,2.7429598524321332,7.243438266510932,98.59344490934448,56.9225759539328,23.0,97.0,175.0,0.17241887853304289,-0.8371185911531498,90.21034976434042,56.16392210620718,12.0,90.0,166.0,0.15290111230231565,-0.8973696834506013,135.84518147635916,3.135461150809852,131.0,137.0,139.0,-0.760238213242967,-0.20923719417179987,128.60955982329907,1.4437342473000354,127.0,129.0,130.0,-0.008344186211013028,-1.09302641565108,86.74961436638404,53.405262438951155,17.0,84.0,160.0,0.2609992220375235,-0.7632355087202134,127.04565503249438,0.9097339311906246,126.0,127.0,128.0,0.3521173246482589,-0.8554416606538764,138.34302231714742,3.737105744109022,133.0,139.0,143.0,-0.7238770216092548,-0.2782752806140274
9.09.jpg,9,0,9,194.12990454960132,38.333734618949826,141.0,196.0,246.0,-0.30725329329852596,-0.6258326870049911,151.28128932927956,42.136712700553105,95.0,151.0,208.0,-0.02896829469588068,-0.6661437543918818,136.77409602228408,46.30705182233143,75.0,137.0,199.0,-0.04077152854922927,-0.6728197437362673,7.529109745588799,3.4146536747049128,5.0,7.0,10.0,37.90022440008591,1876.1156853192847,80.91788970392287,29.218938678454794,47.0,78.0,120.0,0.576448662071356,0.32425403578539047,194.12990454960132,38.333734618949826,141.0,196.0,246.0,-0.30725329329852596,-0.6258326870049911,168.0458155105439,39.55542644841114,114.0,169.0,220.0,-0.18665748388710948,-0.6187734129970637,142.23843925857196,2.551364368413601,139.0,143.0,145.0,-1.6359018058950943,3.689203023897001,142.13708715806018,4.0458674784299,137.0,142.0,147.0,-0.10805352140004224,-0.39731230520206573,162.45962907200894,41.38962099962063,107.0,163.0,218.0,-0.11400184681834448,-0.6833908713696992,115.4041333309991,2.9161787707831524,112.0,115.0,119.0,0.5232865262685805,-0.10382048681323308,155.89064733927393,4.240391683932584,151.0,158.0,159.0,-2.0084935489757125,5.184017184573019
7.18.jpg,7,1,8,60.31083241061982,33.01913229166308,23.0,55.0,106.0,0.7755379761943046,0.3414921961232338,57.43753697005487,29.782067971258094,23.0,53.0,98.0,0.6916436973849218,0.22287049191047492,52.68783199232303,27.871454853251574,21.0,48.0,91.0,0.7684953790431694,0.4531134809583519,22.392621736669867,13.533618443249585,11.0,21.0,36.0,3.080404046104211,24.249836492009745,30.68210477104402,17.302086506100277,12.0,30.0,49.0,1.7584680254594727,14.309712729678424,60.46343741541793,32.91167973427293,23.0,55.0,106.0,0.7794964507195664,0.35522872661344307,60.83263945276937,34.109686049691966,18.0,57.0,108.0,0.5652125188957741,-0.1301582566103372,128.08537535985826,1.5619493518938383,126.0,128.0,130.0,1.1181329440213164,1.7078719889384733,131.35818508402843,1.954819644574367,129.0,131.0,134.0,0.21358323719982908,-0.2994733378231711,57.78894072488374,30.47582531089459,22.0,53.0,100.0,0.7275431251098097,0.2879311552217487,125.69246967348245,1.4936717755643656,124.0,126.0,127.0,-0.8082963607487554,0.8172855057901796,130.31243965453606,2.7278581765279757,128.0,129.0,134.0,1.2432621232774497,1.3565703777900113
9.35.jpg,9,3,5,219.49151265636883,32.51147130968614,172.0,226.0,255.0,-0.8378148106149228,-0.019606790287717057,165.21189132621006,39.006206040693975,113.0,167.0,215.0,-0.20135224430519155,-0.5667590340175956,115.078666339875,45.86755319234902,54.0,114.0,175.0,0.023577494713722676,-0.6525674740094272,14.535081474219444,1.40473139805872,13.0,14.0,16.0,3.862110695350417,94.35573426049159,126.465143681347,37.67593813969384,78.0,126.0,175.0,0.056640535574125864,-0.14101460578310832,219.49151508785442,32.511473419357664,172.0,226.0,255.0,-0.8378147008036257,-0.019607110348772494,182.87725374400154,34.93812666156796,135.0,186.0,225.0,-0.42734332434091615,-0.4272285330478054,142.51258634205362,4.555586590473333,136.0,144.0,146.0,-1.445925286951803,1.691333810198123,161.96225702164412,6.775460442469744,152.0,164.0,169.0,-0.9518592007519241,0.3740139275514469,175.76414395172822,37.532190697154256,124.0,179.0,222.0,-0.36802546853147583,-0.5404047552696087,98.10538690771442,5.041130982713661,93.0,97.0,105.0,1.3614202882728088,1.7075112778043486,166.35182818539204,7.697876126419778,155.0,170.0,172.0,-1.8156139550446055,3.1224846162119784
3.2.jpg,3,2,-1,15.273352960285086,12.59302661001854,1.0,13.0,33.0,0.9836220552150006,0.8359960668949515,14.559419672469163,12.050205626037831,1.0,12.0,31.0,0.9939672523724497,0.8691296942741351,19.248911667045977,15.193788637873835,2.0,16.0,41.0,0.9534308164357439,0.7117866837106859,104.43478074808058,44.757472148800616,0.0,124.0,126.0,-1.8882244924260356,1.6031552415751849,65.1302853202461,50.72477104316091,0.0,58.0,127.0,1.5394547041603264,3.6298417297633403,19.252117823956553,15.190484326526539,2.0,16.0,41.0,0.9541339231577376,0.7131442807896597,13.15590831548623,12.90552248154584,1.0,9.0,32.0,1.4188963513257276,2.1039416625921925,129.23884337147848,1.5707558846482417,128.0,128.0,132.0,1.0569363053689824,0.33745555187217446,125.27487896064689,2.4148567314381792,121.0,126.0,128.0,-1.1126294436461963,0.6916350279763743,15.252328390609408,12.577118880020683,1.0,13.0,33.0,0.9817575291337026,0.8200614521510872,129.82774480683307,1.4167634410627516,128.0,130.0,132.0,1.128126201080365,1.895106159332248,128.0210304052411,0.16147309004102361,128.0,128.0,128.0,4.374195210307432,53.151008336522814
9.21.jpg,9,2,1,169.77966372185807,41.49321847124259,114.0,170.0,225.0,-0.06109780123282696,-0.6641910520753576,146.99993967892087,43.38457501674589,90.0,146.0,205.0,0.06033293901481354,-0.6561094211634679,152.87822124061935,44.63320798837132,93.0,154.0,212.0,-0.04940045067582503,-0.650882118229624,163.54096941198821,36.46993972198834,169.0,171.0,175.0,-4.196657660614161,15.721018346898123,37.430688230265034,13.35645730515562,22.0,36.0,54.0,0.6283649518182024,0.6378460330263382,169.77966372185807,41.49321847124259,114.0,170.0,225.0,-0.06109780123282696,-0.6641910520753576,159.94764747791393,41.80793150774598,104.0,161.0,215.0,-0.08229655433480194,-0.6315101613748801,137.6478175168614,1.5302530028172858,136.0,138.0,139.0,-1.306706707420321,2.8800237194691203,128.01089959152654,1.4807898612472425,127.0,127.0,130.0,1.5305521541754088,2.37688806035691,154.52383157594755,42.91671051183205,97.0,154.0,212.0,0.009553355765550291,-0.6630923907153292,127.23603875748077,1.0217096117064122,126.0,128.0,128.0,-0.8580106044187295,0.485510418226895,141.33260663056902,1.9986085159919187,139.0,141.0,143.0,-1.3736993902006585,3.4618831743394773
9.jpg,9,-1,-1,190.12595630328602,39.494217072611235,135.0,192.0,243.0,-0.2596379459196008,-0.6697989334601333,152.0242788700011,41.33163006524372,97.0,152.0,207.0,-0.03453993358819943,-0.6323592487089682,116.52594200615069,44.91554096683282,58.0,115.0,178.0,0.09822363123720745,-0.6380628882190833,14.454958188173643,1.041603658115492,13.0,15.0,15.0,1.8984875108645094,15.566648997625354,105.07054323278653,31.424052607397858,68.0,103.0,146.0,0.4720793209736017,0.30788395052667283,190.12595630328602,39.494217072611235,135.0,192.0,243.0,-0.2596379459196008,-0.6697989334601333,166.38887089589545,39.33520241105178,113.0,168.0,218.0,-0.17610023015779916,-0.609170041226629,137.64554726905263,1.898598176638062,136.0,138.0,140.0,-1.788260063921412,6.351733723808909,152.3662843398711,3.8784828975452297,147.0,153.0,156.0,-0.9820382552759964,0.5981747790473984,159.32908747318072,41.155390441285306,104.0,160.0,215.0,-0.08871638019565516,-0.6733401513089432,106.76179902701672,2.6877166268724944,104.0,106.0,111.0,1.4312084308930677,2.177495472554175,154.97597108671846,3.1685993139977087,153.0,156.0,158.0,-2.6629337301254035,10.716576269932625
9.85.jpg,9,8,5,154.51089791845382,40.01137907610439,105.0,150.0,212.0,0.32786771930823766,-0.5781119120841671,115.81748442390325,39.37159525262932,70.0,110.0,172.0,0.5468819854355293,-0.15463118571274492,115.14285610079189,40.77143164748531,66.0,110.0,173.0,0.44297375266108513,-0.2693413425683575,69.79250917642665,86.28527770267456,0.0,3.0,179.0,0.47234755540634393,-1.7760879903552982,70.63576491619155,19.734822212013338,48.0,69.0,95.0,0.7054334360349721,1.437266294939855,154.51089791845382,40.01137907610439,105.0,150.0,212.0,0.32786771930823766,-0.5781119120841671,133.05760335272686,39.207104441651666,86.0,129.0,188.0,0.36538059398072836,-0.3997362144893346,143.24848956114602,1.7335206923527815,142.0,143.0,145.0,-1.909356250786893,7.9825697443856445,134.4902366127266,1.5371283418207067,133.0,134.0,136.0,0.9431070992611799,2.0696929826808015,127.32927080719486,39.726525024646094,80.0,122.0,184.0,0.46231812875503053,-0.3291678398573197,122.01605947608293,0.9296295423183317,121.0,122.0,123.0,0.18696098920000914,2.6043072289106712,151.90888980312747,2.240557129897428,150.0,153.0,153.0,-2.1035879472892303,10.473460126666637
7.57.jpg,7,5,7,81.65131861912846,46.970907882898075,22.0,78.0,146.0,0.38403501020394476,-0.5413227678525074,55.031656701360696,37.1084576980689,10.0,51.0,106.0,0.5683228353616847,-0.2214453423774958,53.17112866317266,37.54240967870015,8.0,48.0,105.0,0.5955221921343795,-0.2245208776473886,17.776254029182354,49.08003281192063,0.0,2.0,11.0,2.954311237699424,6.765646916013079,109.14422775030143,46.31598682501124,69.0,95.0,170.0,1.6275713211133491,2.4444816354365626,81.65294259491647,46.968153180307674,22.0,78.0,146.0,0.38429753767684405,-0.5414754872630136,65.07376934622671,43.49056446503212,9.0,62.0,125.0,0.4029055128659593,-0.603684325217388,139.20241283432986,4.673157456696703,132.0,140.0,145.0,-0.4729950070372873,-0.5765196659123952,133.7161241111193,2.088940932007294,130.0,134.0,136.0,-0.7808894050202043,0.038034539792582756,62.7907753254103,40.02845272644541,13.0,59.0,118.0,0.5084640333608023,-0.34645688129441243,123.48822666765089,1.7533891697984945,121.0,123.0,126.0,0.3612466791113279,-0.5062050988121354,144.54475037523682,6.874377647966611,135.0,146.0,153.0,-0.16116985642519516,-0.8432727694916631
7.43.jpg,7,4,3,130.26077780306522,59.14642559654314,58.0,122.0,218.0,0.32570865431875207,-0.9033979782704118,62.46219866598974,33.34674392055115,23.0,56.0,112.0,0.5177067168001732,-0.5383037735036096,22.843145350318718,18.206038010391772,2.0,19.0,49.0,1.1622070871153987,1.7885582568142917,10.70989848061328,3.7738012087270167,9.0,11.0,12.0,34.68034927771164,1523.9357319967137,212.18029368455657,24.09961219124128,183.0,211.0,250.0,-0.03570961382573684,-0.1573918424017986,130.26077780306522,59.14642559654314,58.0,122.0,218.0,0.32570865431875207,-0.9033979782704118,86.88238126083228,43.02817364503413,33.0,81.0,150.0,0.2916477163168514,-0.8562648125511125,154.03277545327754,9.055325930901159,143.0,154.0,166.0,0.014335800675354242,-0.8855420510847836,162.7961846100578,14.226327156302938,143.0,163.0,181.0,-0.19288960409136632,-0.9137286417287602,78.21939829484778,38.729521585481805,32.0,71.0,136.0,0.4650778443790359,-0.6915970954174893,100.77132461499858,12.485541633348912,84.0,101.0,118.0,-0.0634368696940467,-1.0568341912528358,173.64216118220776,18.979494793476917,150.0,172.0,201.0,0.16586220786956418,-1.0303115464120558
9.46.jpg,9,4,6,221.45351631721357,34.41274988578118,172.0,231.0,255.0,-1.0211986549793852,0.5615646359723963,111.03408991439225,37.398448853625055,65.0,107.0,164.0,0.13260013962123654,-0.8541826121536951,28.87158351958513,22.412255833951388,4.0,21.0,64.0,0.6312703418620751,-0.7648436680614741,12.629229569199108,2.4680803448361077,10.0,12.0,16.0,0.25407809431081196,0.28940031347154926,223.6917975292216,21.834198854006477,191.0,228.0,250.0,-0.46756742071103413,-0.7942067468038942,221.45351631721357,34.41274988578118,172.0,231.0,255.0,-1.0211986549793852,0.5615646359723963,150.41528461025231,32.190179076972974,108.0,152.0,191.0,-0.3757157672540122,-0.48366182231959964,166.41662727659997,8.180393012336143,153.0,170.0,174.0,-1.2590777316499142,0.6426623121673054,187.7058505433884,7.719399998884279,177.0,190.0,195.0,-1.3199398689794122,2.170533600373795,134.66936561568133,33.72425289153698,91.0,134.0,180.0,-0.16683137755297706,-0.7843575101472773,75.88609754342147,9.542410270892145,66.0,73.0,91.0,1.0279803631847866,0.8425049590392035,204.11491395458762,9.647461844380867,190.0,205.0,216.0,-0.7430036444181612,0.18277802103392293
4.3.jpg,4,3,-1,36.063809945621415,28.618045363061636,3.0,31.0,76.0,0.8249416800809409,0.4791807316396479,29.3205664230703,25.811469957989864,0.0,24.0,65.0,0.9510673591547582,0.8157894527594993,21.988541128417115,22.360837639818403,0.0,16.0,54.0,1.235861464664253,1.7515111844143911,17.175616741714034,21.137158525075442,0.0,16.0,20.0,5.769164279826272,35.758240825376994,134.74838168352156,70.5871975015466,65.0,115.0,255.0,0.4684107443874405,-0.7220487336732866,36.086143057503506,28.591191198107264,3.0,31.0,76.0,0.8283237622864342,0.48420308500143516,30.64959129942669,29.11281971634841,1.0,23.0,73.0,0.992547935336301,0.60233866751449,129.60233163554045,1.2860151519115148,128.0,130.0,131.0,0.07394306332850045,-0.5150078499288155,133.35358332718192,3.5501349896759824,128.0,134.0,138.0,-0.13109332362279172,-1.2987393290290543,30.508273418469035,26.265580465893937,1.0,25.0,67.0,0.937973599025726,0.771286842539221,123.96859722939888,2.5619000123227185,121.0,124.0,128.0,0.14101989621867497,-1.0759546743994692,132.94032184247436,2.479989241882684,129.0,133.0,137.0,-0.15104018942174102,-0.2728941797801445
9.52.jpg,9,5,2,200.08683029592152,37.65289214971251,147.0,203.0,251.0,-0.393479173412845,-0.5934191414148615,142.89720262444828,43.9130883870167,85.0,143.0,202.0,0.024819805889047784,-0.6734420263406271,145.39621933167214,46.34353450613448,83.0,146.0,207.0,-0.08751260841182959,-0.658726397118627,120.58257422352939,82.57216303912347,0.0,177.0,179.0,-0.7607128742174064,-1.4201784601057494,78.43402698754495,26.414583274647047,47.0,76.0,112.0,0.4075458670296612,0.5138687893674914,200.08683029592152,37.65289214971251,147.0,203.0,251.0,-0.393479173412845,-0.5934191414148615,165.06526253236308,40.26086182200912,110.0,166.0,219.0,-0.1709828245825923,-0.6443735432663842,150.35794726204995,4.253988601436806,145.0,152.0,154.0,-1.5961531563306914,2.9033623943533513,135.75440876968773,3.5363433915209863,132.0,135.0,141.0,0.392055770813863,-0.05395446666362247,160.29446749492791,42.193024828433394,103.0,161.0,217.0,-0.11179856802986295,-0.704311639346419,120.75694140508745,2.3121771448096133,118.0,121.0,124.0,0.45348781271171673,0.09211349254605317,162.85284357377807,5.903656695782127,155.0,165.0,168.0,-2.057085480975459,4.861478635825827
6.1.jpg,6,1,-1,50.513457838143744,34.87139938334329,9.0,45.0,99.0,0.7082456927300823,0.11208535224052696,42.969121822789795,32.47955080812038,5.0,37.0,88.0,0.7934179930872625,0.3092836437561588,42.58174011466253,34.442220260695784,3.0,36.0,91.0,0.8006329926229802,0.19109392311422946,77.50026082035383,81.0135364670573,6.0,13.0,177.0,0.3290577126624904,-1.8769781017357934,76.12716763859157,61.39515856868115,27.0,53.0,164.0,1.6299075444872697,1.9810190103806944,50.51635294407126,34.86737017840224,9.0,45.0,99.0,0.7087312604961128,0.11240085358468432,46.25221771117837,37.01986424844299,5.0,40.0,98.0,0.7177660020654623,-0.10102708134039062,131.17205777416893,1.8506790344810622,128.0,131.0,133.0,-0.21485098721436918,-0.7425477221070929,129.38061120543293,1.4642298475552662,127.0,129.0,131.0,-0.3672508326721538,-0.5514115293494215,45.17568711399818,33.451908263847734,6.0,39.0,92.0,0.7683231401493278,0.22587649423063016,126.78908688270465,0.8638292224299362,126.0,127.0,128.0,0.6149480221521293,-0.667622931569344,132.7190615388401,1.4677784065147308,131.0,133.0,134.0,-0.7144010979103219,1.2991290379214853
4.12.jpg,4,1,2,33.07740099476939,26.69734196896888,1.0,29.0,70.0,0.8021350311668635,0.48593315014094296,30.62516023490096,26.33140015754507,0.0,26.0,67.0,0.8560971601770452,0.5463489038981213,33.7447134640111,30.309628250514024,0.0,27.0,77.0,0.9057927272762645,0.46392173535767567,93.23162283184429,66.32844569594545,0.0,128.0,165.0,-0.4089953080731793,-1.6100649005539873,66.40547745623812,71.24382563671786,15.0,38.0,191.0,1.7682565109375874,1.9637146191581003,35.32234544991237,29.48124762428394,2.0,30.0,77.0,0.8947620183068443,0.5839572117844143,31.820915250083157,29.642189878397605,0.0,25.0,74.0,0.9065277932947704,0.3674373405134701,129.7340966252925,1.5197445540984222,128.0,130.0,132.0,0.3751823235179475,-0.5203858571506239,126.45472427925904,2.9486695211206277,122.0,127.0,130.0,-0.8134010725872047,-0.0500506192593706,31.708162399895738,26.879918689744414,1.0,27.0,69.0,0.8474822395798509,0.5167989172314065,128.91670848821897,2.0051169687311865,127.0,128.0,132.0,1.0748727633808108,0.9285974862111419,129.36923178671398,1.1105011705257697,128.0,129.0,131.0,0.5086889069658093,-0.9582044475775224
10.87.jpg,10,8,7,196.4987618875331,28.865988752725354,158.0,197.0,234.0,-0.20821725637129462,-0.5881628331173725,173.55300784494514,32.321670800076404,131.0,173.0,217.0,0.018083731901642374,-0.5972975665456532,165.86691263574983,36.64100815291114,118.0,165.0,215.0,-0.022158444753169578,-0.5854039470249055,13.802543431195765,32.65771211543864,4.0,7.0,12.0,4.598491436891196,19.443191604924042,42.26285040138964,17.62374861466313,20.0,41.0,65.0,0.2893134368032839,-0.08873085439188344,196.5042307849419,28.874526655384525,158.0,197.0,234.0,-0.20717755747444974,-0.5877393200197343,184.99708416246992,29.912231489147317,145.0,185.0,224.0,-0.10377201035383832,-0.5778800462531275,135.12980437239466,1.5620093786630593,133.0,136.0,137.0,-1.381153941342862,2.647884422402324,135.063227865214,3.4246358664695027,130.0,135.0,140.0,0.09513366875956401,-0.24953767965678875,179.5553401259315,31.729391353979665,138.0,179.0,222.0,-0.05508053971381359,-0.6115592852066194,121.38243426721833,2.807602107470675,118.0,121.0,126.0,0.3364463468206414,-0.34088621896442106,142.95652114711655,3.574552560981113,138.0,144.0,146.0,-1.3795377038418135,1.6403273356408237
8.12.jpg,8,1,2,97.2162591431557,37.097456642730535,55.0,91.0,150.0,0.7686190523705212,0.32043937127378186,84.2169013014154,36.460486523185686,43.0,78.0,136.0,0.8260784176555593,0.5314902009059472,92.14659019663722,40.18977745159496,45.0,87.0,149.0,0.6661604550473834,0.24507074234102122,146.3845145815522,45.02557762127678,143.0,159.0,170.0,-2.7737382174160836,6.017094030266703,39.70114562553434,15.84526549790004,25.0,36.0,57.0,2.0469863189775395,6.7764089835227335,97.37903391279566,37.41194717277065,55.0,91.0,151.0,0.7978598862401131,0.41700774859948586,93.86363398879072,38.80136591394015,48.0,89.0,149.0,0.6289635810702842,0.12756929945180806,134.9649225800323,1.140957790028469,134.0,135.0,136.0,0.012464242776340988,0.38573855857312855,125.54019996200248,2.5963977497158903,123.0,125.0,129.0,0.8052537902544443,0.48580809766972477,89.09738434501757,37.021735225010254,47.0,83.0,142.0,0.7908157850192934,0.4320090512256809,129.35561271017383,1.7432189284888226,127.0,130.0,131.0,-0.5227051019005813,0.2551883295719426,135.12599601025934,0.9330634405248761,134.0,135.0,137.0,0.13803764405358976,5.36135980089351
10.78.jpg,10,7,8,215.91934421860807,28.51005738094246,177.0,219.0,251.0,-0.6657072236871188,0.0008443081954392362,191.70899737205036,35.750951928033544,143.0,195.0,237.0,-0.4752251210963302,-0.29623091784498,166.45301980785428,44.73141352687467,105.0,170.0,223.0,-0.39029175755667855,-0.42271320695681336,15.371393863708423,3.5281912373684094,13.0,15.0,17.0,28.516894885896964,1146.9691105920604,62.210715946071595,31.23402073564702,26.0,58.0,105.0,0.7712621280645772,0.568353590537312,215.92072481613107,28.511662002556214,177.0,219.0,251.0,-0.6655411040075698,0.0006141362170208886,201.21569514228082,32.064199349291044,158.0,204.0,241.0,-0.5729845950760047,-0.12930659673808487,132.9605486598624,2.396940954826916,130.0,133.0,136.0,0.25832798726402345,0.2170749446990663,144.15803051611687,6.781684084034842,135.0,144.0,154.0,0.24247865009899,-0.40594728138326275,196.07328448965063,34.495048478211714,149.0,199.0,239.0,-0.5155489469229235,-0.2574529872450353,113.45487357247481,5.625948324175252,106.0,113.0,121.0,0.00305662245800807,-0.5105634986330809,145.4155773611184,6.280409796732213,137.0,146.0,153.0,-0.24043332319798852,-0.3240703329343684
8.06.jpg,8,0,6,144.37239621924576,44.18110811870059,89.0,140.0,207.0,0.34500759711330775,-0.5150462022824458,90.72111190272632,39.53726582603188,44.0,86.0,146.0,0.638632968307164,0.21680897790725995,78.03399876508027,38.88333541298385,33.0,72.0,133.0,0.7098358922163864,0.26769947768754276,5.774023463474874,0.9688204430342731,5.0,6.0,7.0,0.9944293635346904,6.678131030733381,125.44762135461195,28.846272842682446,91.0,124.0,162.0,0.4945665603250133,0.9083861661556178,144.37239621924576,44.18110811870059,89.0,140.0,207.0,0.34500759711330775,-0.5150462022824458,111.57606155599886,41.08502870500044,61.0,108.0,168.0,0.40715191281277113,-0.23359174699532081,148.7035019473734,2.2255836663883946,146.0,149.0,151.0,-1.1207611999612852,6.102020028482542,144.77837275577087,1.6351643731869359,143.0,145.0,147.0,-0.2829193927438179,0.7771028017144044,105.32340695354802,40.766264856816825,56.0,101.0,162.0,0.5424438987640098,-0.07356730171262438,114.57527120737151,1.8461752174363368,112.0,114.0,117.0,0.4600783621039416,-0.5961930986668835,162.2362382445141,4.4241822740484205,156.0,162.0,168.0,-0.3367217557315621,-0.1794971339928746
6.03.jpg,6,0,3,57.11810795407021,38.46963555685026,12.0,51.0,110.0,0.6554976090668239,-0.0648929937694418,41.92098595768437,31.901807751151164,5.0,36.0,86.0,0.7828677205345969,0.2580776709740773,26.69502119282848,25.297244727160013,0.0,20.0,62.0,1.1279905470800755,1.2780235868080032,15.352760416970602,12.792423626942302,11.0,15.0,17.0,9.951095764798655,110.93604208704437,161.60944019420762,52.109744108518804,105.0,150.0,255.0,0.39401679326791267,-0.4397028164071566,57.124853867715515,38.45991037650592,12.0,51.0,110.0,0.6565633611779113,-0.06449092824999703,46.39673042994501,36.915660897394964,5.0,40.0,98.0,0.700345229431592,-0.15643664442693384,132.32624895689267,2.3837070561652904,129.0,132.0,135.0,-0.07406725585441215,-0.5854308295765325,139.33279451612464,6.305659902386858,130.0,141.0,147.0,-0.2682331507976328,-1.1802281901514358,44.72383040679727,33.03495025930721,6.0,39.0,91.0,0.77077380660832,0.21435153583815136,119.25311716453766,4.603946553823759,113.0,119.0,126.0,0.11933873258554013,-0.8290386474205604,138.88030623102225,5.27321258941558,132.0,139.0,146.0,0.15473950535880399,-0.720220223672766
10.44.jpg,10,4,4,238.31047971881827,20.632131692158573,209.0,246.0,255.0,-1.5404432211806889,2.1630235789406482,171.49295003324784,40.389130605561675,117.0,173.0,226.0,-0.15193281100913436,-0.6566571763188,142.57762135461195,59.385482740921255,57.0,149.0,218.0,-0.45187719625246103,-0.4184934413883461,9.796270067445617,15.715196686973082,5.0,8.0,13.0,9.988983400991852,101.33137811988496,106.45951553149045,56.72824670473215,36.0,101.0,186.0,0.5731160779144874,-0.10636257168705887,238.31073050251734,20.63229661285196,209.0,246.0,255.0,-1.5404264579530003,2.1629484871794578,193.8114401063931,31.839563370102063,150.0,197.0,235.0,-0.40516920666544426,-0.36083628206389884,150.08002327348723,9.15399294686814,136.0,152.0,161.0,-0.5296394077939164,-0.8444721965490825,153.09511969222,14.720018141983772,135.0,151.0,176.0,0.550262189021041,-0.49687899844761096,188.18376128051676,35.80177734484535,138.0,192.0,234.0,-0.4521682521336185,-0.3735372704180997,105.56225372850764,12.217352578632399,88.0,107.0,121.0,-0.5440301791247063,-0.21412407199770156,171.9710501567398,17.19865971300857,146.0,175.0,192.0,-0.5281755438890194,-0.7614360659297188
6.17.jpg,6,1,7,52.35055311434402,36.04397090275865,10.0,47.0,102.0,0.6958394669439844,0.06233965937919539,45.61135766375083,34.039914602230134,6.0,40.0,93.0,0.7512214341940716,0.17015784813834234,36.60981901966391,31.54795233452259,1.0,30.0,81.0,0.90570888487968,0.47598218712793416,17.66930677372984,12.9947086838279,13.0,17.0,21.0,9.580414979687154,104.26076060848207,109.86568327663109,62.12916680527621,51.0,90.0,217.0,1.0706018689441212,0.23973388857615108,52.355360161372836,36.03723548360642,10.0,47.0,102.0,0.6966163883716981,0.06278409262253604,48.339197590300515,38.25697693720339,5.0,42.0,102.0,0.6835905653446162,-0.18897536146977068,129.22769111963103,0.983829681185939,128.0,129.0,130.0,0.0879836562424911,-0.15857317912121482,134.2773556718778,2.7996937351546913,130.0,135.0,137.0,-0.7818808379113088,-0.5334223452327214,46.587128882353056,34.38153802130465,7.0,40.0,94.0,0.7531556793624616,0.16344505802713805,123.24643495581505,2.023104149798781,121.0,123.0,126.0,0.6293669473117339,-0.24154481729803967,133.0935236894779,1.7284600069131897,131.0,133.0,135.0,-0.27101849203433503,0.8941349838067159
10.8.jpg,10,8,-1,198.31761426523423,28.818096375278248,159.0,199.0,236.0,-0.21624653782622938,-0.5981726317863516,169.20214350044446,33.10835311204142,126.0,168.0,214.0,0.06555533595389411,-0.6080579646673776,166.4473495834379,36.54986762419398,118.0,166.0,215.0,-0.009308725598913527,-0.5894660364500814,40.866614535615426,71.12876084354208,1.0,4.0,177.0,1.3665880528946053,-0.12147282289559191,43.97701759812017,16.923429304493485,23.0,43.0,67.0,0.2852525179614107,-0.046353991798269156,198.32114429602657,28.823491241450515,159.0,199.0,236.0,-0.21561205980401538,-0.5979818578540095,182.62575303108994,30.421760384187284,142.0,182.0,223.0,-0.07391648458679849,-0.5973022261401528,138.26509514889446,2.164049594828527,135.0,139.0,140.0,-1.4193442706693544,2.2212292052501557,133.4821767242637,3.0618216986752698,130.0,133.0,138.0,0.16364517762430988,-0.008950185637370378,177.5971762671444,32.15341774405734,135.0,177.0,221.0,-0.026627628335454706,-0.629638840035164,122.66913802862928,2.5785440304738305,119.0,123.0,126.0,0.12562569006323646,-0.475836655625804,146.125875091667,4.077165230146167,140.0,147.0,150.0,-1.4664307662017906,2.053918169582606
5.85.jpg,5,8,5,42.83677339915851,29.95652231030433,8.0,37.0,84.0,0.769701836573211,0.3261205913239982,31.64059919585908,24.76606320764867,4.0,26.0,66.0,0.9308900776394121,0.8479850041250834,29.346066537117114,24.486930182608347,2.0,24.0,64.0,0.9828838712600605,0.9767969262830789,9.002823927374443,22.676574949606184,1.0,5.0,11.0,6.670065591648732,44.34919401987857,105.92825123665358,55.285595634894214,58.0,88.0,189.0,1.3736947628337621,1.4106053704227062,42.840128362987734,29.951902650759195,8.0,37.0,84.0,0.7703600986418989,0.32665312529557644,34.487188988677055,29.258015632391654,3.0,27.0,76.0,0.8991568064484226,0.38935835220820003,132.55557452114323,2.8333689376235096,128.0,133.0,136.0,-0.061926564160434905,-0.9079099076840227,131.21027438828685,1.5885892594941686,129.0,131.0,133.0,-0.1145830934425942,-0.4470691120885091,34.71392939743897,26.25292830865112,5.0,29.0,71.0,0.8817834620641571,0.6749222067308644,125.6598084183867,1.0252948803292268,124.0,126.0,127.0,0.18201890232168352,0.22129692128695355,135.1744941051063,3.59679116458458,131.0,135.0,140.0,0.19779235568195752,-0.6313903717446232
5.52.jpg,5,5,2,53.519714081838536,33.30927770129081,14.0,49.0,99.0,0.6135517913832855,-0.06432903188625083,34.91933909106567,25.45236653218572,5.0,31.0,70.0,0.8074682706997434,0.4263018804379417,33.7826219827268,25.749292158566153,4.0,29.0,69.0,0.8275410743548174,0.4483353890217101,23.942767648433847,56.9922173824775,0.0,2.0,177.0,2.3202229879325267,3.4129558099182047,115.45667331020398,47.83854560575463,73.0,101.0,182.0,1.4423059578883457,1.7890773944448375,53.52128687778352,33.30682376179233,14.0,49.0,99.0,0.613890954061144,-0.0642991709457208,40.519479835633966,30.997434182010238,6.0,36.0,84.0,0.7172039406594207,-0.05069171400784134,136.1195502079181,4.2242351973265695,130.0,137.0,141.0,-0.15849413041383884,-0.8867148246869294,131.96912280701756,1.8359959023437793,130.0,132.0,134.0,-0.10493155972362067,-0.6778850476812912,40.356211215275216,27.773325724970753,8.0,36.0,79.0,0.7431894071363232,0.2412968184999067,125.10029822100834,1.2414895435103512,123.0,125.0,126.0,-0.1699480184760537,-0.14235111958254443,139.55581063458084,5.448937467306462,133.0,139.0,146.0,0.15864079186671948,-0.7356854585236694
5.46.jpg,5,4,6,93.1682252489355,62.90340172533997,11.0,89.0,182.0,0.29613331857236547,-0.9453185964230326,35.534964762910704,32.42451593789137,0.0,30.0,83.0,0.5864687153846865,-0.7054096167600932,6.36293278012173,10.184093336285496,0.0,0.0,21.0,2.1419193863276442,5.867354692963916,13.798305351797062,29.69291251091871,0.0,10.0,13.0,4.670383318644197,21.167498407910813,238.13918018086363,31.730903210886527,206.0,255.0,255.0,-4.2959158525415395,26.491400168381237,93.20356300173705,62.85211101757905,11.0,89.0,182.0,0.29872804652981194,-0.9461638900084512,56.165449951273025,44.84201860623774,2.0,52.0,120.0,0.37321569872810334,-1.0255442449131638,151.1144184178226,12.603648774613688,132.0,153.0,167.0,-0.30460833706083057,-0.926749533869057,154.71787180818885,19.677137008819997,129.0,155.0,181.0,0.12157895710955137,-1.2923878124752417,49.4316728231882,38.14721889274419,4.0,45.0,104.0,0.46474152721487394,-0.8368526931860614,106.85935168813182,16.413121341108216,83.0,109.0,127.0,-0.4270627158058814,-0.9271444488845986,166.36396178482715,22.743932030454882,135.0,166.0,197.0,0.1002351118866705,-0.9307104387594274
2.5.jpg,2,5,-1,25.779626977682636,20.460097174187126,4.0,21.0,54.0,1.0647802610812476,1.2519454144221225,21.297934598065993,18.2171919499961,2.0,17.0,46.0,1.161986287549659,1.6261006876078605,19.548377746610566,17.659756612304637,1.0,15.0,44.0,1.2538284649239753,1.9471523134852058,22.984809921015724,43.951592930885795,2.0,11.0,24.0,2.8702943714357554,6.4783224585156365,86.45173396323909,59.62071934115863,36.0,68.0,170.0,1.4439173685602633,1.7424367783344064,25.783188897910975,20.456164381722388,4.0,21.0,54.0,1.0655247853240752,1.2534804930276318,21.08550429369356,20.657207002256236,1.0,14.0,51.0,1.3274298444926462,1.8090999455772634,129.58190792549397,1.5102161329999255,128.0,130.0,132.0,0.4870167130660476,-0.5471734564154076,129.8074820993578,1.2246851695454215,128.0,130.0,131.0,-0.3996056258950822,-0.2114306646502131,22.41680125981152,18.791454968869374,3.0,18.0,48.0,1.1487864912704373,1.5590624336865595,126.64808838365198,0.7595133052021948,126.0,127.0,128.0,0.5065633836758194,-0.6966392957868406,131.13377475947934,1.8053236441576686,129.0,131.0,133.0,0.06577947257309262,-0.48298439464347975
2.4.jpg,2,4,-1,24.988973699106573,20.19548179144181,3.0,20.0,53.0,1.0857218317672084,1.320102209733288,22.166328690168434,18.806210136915684,2.0,18.0,48.0,1.1541206772533832,1.5581632767212419,19.422513416937534,17.742881128315048,1.0,15.0,44.0,1.2532202792522746,1.9216614349721244,20.77150503123,29.589029024331083,6.0,13.0,24.0,4.388308396847602,18.575172504106305,79.9516027380473,60.96677832466791,29.0,62.0,170.0,1.4977338837793208,1.9116817367538834,24.9928825553552,20.19154681572548,3.0,20.0,53.0,1.0864161649805464,1.3216973888323826,21.51892182092984,21.095147694788494,2.0,14.0,52.0,1.3192005725515294,1.742293378386755,128.69473816790477,1.00535823237764,128.0,128.0,130.0,0.4225921120058255,-0.06067697185717469,130.1054530441227,1.3734244761816663,128.0,130.0,132.0,0.08185546658284981,-0.15392175021495902,22.691251903853225,19.056798800389416,3.0,18.0,49.0,1.1434464616105484,1.5221485764030582,126.50803265582418,0.8097253291358575,126.0,126.0,128.0,0.3417578869019583,-0.13785740486849551,130.25689180278124,1.451223039506739,129.0,131.0,132.0,0.08501626422047388,-1.0782757399318839
5.47.jpg,5,4,7,98.82618816975271,65.131744085162,11.0,96.0,189.0,0.22184964348548228,-0.9578573800379964,61.21509942830911,49.01993977185329,0.0,56.0,130.0,0.48142204717451226,-0.6422827183694992,22.271630009589778,29.873481343853534,0.0,9.0,67.0,1.6543265089788948,2.619977229285511,16.6010326033041,22.22897143061515,0.0,15.0,18.0,5.531987956260659,32.65062889546736,214.40477378430583,44.79125646707082,155.0,225.0,255.0,-1.355202868834581,2.9434886501253246,98.86397783263209,65.07561701428696,11.0,96.0,189.0,0.22452814850070185,-0.9589496625746565,73.68397009078194,55.71527333316642,2.0,71.0,151.0,0.31012733529555564,-0.9398204931074057,140.20820713923075,5.736734000141353,130.0,141.0,147.0,-0.5650491113735374,-0.4751892123966428,155.2160836936795,16.62793158267459,130.0,160.0,174.0,-0.4383369191843825,-1.2848088622726914,68.02274411629115,51.128863486753026,4.0,63.0,140.0,0.45996359242951945,-0.6736979169526447,105.56104390484916,13.863525402650119,90.0,103.0,127.0,0.31406757754295217,-1.3115452769057832,155.01656862916732,13.625093572662367,134.0,157.0,172.0,-0.3717696232931277,-0.9535844787414152
5.53.jpg,5,5,3,57.881347407790166,35.54069033830217,15.0,54.0,107.0,0.5794761526854083,-0.1426345211433624,37.772291036145766,27.137790377129612,6.0,34.0,75.0,0.7628770507146472,0.2974522408539584,31.976238773652224,25.232483719330265,3.0,27.0,67.0,0.8746750633965065,0.5640232733844743,8.134316084742009,14.995306355718192,4.0,6.0,10.0,10.298841629864686,108.94093188487719,134.29144509239438,47.232626227853885,89.0,121.0,208.0,1.1204943240543035,0.8199883019968315,57.88372382569327,35.536935216939895,15.0,54.0,107.0,0.5799605470913008,-0.142639366866248,43.8865948180409,32.82110599997297,6.0,39.0,89.0,0.6599585046761735,-0.16730998613287484,136.06496444477253,4.063132902016,130.0,136.0,141.0,-0.15521496129603948,-0.8397296435675088,134.98645505770034,3.514799524573842,130.0,136.0,139.0,-0.25342172622479053,-1.0114069909216867,43.12898550724638,29.347898591219288,9.0,39.0,83.0,0.7093030368396182,0.14850208776870577,122.65831697054699,2.6210687814453903,119.0,123.0,126.0,0.08172701379819722,-0.9963600156798265,140.9421111685244,6.072269879231878,133.0,141.0,149.0,0.14389641215353802,-0.7415203925939156
5.84.jpg,5,8,4,49.39559541246749,33.2495103340685,11.0,44.0,96.0,0.6991547571429665,0.10173672087002661,29.44033377489112,23.59036364693558,3.0,24.0,62.0,0.9700921782740645,1.002328931492154,25.497338982160677,23.000193211788496,1.0,20.0,58.0,1.099750580746852,1.3241966648781895,7.748138454625561,19.023985742508355,2.0,5.0,10.0,8.000659329358067,64.90561778925026,148.4028193561815,51.64698776711103,96.0,135.0,243.0,0.6370382391338312,-0.062153783090722836,49.4012758491234,33.24132938792683,11.0,44.0,96.0,0.7002226708958529,0.10226587263996834,34.80031619038727,29.323296172947277,3.0,28.0,77.0,0.880083194610502,0.34049078211644224,136.36700114182563,5.010374342957687,130.0,136.0,143.0,0.032501031733997786,-1.0800378874285124,133.85684531277658,3.136532981636694,130.0,135.0,138.0,-0.24271267484282893,-1.1302535638113491,34.96181400496801,26.31659670513758,5.0,30.0,72.0,0.881942565811012,0.6572140394155852,123.52008309845182,2.2132629628755844,121.0,123.0,126.0,0.16808927411036712,-0.8004508778815822,140.66949788849792,6.664075859692619,132.0,140.0,150.0,0.22737143128129067,-0.7797758593103814
10.51.jpg,10,5,1,220.59020762941825,29.400535297556488,179.0,226.0,255.0,-0.8548878514592677,0.19597115527937392,172.86611024550223,41.21003600428394,115.0,177.0,225.0,-0.3890134608337603,-0.5200288024468218,180.54538562389,41.51619430878017,122.0,186.0,231.0,-0.5866525606526573,-0.23709775634488972,167.85878806977001,33.691309333995335,173.0,174.0,177.0,-4.745356438030733,20.59608364180901,58.27261427496017,24.48947998442695,28.0,56.0,91.0,0.41986965879120874,-0.035715358345521864,220.5902110334981,29.400538926003357,179.0,226.0,255.0,-0.8548874868250617,0.19597053784328056,191.32093956493915,35.49725814957897,141.0,196.0,234.0,-0.5623602111502596,-0.2811820389964428,146.86540414208434,5.979481919049063,139.0,148.0,154.0,-0.5003793045164497,-0.4580623929829786,131.05383795412857,2.9728246619466865,129.0,130.0,135.0,1.5463441173658,2.46393598664244,188.01764334580199,37.55948989597619,135.0,193.0,234.0,-0.5324485794140777,-0.3581341164247678,124.58789480031668,2.253369826008115,121.0,125.0,126.0,-1.192048136743017,1.030426545266942,156.56582906850758,8.554587348432154,145.0,158.0,167.0,-0.6136277705858271,-0.2670754419219268
6.16.jpg,6,1,6,55.16290297974951,37.62543839200098,10.0,50.0,107.0,0.6592274532302245,-0.030563259141406895,46.45251593218671,34.59576147906388,6.0,41.0,94.0,0.7444504926270958,0.15386126807251177,43.5640003936911,35.015773750814425,3.0,37.0,93.0,0.7869679871881574,0.15627702627909956,9.552045963435939,16.07515955488913,2.0,8.0,14.0,8.596181076210208,80.39092353399998,84.03265126350237,60.136574524920405,33.0,64.0,170.0,1.5521949000622233,1.7747440536506627,55.166618931620775,37.62017301435709,10.0,50.0,107.0,0.659803878303775,-0.030290173534583964,50.22849733028223,39.27763287005977,5.0,44.0,105.0,0.6580537158819306,-0.2363957223114439,131.21032504121453,1.7844393513873467,128.0,132.0,133.0,-0.28537994159807123,-0.5221494387232029,131.08860411899315,1.248184726662677,130.0,131.0,133.0,-0.26317891108118313,0.7175471461620222,48.69830073078911,35.56095961569882,7.0,43.0,98.0,0.7228198110198795,0.08912443307033246,125.85490563716444,0.7155382876165423,125.0,126.0,126.0,0.9863666152239964,2.236602333808369,133.73540513274773,2.1840571638806257,131.0,134.0,137.0,-0.12384458585350581,-0.012748704848534409
6.02.jpg,6,0,2,55.26457529727343,37.44350105878409,11.0,49.0,107.0,0.6618843578148025,-0.036151031132851674,39.90815306299104,30.975045273455613,4.0,34.0,83.0,0.8305617403309923,0.39643395896215594,40.40281741099304,33.11829345832293,3.0,34.0,87.0,0.8225366486167981,0.2629209458780113,77.49836895946032,84.7384533988238,0.0,11.0,177.0,0.2918869123147488,-1.9057164643975222,103.04441157075915,56.86924180742401,54.0,83.0,191.0,1.3699970498364098,1.177158463762182,55.268719521328016,37.43755436307573,11.0,49.0,107.0,0.6625521131088457,-0.035872286446167134,45.188885095771354,36.47732621040884,3.0,38.0,96.0,0.728487163344837,-0.0929932073801516,134.81068355868342,3.7133722101200526,130.0,135.0,140.0,-0.17023942983590262,-0.928100177595752,130.24060911632031,1.0484536899587162,129.0,130.0,131.0,-0.1206123801645968,0.9273518314543661,44.56150151043885,33.13312147583937,6.0,39.0,91.0,0.7743712970297496,0.2253711639736351,126.1400039681845,0.5559079235402316,126.0,126.0,127.0,1.7597537302016941,4.903340621832369,137.3935456701077,4.252017771087691,132.0,138.0,143.0,0.026198262819167446,-0.6452536428759714
10.45.jpg,10,4,5,235.00611617744846,20.298398147195382,206.0,240.0,255.0,-1.0464913274081133,0.6102498550595503,175.66010496817708,36.50014981026966,129.0,174.0,228.0,0.07598253441382523,-0.5220112018365439,140.03911228270164,51.787491324915074,72.0,140.0,211.0,-0.1719158869566826,-0.254849446589656,11.354970076944998,4.962803586881698,9.0,11.0,14.0,23.91305401278494,745.5389587552038,106.36637028593141,47.71657401150589,42.0,106.0,167.0,0.33255905268817254,0.2008996932365701,235.00642348247365,20.29866612504801,206.0,240.0,255.0,-1.0464603902389202,0.6101639743589264,195.05868956017858,29.498511353040374,156.0,195.0,236.0,-0.15409321342578658,-0.43637769309825813,146.02945046072006,7.41428063858907,134.0,148.0,154.0,-0.8292763947455022,-0.22676057311227193,155.10524935879167,12.06290318771877,139.0,155.0,172.0,0.27863954944065356,-0.2174646175725221,189.36384819986702,32.71343444765204,146.0,190.0,234.0,-0.1948996234121955,-0.4343448395803664,103.70907523510972,10.053920266215936,91.0,103.0,117.0,-0.21229607824849245,0.12130001601580132,168.02037000094992,14.23681552214317,146.0,172.0,183.0,-0.8686537387210088,-0.08046963002672403
8.07.jpg,8,0,7,139.25486199860336,43.45922231404031,85.0,135.0,201.0,0.3592576716726551,-0.5135236891491837,112.52998410781012,40.78824321984586,63.0,108.0,170.0,0.47449353337012595,-0.2537036354492592,78.26444205186262,38.972799927410804,33.0,72.0,134.0,0.6483770146204794,0.09506956865869931,16.815133663626337,0.8088689314447876,16.0,17.0,18.0,0.2179183325592582,2.7831578549352267,120.34948131549207,29.874369897926986,85.0,118.0,158.0,0.6874053738516561,1.1220953725219012,139.25486199860336,43.45922231404031,85.0,135.0,201.0,0.3592576716726551,-0.5135236891491837,124.37984424875849,41.54806893577997,73.0,121.0,183.0,0.3213738988568116,-0.434763198644061,133.81084695451565,1.121632015968121,133.0,134.0,135.0,-0.153116625465726,1.61004998282875,151.10595636164166,1.858689227085805,149.0,151.0,153.0,-0.5387597199820453,1.30274093509074,116.62301663719707,41.374038089653375,66.0,112.0,175.0,0.45298460618617,-0.3173396361329526,109.17184913507194,1.9809085745945407,107.0,109.0,112.0,0.11530940070583999,-0.7367607755392376,147.88739352524564,2.7072329616023927,144.0,147.0,152.0,0.04795141877232763,-0.5902627440455683
8.13.jpg,8,1,3,113.91828263199562,39.64922093947594,67.0,108.0,171.0,0.5958365416096204,-0.0792892320830636,95.14789948822092,38.53035301914849,50.0,89.0,150.0,0.6917921590062492,0.17191393525241638,82.54505931852268,39.00020423112342,37.0,76.0,138.0,0.725397326997118,0.26708437510024874,12.076849047538461,1.4902269213109685,11.0,12.0,13.0,27.531030363211332,2951.7803875710474,78.65376374518809,26.50776122048337,48.0,75.0,113.0,0.9281844175263814,1.4964628161415057,113.91830451536602,39.64928574977464,67.0,108.0,171.0,0.5958466442750876,-0.07925051751591905,105.50607385102579,40.105379513744815,57.0,101.0,162.0,0.5166525069335094,-0.12034177687549752,133.55640268513818,0.91031063936847,133.0,133.0,135.0,-0.031828811410566885,1.532180787106057,138.2001190455349,1.2364856066574192,137.0,138.0,139.0,-1.1124386821255108,3.217866570561929,99.28345286516537,38.924995356230475,54.0,94.0,155.0,0.6637664672098719,0.09750879254873634,119.65214340318505,0.7348121867926086,119.0,120.0,120.0,1.8815433497437013,8.998756454455535,140.6684046925727,1.5275004720881102,139.0,141.0,143.0,0.08939487332445169,1.2158906616565632
10.86.jpg,10,8,6,200.28869952479045,28.298931554143746,162.0,201.0,237.0,-0.23892687047677214,-0.556779832798382,169.60638187162144,33.11854238306158,127.0,169.0,214.0,0.05014062048092072,-0.6112415623872822,167.95027271542477,35.789130303337494,121.0,167.0,216.0,-0.009767731174139108,-0.5957177840883534,49.2700899066115,77.14151995936966,1.0,3.0,178.0,1.0411571301916516,-0.9104966496416442,44.12174788801161,16.24829506229705,23.0,44.0,66.0,0.19053961080335446,-0.16898035022937963,200.2901136768147,28.3011039160023,162.0,201.0,237.0,-0.23865941150427794,-0.5567060116722637,183.45637914835757,30.223817025415997,144.0,183.0,223.0,-0.08884770386865865,-0.5873242258328513,139.02790275613756,2.448923767292259,135.0,140.0,141.0,-1.2348539093134754,1.5080740043027916,133.15243566775402,2.718560839540742,130.0,133.0,137.0,0.057451110068186484,-0.09208579498462743,178.56577703471578,31.9393790751469,137.0,178.0,221.0,-0.040530752006466504,-0.6244575495620728,122.93955278171678,2.330619817186492,120.0,123.0,126.0,0.1499646551036235,-0.5082146954452269,147.08139981598518,4.422426219164976,140.0,149.0,152.0,-1.2332673941460635,1.395005057379473
4.13.jpg,4,1,3,31.71538987721759,25.907735250397035,1.0,28.0,67.0,0.8282706024113157,0.5723204945390918,30.9349420535912,26.316953002605896,1.0,26.0,67.0,0.8481226153598576,0.5375511039885756,31.630450038138825,28.819608135470542,0.0,25.0,72.0,0.9407447601814826,0.6016075462811794,63.04936394281637,59.30177284403692,0.0,24.0,140.0,0.42094071736364974,-1.5076688367622104,57.81791294505548,73.30832037268806,0.0,27.0,191.0,1.7971484236530075,2.0730754870560935,33.33199379936517,28.016563992045608,1.0,28.0,73.0,0.9178449896208305,0.7117494006732565,31.5141182549642,29.318124398204244,1.0,25.0,73.0,0.9142994675415022,0.3960768818609135,128.5291985925543,0.9962237846698839,128.0,128.0,130.0,0.3564340203907053,0.40681892211612025,127.67511084865038,2.245698857881882,125.0,128.0,130.0,-0.8677478150346851,0.35067083820534783,31.242627888093306,26.448278611161147,1.0,27.0,68.0,0.8522031632395817,0.5554901000312058,128.1434359390763,1.5508134801998312,126.0,128.0,130.0,0.8145054817423055,0.5547584764370868,128.47278315002092,1.1096440337310745,127.0,129.0,129.0,-0.11611170363097736,1.7397249116307902
4.07.jpg,4,0,7,33.85458970005659,27.23635156357229,2.0,29.0,72.0,0.8544259206679958,0.5663290024092191,29.304882753869244,25.680255205512434,0.0,24.0,65.0,0.9416730627381895,0.7813728978881183,22.198973450456435,22.445398473393663,0.0,16.0,54.0,1.2245053712883902,1.6975505707631182,19.393489333431756,20.81519088035198,0.0,18.0,22.0,5.6027796768711395,34.944068497889546,125.27324475283581,73.05756808879019,54.0,103.0,255.0,0.610737978463743,-0.6881189444376439,33.87484953618267,27.212521621602786,3.0,29.0,72.0,0.8575470693007059,0.5713668144764519,30.005076646736054,28.662161499062453,1.0,23.0,71.0,1.0045059008889816,0.6302542139316603,128.67267537708224,0.9631653329681636,128.0,128.0,130.0,0.4000628666533493,-0.029481485987036038,132.83949213848084,3.19403900541685,128.0,133.0,137.0,-0.1645408806695998,-1.3504380017167867,29.78091730026328,25.717113409424705,1.0,25.0,66.0,0.947401057557891,0.8100726679360584,124.4979085160306,2.1613817067351064,122.0,124.0,128.0,0.23097129034129832,-1.016223342673702,131.69982480746046,1.6483574178346205,129.0,132.0,133.0,-0.7841009497748586,-0.06917909039156722
9.53.jpg,9,5,3,203.04183273713306,37.183567681241854,151.0,206.0,253.0,-0.4513548969703226,-0.5483925535450922,146.69116923334286,43.39059352775481,89.0,147.0,205.0,-0.003398044203099101,-0.6554583833266014,138.73640945439408,46.54853074913295,77.0,139.0,201.0,-0.04734794256522749,-0.6738399679671065,4.959498744380837,14.627204842774441,2.0,4.0,6.0,11.64688732510887,135.20070904737145,86.10185298654513,30.267582103450188,50.0,84.0,126.0,0.3673278512193237,0.16742081965373723,203.04183273713306,37.183567681241854,151.0,206.0,253.0,-0.4513548969703226,-0.5483925535450922,167.83552118407513,39.702232848116445,114.0,169.0,220.0,-0.20146260285209075,-0.6197285451309478,148.5437876515545,4.222717320807225,143.0,150.0,152.0,-1.6576553702170147,3.0668672596568367,141.07080729212257,4.126310055705944,136.0,141.0,146.0,-0.12105806889446212,-0.44139884445673916,162.64735240396118,41.74013029614178,106.0,164.0,219.0,-0.142676989784252,-0.6885314405758156,116.3274875556567,2.8235390633053195,113.0,116.0,120.0,0.6157957762564455,0.15135623256308373,163.34931548817423,6.131837101606014,155.0,166.0,168.0,-2.126198866087531,5.0442318220476405
4.2.jpg,4,2,-1,34.65188177533462,28.222136552865646,2.0,30.0,74.0,0.8440840034384253,0.48661962162101613,28.231498339781634,25.290656889619708,0.0,23.0,64.0,0.984289600283005,0.9254903019983307,34.30206491482992,30.07633629272229,1.0,28.0,77.0,0.9046962857552201,0.49470083181055857,131.81952249513216,55.187690164822335,0.0,150.0,170.0,-1.8120771645728937,1.5667753333570538,79.9482015759917,67.91963748586852,30.0,55.0,213.0,1.6193693921024037,1.6450868732462718,35.59173508867142,29.45024840185667,2.0,30.0,77.0,0.8949462009238641,0.5750747371653753,30.400606704286613,29.182414583854744,0.0,23.0,72.0,1.0047403262310968,0.6216698093186919,132.0202717817343,2.9960773092729287,128.0,132.0,136.0,0.15397570770693195,-1.1727002407271196,125.24379825283171,2.8974482656555716,121.0,126.0,128.0,-0.6170304285138841,-0.6173399561325996,30.805534644779407,26.69000580201687,1.0,25.0,68.0,0.9328079753729968,0.7274762900005336,129.58983366693315,1.8468460558104416,128.0,129.0,132.0,0.9024853738911506,0.27047178838598684,131.51473966569992,1.6695871776989868,129.0,132.0,133.0,-0.7302306665121256,-0.3780479504731997
9.47.jpg,9,4,7,180.93640400786634,73.62560071438081,31.0,211.0,244.0,-1.3091235159508856,0.42454392791672113,135.263838557137,70.15042413935761,0.0,160.0,205.0,-0.8386368003119061,-0.5814484703069924,96.51220605770597,61.15131045060134,0.0,107.0,170.0,-0.27757611826687,-1.1728497643355265,15.028739187183541,17.992321508023725,0.0,15.0,17.0,6.764801048054938,51.21928426528406,141.20265946168854,63.30849602715791,74.0,123.0,255.0,0.6401114758502855,-0.8085258916929479,180.97214684616867,73.53916249237787,31.0,211.0,244.0,-1.3066609328710936,0.41561796557701935,150.64306131817642,70.72912739343955,7.0,178.0,217.0,-1.0561368718352455,-0.16294962817287706,140.88813269686767,7.573777727750573,134.0,139.0,152.0,1.0227271199252606,0.9460972353879717,155.1674549542978,12.654971908402828,133.0,156.0,171.0,-0.46543977878452436,-0.18108516666440888,144.50957810807077,69.38392090997479,10.0,170.0,213.0,-0.928315149631071,-0.3957893340573557,104.37684428182669,10.682288651360944,92.0,103.0,124.0,0.569651327779466,-0.06783120209640803,159.9490239044212,12.309158155330072,146.0,159.0,176.0,-0.198315554820825,0.41603124395820545
7.42.jpg,7,4,2,122.04052557047515,51.67422973914217,57.0,117.0,195.0,0.27743406523617786,-0.7758809147729018,62.540794492782375,30.067211687620173,27.0,58.0,106.0,0.47788255794711665,-0.4447199209262567,45.18770825674154,23.74047236070275,19.0,40.0,79.0,0.6908083936548342,0.14488150075022688,7.118827187510334,9.918754186879386,5.0,7.0,8.0,16.664923113420798,282.117856792458,162.22451025017068,22.292742671153768,138.0,160.0,189.0,0.934963370075398,2.274489958376975,122.04052946085211,51.67422104048817,57.0,117.0,195.0,0.2774351092535121,-0.7758828724178981,84.5623296744338,38.69536339089545,36.0,81.0,139.0,0.2511715372331619,-0.741791580124739,151.80755861339185,8.032806102809843,141.0,152.0,163.0,-0.06848713014505982,-0.7401786372734085,149.77925903880455,8.395474291574313,138.0,150.0,160.0,-0.24780791914768674,-0.7722531456236257,78.3667370824896,35.479090388908354,35.0,74.0,129.0,0.4088841995971186,-0.6027917802129488,111.68290218230696,7.036231493008833,103.0,111.0,121.0,0.028981736865418165,-0.9243495436527525,166.30290572254998,15.19336195837003,146.0,166.0,187.0,0.09530672052484879,-0.8703219822274555
7.56.jpg,7,5,6,85.00228980586108,47.97818579849304,24.0,82.0,151.0,0.344356536148506,-0.5922416931167707,54.43761620038877,37.013055926848395,9.0,50.0,106.0,0.5758968350840805,-0.21220637601078884,53.18125685883714,37.5901012918299,7.0,49.0,105.0,0.5878472783908669,-0.2416208792624044,30.448073128121848,64.71525027502531,0.0,2.0,179.0,1.8470018334022946,1.4216432725545936,115.80724637681159,45.800372051068436,74.0,102.0,179.0,1.5093069845745202,2.0258492537712636,85.00389311286632,47.97540796897833,24.0,82.0,151.0,0.34461720955304775,-0.5924263404130556,65.80100440441919,43.65723694209109,10.0,63.0,126.0,0.389373447183033,-0.619140509891551,141.05498339115672,5.229938241493592,132.0,142.0,147.0,-0.6078457196667437,-0.47860805651896277,134.16691616840137,2.246199849636803,130.0,135.0,137.0,-0.7826742860971455,0.08341673431166718,63.44059545778893,40.256239657684525,14.0,60.0,119.0,0.49712908751807067,-0.3688876371154546,123.12247680913363,1.8890769034287753,121.0,123.0,126.0,0.4063690442766148,-0.5313019680042346,146.92619522157426,7.666056489488251,137.0,147.0,156.0,-0.26209549517892194,-0.828666441450947
9.84.jpg,9,8,4,161.3368419670524,40.83132785442011,111.0,157.0,220.0,0.2822222739361105,-0.6715263684507913,111.56464833910081,38.72734538756091,66.0,106.0,166.0,0.6073485636892996,0.0007987741036061813,108.15738130946198,41.8467416125102,58.0,103.0,167.0,0.42649811151284844,-0.18455547764582558,29.591582391375812,63.549051010158344,1.0,2.0,179.0,1.9180507138166258,1.685696173063377,90.53405587359387,25.650135344028865,63.0,88.0,123.0,0.8534848973259597,1.8600105257864126,161.33684342594375,40.83133046851817,111.0,157.0,220.0,0.2822224582407743,-0.6715261717642873,131.94917271133986,38.878953666737694,85.0,128.0,187.0,0.38188650866511137,-0.3646500218276927,147.4453834841827,2.422701027216266,145.0,148.0,150.0,-1.3134143544321488,5.308511027849667,138.1326234367979,2.74558260315435,135.0,138.0,142.0,0.9352251301522259,2.052849761467188,126.07660444008722,39.6290665345836,79.0,121.0,182.0,0.4740809209669047,-0.2904781296276533,119.19284647210891,1.4019268161225913,118.0,119.0,121.0,-0.2200450005548257,4.415094196449906,158.9445241971721,3.5037198934369105,155.0,159.0,164.0,-1.145180468095778,4.78515056000656
7.81.jpg,7,8,1,74.6934713639078,37.13175387666328,31.0,69.0,126.0,0.6177205193863798,-0.032614315962432805,50.71463112418278,27.68227872561934,19.0,46.0,89.0,0.7496443612326353,0.36757059757517796,52.567548615123066,27.82328376936094,21.0,48.0,91.0,0.7528095558008858,0.396734247662204,145.14500164368425,67.28658238209802,0.0,177.0,179.0,-1.6796147855604366,0.8293972071521587,86.28588240557569,19.62087863629501,67.0,83.0,109.0,2.061339188843992,9.474837881599562,74.69382733339947,37.1311257650402,31.0,69.0,126.0,0.6178129951787953,-0.03265028532134728,59.915673161651,33.758712462299954,18.0,56.0,106.0,0.5580069848589387,-0.1634487334110739,138.92586692187538,4.262039374810657,134.0,139.0,145.0,0.03584441101145855,-0.43048517086764093,131.1488078912406,1.9412012139106576,129.0,131.0,134.0,0.10844091449435213,-0.20325907343585525,58.119855219621506,30.43777873578634,23.0,53.0,100.0,0.7033726946100884,0.21331867284337136,125.4927838370399,1.5059819950388817,123.0,126.0,127.0,-0.7105945234330386,0.4546384836369941,142.53498615998396,6.493317946134281,134.0,141.0,152.0,0.39621246790160863,-0.4989891919582017
7.83.jpg,7,8,3,77.78597334313709,38.37018672903098,32.0,73.0,131.0,0.5916492436596443,-0.10305497329569668,49.171074463760164,26.969986546263108,18.0,45.0,87.0,0.7433507043840247,0.34402182710388907,45.81052648471373,25.413498533329356,17.0,41.0,81.0,0.8115445264092366,0.5891762199462169,12.683447321378205,39.570274957803505,1.0,3.0,6.0,3.8942301655909453,13.210142226549735,109.04587289360403,22.44275741136993,87.0,105.0,135.0,1.7606720121054205,6.325748394084954,77.78603899324825,38.3700635441642,32.0,73.0,131.0,0.5916679248619492,-0.10306735756012575,59.4277595902655,33.52053593054219,18.0,55.0,106.0,0.5479038083629472,-0.19982292682819747,140.2720297458222,4.8643811584206125,134.0,140.0,147.0,0.07821605268060071,-0.48111847214553594,135.32601893835502,3.41454044075805,131.0,135.0,140.0,0.044919168120865,-0.6596027566342695,57.35575600722832,30.073138243205403,22.0,53.0,99.0,0.6941958281269627,0.1789131965361288,122.49105505077914,2.8381713033349762,119.0,123.0,126.0,-0.23702390475837595,-0.8865382390349894,145.92185740212298,7.9834162592750255,135.0,146.0,158.0,0.3641034567106924,-0.5620417166554867
9.86.jpg,9,8,6,154.74553190206365,40.246976637347224,105.0,150.0,212.0,0.3242166625171815,-0.5912218403113303,115.45298771224438,39.33644977355011,69.0,110.0,171.0,0.5517321474795928,-0.14778902028703378,114.56915777229234,40.91303766124287,65.0,110.0,172.0,0.43643947761179686,-0.2695667785191871,72.38167758889998,86.74663386554445,0.0,3.0,179.0,0.41257761252503117,-1.8288900411113602,71.97704726224447,20.15653213962028,49.0,70.0,97.0,0.7482826069379259,1.5269020843366672,154.74553190206365,40.246976637347224,105.0,150.0,212.0,0.3242166625171815,-0.5912218403113303,132.84280494233488,39.25656663995297,85.0,129.0,188.0,0.3663640110381555,-0.4025501637131841,143.46291789942987,1.7837952173568985,142.0,144.0,145.0,-1.7613956176546175,7.260103993907855,134.7148679508801,1.6489311942587705,133.0,134.0,137.0,1.0255890891267807,2.0250370621622267,127.1177831075942,39.762591964501006,80.0,122.0,184.0,0.46348522073807225,-0.32737247112163015,121.80196133354342,0.9755214970022841,121.0,122.0,123.0,0.06557954150876487,2.4528636959247807,152.2697407452795,2.3528366474147435,150.0,153.0,155.0,-1.7735234001893616,8.85727693943955
7.54.jpg,7,5,4,91.26334440589552,51.05744280582547,26.0,88.0,161.0,0.30933129056802694,-0.6631497393550383,59.958020717994145,39.6440012482252,11.0,56.0,115.0,0.501405299066692,-0.36970073532366143,52.1467749317192,37.66546945514685,6.0,47.0,105.0,0.594661080924652,-0.2521628658223243,6.853440122044241,11.381955032424885,4.0,6.0,9.0,13.495917749459489,190.14145664469493,128.84221894146305,45.97037477658706,86.0,115.0,197.0,1.2947539787855085,1.2216117343108293,91.26553086784281,51.0536203348676,26.0,88.0,161.0,0.30966517003347155,-0.6634194484113007,71.50130360965528,46.132534799016575,11.0,69.0,135.0,0.3260387403598352,-0.7049079012215009,140.32009104106692,4.897200587049924,133.0,141.0,146.0,-0.5317406168963026,-0.4889182922986599,137.99489530277307,3.8846009801482784,131.0,139.0,142.0,-0.8129578639066513,-0.12893839629626358,68.426137152137,42.72572141685352,15.0,65.0,128.0,0.4452608375025721,-0.4786927666765126,120.16451219212125,3.0726957465653952,117.0,119.0,125.0,0.59837783060308,-0.3587658498984845,148.04837184124406,8.21476936000148,137.0,149.0,159.0,-0.2215767164998895,-0.8570518804979668
9.51.jpg,9,5,1,195.419498374795,38.25870403648933,142.0,198.0,247.0,-0.32355349155748525,-0.627937260441271,143.06425784251365,43.30450102048365,86.0,143.0,201.0,0.015786074718419023,-0.6756818249288035,150.72052650416563,44.67395526165552,90.0,152.0,209.0,-0.1411978892852014,-0.6176198902388754,167.88406190367814,35.01560354152419,173.0,175.0,177.0,-4.5436652793673415,18.688507049374394,72.7380541112531,22.865844262050423,46.0,71.0,101.0,0.30324073498399445,0.32321821269898976,195.419498374795,38.25870403648933,142.0,198.0,247.0,-0.32355349155748525,-0.627937260441271,164.12004244401263,40.19025055217039,110.0,165.0,217.0,-0.16724810674004814,-0.6405585320442619,149.19864118858797,3.6943665595848936,144.0,150.0,153.0,-1.5684192191633681,3.092421551658708,132.07353055599322,2.5851889943179516,129.0,132.0,136.0,1.119534347992665,1.6268532107180587,159.6118099200722,41.841208121024195,103.0,160.0,216.0,-0.10428464534703678,-0.6910516623807497,123.94135597143685,1.7854110636989258,121.0,124.0,126.0,-0.7691271727759821,0.5231768721308425,159.3875136406342,4.736893117477067,153.0,161.0,164.0,-2.1181647822027836,5.800444011171212
9.45.jpg,9,4,5,196.35321744086633,32.863682488792456,151.0,199.0,237.0,-0.3389883794465202,-0.3810999238568997,116.0207685000475,40.16748985586083,71.0,110.0,170.0,0.8914111422941782,0.8324268512580892,60.96689322694025,52.539433779863955,4.0,49.0,137.0,1.0991801985324168,0.8131313800258413,12.16642823216491,3.28749165003618,10.0,12.0,14.0,33.77468198845622,1627.230899199742,183.54648142870712,54.6623092735092,104.0,194.0,247.0,-0.8262785274712936,0.15310553845021158,196.353287261328,32.86378418613709,151.0,199.0,237.0,-0.33897728603515276,-0.3810988204876802,144.8121492352997,35.56341267103926,102.0,143.0,192.0,0.48130171658945814,0.21508953323092106,155.7423881447706,6.860312658003213,146.0,158.0,162.0,-1.8709049729023197,3.810341781838437,170.48241046831956,10.879680937579936,153.0,175.0,180.0,-1.4178656290399683,1.3592790767159943,133.76459817611854,38.59035217332366,88.0,130.0,186.0,0.5949274838566381,0.20670270154395354,92.21432269402489,8.670134684178677,84.0,89.0,105.0,1.3522396189647918,1.4596381109907925,182.89743326683765,11.554510253380924,168.0,187.0,193.0,-1.912162660296836,4.159876248874361
7.68.jpg,7,6,8,141.87356080367408,53.38453519674307,71.0,141.0,215.0,0.06653989923751986,-0.8584851813142862,52.496042514039395,31.680687799172677,17.0,47.0,98.0,0.7551102660284639,0.1491885890350737,63.19521765686486,32.453416342310526,25.0,58.0,109.0,0.5935913867421863,-0.12440391807407725,175.9403707334722,7.230587425968272,175.0,176.0,178.0,-23.733472010181657,574.1089809709317,168.17936339816646,24.99770116296898,137.0,168.0,198.0,0.27092963236720286,0.8357177167920176,141.87356080367408,53.38453519674307,71.0,141.0,215.0,0.06653989923751986,-0.8584851813142862,88.75956546434567,39.9005848931529,38.0,86.0,144.0,0.22511457697043272,-0.6612804938809291,166.30743558022056,8.72863444430749,154.0,168.0,176.0,-0.7994225336130851,0.09631311581803992,141.62537323303943,4.186604682702042,136.0,142.0,147.0,-0.414033409013606,-0.20754979734211876,80.43822178650001,37.82376288693098,34.0,76.0,134.0,0.4516295409246958,-0.4694789382628448,119.68527482595427,3.2133940365926557,115.0,119.0,124.0,0.14811659025600551,-0.7376167058808067,181.88955900631993,15.265291717944166,160.0,184.0,199.0,-0.5268823269075135,-0.6532622029389716
4.11.jpg,4,1,1,30.632888955025297,25.261230432351848,1.0,27.0,65.0,0.8387212289279296,0.6328289272966843,31.361656736479482,26.726675133000196,1.0,27.0,68.0,0.8431092259888431,0.5014395772444082,34.29725251853279,30.617044966114605,1.0,27.0,78.0,0.8976948785676012,0.43899694258874744,76.61484392780238,56.04956571880001,0.0,109.0,126.0,-0.19608251205266686,-1.4838004618543166,54.95865355998669,64.92676303287831,0.0,37.0,128.0,2.0911466942346406,3.697091523177269,35.06500187710688,30.10951756618778,1.0,28.0,78.0,0.9090754981307293,0.53122593719679,31.845674581638587,29.650270336725367,1.0,25.0,74.0,0.9060484299905849,0.36032701008782064,128.45896479014334,1.012855863790295,128.0,128.0,130.0,0.3993726829883096,0.8521338668905134,126.09323531528588,3.139228012309635,121.0,127.0,130.0,-0.8507443595371473,-0.06183673860178107,31.483979427686645,26.713709243081745,1.0,27.0,68.0,0.8502438384683061,0.5336970709774347,129.29290988525332,2.252286943244174,127.0,128.0,133.0,1.1050795844693322,0.8004084745122837,127.19164531822311,1.8897800004397904,124.0,128.0,129.0,-0.815260040963992,-0.3589953454740886
4.05.jpg,4,0,5,43.64348196518502,33.20621607645039,4.0,39.0,90.0,0.6838999198192642,-0.00720741556782345,26.908238651284115,24.566008704029304,0.0,22.0,61.0,1.0180371941396114,1.010220503707174,22.36895265216723,22.754341525492194,0.0,16.0,55.0,1.2114658524365909,1.5982751154348485,10.85605994292817,25.655144720721164,0.0,6.0,11.0,5.4104682624857325,28.994834493585845,154.4777144618928,63.29594101315735,90.0,140.0,255.0,0.16929097568246962,-0.49641961551674374,43.670667433070925,33.17166519775854,4.0,39.0,90.0,0.6875572024501051,-0.0037292247628775144,31.265392762731747,29.53911245897388,1.0,24.0,74.0,0.9599740978682704,0.4681923233976333,134.77133434094097,4.439057625366467,128.0,135.0,141.0,-0.03304323664228098,-1.2088393274490747,133.58934542462492,3.68874931855507,128.0,134.0,138.0,-0.12239686590981207,-1.311504720407505,31.389204982016732,26.851514303896465,1.0,26.0,69.0,0.9154588264176143,0.6417334213477637,123.70053385697807,2.684076145474966,120.0,123.0,128.0,0.15317291646669523,-1.1157117280924755,138.76756602455995,6.238718734456483,130.0,139.0,147.0,-0.0012990400704175173,-0.989870868986547
6.2.jpg,6,2,-1,46.17340431326093,33.70945721459482,7.0,40.0,93.0,0.7579460880172432,0.2033446718193268,43.68912143617156,33.047595587438416,5.0,38.0,90.0,0.7773789869221192,0.24204936140177757,54.491705230028266,39.87647615092987,7.0,48.0,110.0,0.6568733087721393,-0.17878386796289103,125.40763321137001,29.751510332635004,124.0,125.0,140.0,-3.158039663915551,11.217250281017519,60.20789347758851,42.61386348688885,31.0,51.0,92.0,2.9192891465133743,10.18842276461875,54.603923639681064,39.75057805842183,8.0,48.0,110.0,0.6655829371316848,-0.16747207196217362,46.755729552665,37.639796841638926,3.0,40.0,100.0,0.7056968353502965,-0.15407388337714556,131.57626597729188,2.208116486759095,128.0,132.0,134.0,-0.03130140148046224,-0.9650395573740047,121.85697758559316,4.267257980056115,116.0,122.0,127.0,-0.16389991476850127,-1.2308103499301661,45.681228833917864,33.96252158047836,6.0,40.0,93.0,0.7568385935257672,0.17510289040478622,132.21303850111556,3.256594546366346,128.0,132.0,137.0,0.3392447535366288,-1.1741550318405882,128.49217547934308,0.511493371666288,128.0,128.0,129.0,0.119583673736798,-1.2217206544596133
10.84.jpg,10,8,4,203.01061489353012,27.87586764292597,165.0,204.0,239.0,-0.27731583378464714,-0.5523175414354893,167.45156869724892,33.118679399362435,125.0,166.0,212.0,0.079341371622556,-0.6225705260289871,163.87771767145378,37.885915189642574,114.0,164.0,215.0,-0.031085541762475816,-0.5749750556045812,43.731339806920595,72.85602507933675,1.0,4.0,178.0,1.25614850178815,-0.41054935210159194,52.64853945523051,20.474214336610768,27.0,51.0,80.0,0.3491519955653284,-0.021151662073489508,203.0147591175847,27.88173679107675,165.0,204.0,239.0,-0.2766656886142534,-0.5523759977989275,182.51531933186666,30.174504371799575,143.0,182.0,223.0,-0.07631279078813885,-0.6074297396489676,140.60829690967907,2.6147170020705435,137.0,141.0,143.0,-1.3589683387338727,2.0409292760086037,134.9802675217715,4.0384353746205806,130.0,135.0,141.0,0.24148117206424477,0.08612404904562165,177.7073940504465,31.96489947576037,136.0,177.0,221.0,-0.0373482577435424,-0.6347117894500873,121.31606638150204,3.3201348173734972,117.0,121.0,126.0,0.07360956848536297,-0.15883748672561193,150.16307536243724,4.96600573045639,143.0,152.0,155.0,-1.4917336122198082,2.0320216336672967
6.28.jpg,6,2,8,84.87017082645222,51.5576550905099,18.0,82.0,155.0,0.3150693533785951,-0.6467140345366134,68.64654904111934,45.841659549196976,10.0,65.0,131.0,0.4442127340206732,-0.4494269718357593,77.83892915429041,50.41621708028484,13.0,74.0,147.0,0.38187977811594664,-0.605931483294393,158.7881932894888,29.08998039751896,159.0,163.0,170.0,-5.067914077634306,24.565183021164305,66.6591708828627,48.6221383805147,35.0,51.0,111.0,2.682105613117743,7.182848231094258,84.87755184413594,51.5461662024023,18.0,82.0,155.0,0.31589852702540816,-0.6469966866717587,77.29967573708055,51.20906433245309,9.0,76.0,146.0,0.29039744061056344,-0.7449515983858261,136.40908334938115,3.670076333765268,130.0,137.0,141.0,-0.6035846035340949,-0.5320988315297521,125.2562829587873,2.004515711491598,123.0,125.0,128.0,-0.12845872280336007,-0.8028597478996677,74.53211603438315,48.057244482961636,13.0,71.0,140.0,0.3977009112157627,-0.5347420262869513,129.4718375612005,1.2639869770707588,128.0,130.0,131.0,0.1827255306534453,-0.7870968629685939,137.03404955173133,3.5577944864396716,132.0,138.0,141.0,-0.5410205617554615,-0.5958657216784315
8.05.jpg,8,0,5,159.49696210189288,41.66986765493227,106.0,157.0,218.0,0.2151231608524239,-0.5936550581931392,102.22189543055774,40.798656511541886,54.0,97.0,160.0,0.5501558313796906,-0.1783664104101783,82.3648959615942,39.024397078524466,37.0,77.0,138.0,0.6382882781008068,0.03787233235832188,7.806171694006291,0.9421093403527233,7.0,8.0,9.0,0.8798401866769421,5.996151534863376,130.71791606122676,29.339498672997863,93.0,130.0,168.0,0.18288937908556613,0.289010887348232,159.49696210189288,41.66986765493227,106.0,157.0,218.0,0.2151231608524239,-0.5936550581931392,124.09594690802565,40.40740621379586,74.0,121.0,181.0,0.34335005042394023,-0.4252263440190802,149.0248614539506,2.470302850294794,146.0,150.0,151.0,-2.0260152364494535,7.256707420941186,149.0885055894991,1.7833117608649351,147.0,149.0,151.0,-0.8987778871001851,3.367145179333681,117.11758956134055,40.776345373892354,67.0,113.0,175.0,0.4514515332648071,-0.33004530024656775,110.92352345605528,1.5863719479711367,109.0,111.0,113.0,0.5693659270106295,0.6277570248467352,165.08549054735659,3.202752808266739,161.0,166.0,168.0,-1.73043419460813,6.0648553533965615
8.11.jpg,8,1,1,109.22788126180487,39.12121502167719,63.0,103.0,165.0,0.6442078978478062,0.00819710344659308,96.00220098076403,38.88849412918579,51.0,90.0,151.0,0.6883681605008599,0.1730027918072925,90.84253747891901,40.38401512719727,43.0,85.0,148.0,0.6502700948393946,0.13895872790353403,8.69659630919938,10.87761440036917,5.0,9.0,11.0,13.959555677329309,208.54579702196435,50.207699931334844,23.722235627718806,26.0,45.0,81.0,1.4591220915412013,2.9189386618876663,109.22855040664165,39.123021954882525,63.0,103.0,165.0,0.6444613747910213,0.009144546810377907,105.4168422199269,40.40174267490836,57.0,101.0,162.0,0.5200119912087746,-0.11096594476749022,132.42291266687286,0.7920955046710528,132.0,132.0,133.0,-0.3342208548339332,1.9589701296085948,133.0640472758608,1.576824736250013,131.0,133.0,135.0,0.29378009425283735,0.6698732866670727,99.35278521812371,39.11932030667722,54.0,94.0,155.0,0.6724360287845356,0.11939531870742126,124.2122789050145,0.9730072321009636,123.0,124.0,125.0,-0.26356223585554933,1.2190730959358316,136.8702272369181,1.018843957235485,135.0,137.0,138.0,-1.9553346932612257,7.569765230867084
6.14.jpg,6,1,4,52.13833451017236,35.74534307477921,10.0,46.0,102.0,0.6877675685655847,-0.001560814307318914,35.68323724102247,28.143924816352992,4.0,30.0,75.0,0.8934634120111932,0.6149745865749208,31.645785554641318,27.826389187155414,1.0,25.0,71.0,0.9892392792830706,0.7863193111553719,8.2344384921677,16.200106837049894,3.0,6.0,11.0,8.947464377986845,83.89468149947443,129.07825882288864,56.36200160130891,74.0,113.0,228.0,0.8998311466263402,0.08862272244357783,52.143887536982895,35.737483552637585,10.0,46.0,102.0,0.6886899248515185,-0.0011169106630983805,40.535884350764164,33.615349988665564,3.0,33.0,88.0,0.8032020880486315,0.07749699994568893,134.60911340254313,3.8742679130420603,130.0,135.0,140.0,-0.041273844582812164,-1.0309387848487133,133.13682844799246,2.425851156421837,130.0,134.0,136.0,-0.5272518170766622,-0.8446498209690358,40.15600654750442,30.3402007865592,5.0,34.0,83.0,0.8296920566770547,0.38881572834201306,124.10184617838546,1.7113928547906752,122.0,124.0,126.0,0.4293620425525637,-0.3698655573024454,138.52571004242455,5.260129175485474,132.0,138.0,146.0,0.13199484447015558,-0.8406942167772637
10.53.jpg,10,5,3,226.10220506565983,27.789310905653217,186.0,233.0,255.0,-1.029755932814201,0.5466331286523256,175.76048553849625,41.43824724354971,118.0,180.0,228.0,-0.38551593236324166,-0.5197673489925192,168.77192859602133,45.329806001338895,104.0,174.0,225.0,-0.4591729466385454,-0.45450259686641736,7.434469031626819,25.394461500221535,2.0,4.0,6.0,6.529829957384131,40.9020501679455,68.34010696591446,32.15211508118651,29.0,65.0,112.0,0.5305149174156429,0.011135369592068844,226.10224007905245,27.789343728265546,186.0,233.0,255.0,-1.0297527214045705,0.5466257897172597,193.86838417083425,35.1703616736315,144.0,199.0,236.0,-0.5758748616086451,-0.2662396859018106,145.76113036847704,6.52330143096628,136.0,147.0,154.0,-0.5249867978401471,-0.5352746720004142,139.08883092227222,5.409833900893206,133.0,138.0,147.0,0.4759151460473539,-0.3798485390961792,190.02638307763831,37.533680782372414,137.0,195.0,236.0,-0.5531456192237106,-0.3401997869048117,117.64366967587324,4.1987185253879185,111.0,118.0,123.0,-0.057919134566916206,-0.6859545050557125,159.64722061744172,10.531493461814252,144.0,161.0,172.0,-0.6708857026979529,-0.3733113734631588
10.47.jpg,10,4,7,187.7070166838816,70.09116035233409,41.0,216.0,243.0,-1.5136915906552983,0.9183835515352277,147.10330312455625,70.46666847090206,1.0,176.0,209.0,-1.1530603298794073,-0.04261634035064299,118.02211922449226,63.683676186377426,0.0,140.0,182.0,-0.7983924459773764,-0.6859290543920507,13.693569109628877,17.057801149317875,2.0,14.0,16.0,8.251583954138443,73.14887117054543,117.65702096329623,67.47674225674378,60.0,89.0,255.0,1.113416408463845,-0.1705763503295925,187.71019706704482,70.08282665443788,41.0,216.0,243.0,-1.5134324567640356,0.9172514051226188,161.09893958050066,70.24132687637442,11.0,190.0,219.0,-1.329548004046695,0.3757026718336687,139.5756639414576,7.454938600255092,133.0,137.0,151.0,1.3426203715921905,1.4191994560377088,149.14931753062214,9.669313438849915,135.0,148.0,162.0,0.12255936626699669,0.19140433734461038,155.9471681946122,68.97272123037706,13.0,184.0,216.0,-1.2310144935334575,0.1500158151000628,109.29783947915634,8.000907866462116,98.0,111.0,122.0,0.08622307270482205,0.24701790650840305,155.85015921367702,11.268376184949336,146.0,153.0,172.0,0.7876689790390243,0.7492200938818763
5.86.jpg,5,8,6,46.32246459270671,31.720190135879765,9.0,41.0,90.0,0.7232031612681625,0.17123268982089712,30.76530522925019,24.36302983721084,3.0,26.0,65.0,0.9475465869558976,0.9104304371881131,28.278633660708554,24.098999870997453,2.0,23.0,62.0,1.0203627360628833,1.0901773474292922,8.479211770724524,24.54686795023897,1.0,5.0,11.0,6.341476180399418,39.41488559984647,124.48360060223035,53.37876935017308,75.0,109.0,213.0,1.0752738700361602,0.683841482857888,46.326865095343415,31.71397191475659,9.0,41.0,90.0,0.7240446069855088,0.17174713768823002,34.87168758716876,29.466465498724315,3.0,27.0,77.0,0.8843297308695841,0.3478680424718634,134.52593665688238,3.8924341643942633,130.0,135.0,140.0,-0.01844237492468135,-1.0200811379257901,132.16560605264849,2.175236046355342,129.0,133.0,135.0,-0.15558222302300695,-1.0154179112674095,35.143711011128424,26.49263339493595,5.0,30.0,72.0,0.8747086378409845,0.6363525355029718,124.94930547045357,1.4534453979138586,123.0,125.0,127.0,0.05851546323307593,-0.49480395596918747,137.82859923087247,5.074872981963309,132.0,138.0,146.0,0.20615090306852457,-0.7960766003359363
5.45.jpg,5,4,5,72.71804930663757,50.255072100120614,9.0,67.0,142.0,0.4765391763550234,-0.5032311379884833,30.45009521697605,28.203692790208624,0.0,26.0,69.0,0.868526958970358,0.6032292858722137,8.200332529970492,14.796158489767183,0.0,2.0,24.0,3.453252494381293,17.695560086544067,14.669943822956725,30.39710323176749,0.0,10.0,14.0,4.516034758006774,19.645667865005294,232.1213588503158,36.82748861716728,191.0,249.0,255.0,-3.202458122987256,15.113027232563528,72.75339094981608,50.20521634263713,9.0,67.0,142.0,0.48005487637307753,-0.5025740521509725,44.42696400817757,37.622708128569705,1.0,39.0,97.0,0.6330927589196951,-0.32816748575847576,145.06003435202854,9.732427151723003,130.0,146.0,158.0,-0.10277041595691168,-0.9002442053024535,148.43177543188048,15.292974754315509,129.0,148.0,169.0,0.1172125697132591,-1.374426013856819,40.54444658415177,32.549006921171184,3.0,36.0,85.0,0.7727951461464099,0.2899569181754478,112.13198055200559,11.70181567531601,96.0,113.0,127.0,-0.23615067151856578,-1.187429393521042,156.224341018773,16.596715023836,133.0,155.0,180.0,0.15997245197636986,-0.8225065214727496
5.51.jpg,5,5,1,51.835473536576366,32.48621133018135,13.0,47.0,96.0,0.6304625979045547,-0.022248914338673043,35.09514480450776,25.584272840083003,5.0,31.0,70.0,0.7995442611756357,0.4013126011777839,36.63439974410078,27.188899979114687,5.0,32.0,74.0,0.7806433132255267,0.28735949040673603,112.32572279225413,83.8238950816743,0.0,175.0,177.0,-0.5529158477443756,-1.689567986526759,102.68210624738565,46.616249820282995,63.0,88.0,163.0,1.7389824896342132,2.985567620740503,51.836616224994465,32.48444041521145,13.0,47.0,96.0,0.6307139044555532,-0.022213537474973677,40.32126620900076,30.941961885769967,5.0,35.0,84.0,0.720778327756021,-0.04541854590410521,135.7155995177284,4.012128484538627,130.0,136.0,141.0,-0.13314725878400574,-0.8814706008711339,130.03381068379224,0.7976880414338652,129.0,130.0,131.0,-0.4753039080646573,0.6668959545310402,40.319601879875,27.76537605785529,8.0,36.0,79.0,0.7403582649005563,0.2327285448727885,126.22888954504072,0.4924433469133647,126.0,126.0,127.0,1.9286418380691193,3.2662799117715853,138.11120936984818,4.668324421955491,132.0,138.0,144.0,0.1898871913483914,-0.6516843346586878
2.6.jpg,2,6,-1,23.559101634152842,19.182462452159257,3.0,19.0,50.0,1.1078448133520178,1.4189906062929314,20.2299494834552,17.674872243639918,2.0,16.0,44.0,1.1924886080106767,1.724396068596958,22.109281175049457,18.692208957955472,3.0,18.0,48.0,1.1407142027184523,1.4750521866375434,143.860911729292,53.75695172382304,0.0,165.0,173.0,-2.2564074969181447,3.21640491320984,51.79208609793246,50.76147637900469,0.0,36.0,102.0,2.334416343023815,6.1440656413490675,23.581529171019024,19.179218782699188,3.0,19.0,50.0,1.1071848434014093,1.4170701001288437,19.805804053383753,19.949847549261545,1.0,12.0,48.0,1.3749760581629702,1.9775971882599297,129.87234749236026,1.453444234624931,128.0,130.0,132.0,0.18942551589640844,-0.6556397557825511,127.19039456203109,0.8159210118501106,126.0,127.0,128.0,-0.27282488981316727,-1.0386508054647559,21.45809869497305,18.131465378502106,2.0,17.0,46.0,1.1673405516165922,1.6352025178741014,128.3250288374192,0.47414874363730675,128.0,128.0,129.0,0.7963525694324692,-1.1546308615149967,130.07808132443992,1.3873926464462556,128.0,131.0,132.0,0.14799248769375153,-1.1517257304057682
5.78.jpg,5,7,8,38.83408971235944,27.533477535465032,7.0,34.0,77.0,0.8089900208013989,0.4635152903968325,33.46923500898108,25.679479454717153,4.0,28.0,69.0,0.8869033994010377,0.6867449900922171,26.3202514701902,23.02008872881044,1.0,21.0,59.0,1.0718115290553638,1.2646346606111276,17.706060874486358,13.584707927964011,13.0,17.0,21.0,9.180661070807364,96.1795546980414,111.23408774390394,59.55320268471066,57.0,93.0,213.0,1.142470834513673,0.5968299914027129,38.83768411210354,27.52869216564408,7.0,34.0,77.0,0.8097187909771283,0.46424960121084613,34.50627002288329,29.24157100722223,3.0,27.0,76.0,0.8907065551808266,0.3569571841047958,129.03238798257917,1.0112291013042938,128.0,129.0,130.0,0.1294222625633485,-0.2780574600158223,133.02029871312223,2.766529068681124,130.0,133.0,136.0,-0.18197187163489764,-1.2422493565481998,34.22584926552004,25.927949565001757,5.0,29.0,70.0,0.8844617722263605,0.672834998929456,124.3724903422652,1.8607755529971655,122.0,124.0,127.0,0.00907491757007231,-0.7122107970716844,132.1611367830516,1.6045458561102877,130.0,132.0,134.0,-0.41798227698750645,0.24339468469419678
5.44.jpg,5,4,4,54.77365203301374,35.953779517592864,13.0,49.0,104.0,0.6566764463392681,0.013459797165046528,36.29633098549084,27.479971572623743,4.0,31.0,74.0,0.8096720445154123,0.458114122643952,8.576643343856803,11.645394259483012,0.0,4.0,24.0,2.3933998828706597,9.367140078483862,17.250778561688733,12.74281515267211,11.0,18.0,20.0,9.170083596477827,101.61652237286215,222.6694439095176,35.025888320977856,179.0,229.0,255.0,-1.8403420561931325,7.44142725271573,54.7814527251118,35.942260794353246,13.0,49.0,104.0,0.6580778557059305,0.013951316566855443,40.85575017166288,32.500181330844505,5.0,35.0,86.0,0.7383563872929375,-0.006494192415376965,133.07892018697152,2.9037008951053616,130.0,133.0,137.0,0.19963784639711615,-0.3713034885754696,146.27886562443467,12.60956418457228,130.0,146.0,164.0,0.17872652799355318,-1.25555812817028,38.6594023602917,27.91586673478845,7.0,34.0,77.0,0.8116970021681816,0.4916658418229769,113.24333724316217,9.73226916388784,99.0,114.0,126.0,-0.3018276616545924,-0.9807687463555177,142.1512384042452,7.569343114237078,133.0,141.0,153.0,0.322644515030977,-0.6720384453507844
5.87.jpg,5,8,7,44.85111089714038,31.07938329257364,9.0,39.0,88.0,0.7490961739399984,0.24575798909532853,34.38581840887473,26.475629312132998,4.0,29.0,71.0,0.8631790703104779,0.5742268563401658,26.996232656213223,23.755695336417403,1.0,21.0,60.0,1.0562130223649027,1.1625012229008327,13.386856653225415,13.952531691728323,8.0,13.0,15.0,9.66627993545528,100.64311420965505,128.21215927592303,55.923769059572464,75.0,112.0,227.0,0.9287877510052598,0.25687529262353115,44.85621458541225,31.072297557086088,9.0,39.0,88.0,0.750067300823784,0.246460931650343,37.028108459819215,30.83702452786911,3.0,30.0,81.0,0.8350646143345869,0.18763519756413194,131.3291385343783,2.0831921349805222,128.0,131.0,134.0,0.02574364559779408,-0.5908296696186253,134.06363684109172,3.3172549562719285,130.0,135.0,138.0,-0.21388479815470435,-1.1553597291952242,36.656640678948584,27.516000308578537,5.0,31.0,75.0,0.842392784753786,0.5033797092864596,123.40753546564895,2.426498063452216,120.0,123.0,126.0,0.07556038832515628,-0.9533011451559337,135.23477014680338,3.4685015324431343,131.0,135.0,140.0,0.2183255466687935,-0.5001204154349552
10.46.jpg,10,4,6,244.1993283264182,15.287447419964497,227.0,249.0,255.0,-2.906298118293267,12.144748589991927,149.86618221747597,34.66369501203452,107.0,147.0,198.0,-0.04457450735712,-0.6254004379889668,89.41477059419672,26.217012229971793,55.0,90.0,124.0,-0.31679783259682287,-0.392662753218636,12.090832034920023,3.354206653056286,9.0,11.0,17.0,0.8752001711600093,-0.32107671505262525,162.7417903320242,24.311788472033346,131.0,163.0,193.0,0.23644530784241205,-0.41206000840951784,244.1993283264182,15.287447419964497,227.0,249.0,255.0,-2.906298118293267,12.144748589991927,181.08464390407107,24.08844221063944,151.0,181.0,213.0,-0.483232115256725,0.48671887805531755,158.15951907160044,12.824871062845991,139.0,162.0,173.0,-0.5120480917382348,-1.0364484990941298,174.79963197033976,2.4924439499880586,172.0,175.0,178.0,-0.19719438625020533,0.5816763823831597,171.1902496454894,26.762152150729882,137.0,172.0,206.0,-0.45815819070657504,0.18925558965633638,87.87257118903536,1.5860205471202622,86.0,88.0,90.0,1.9498340724353072,17.07657618875851,192.02546057200212,15.27122851216485,168.0,196.0,210.0,-0.5163208427146007,-1.0292058525626016
6.01.jpg,6,0,1,52.307334916716755,35.945491074136214,10.0,46.0,102.0,0.6987182116671218,0.05616674452094195,42.42699075451916,32.217356981400926,5.0,36.0,87.0,0.7902617619716448,0.28147261761438314,34.93990583342573,30.37099352644946,1.0,28.0,78.0,0.9289311742242636,0.5595365459943689,13.970514346737627,13.600120133387087,10.0,13.0,16.0,9.787122331049073,103.9489009937611,116.7639815284902,60.75047951915549,58.0,98.0,225.0,0.9998004037396656,0.10464255683102319,52.31245124871374,35.938291605151896,10.0,46.0,102.0,0.6995578133031152,0.05662622927228966,45.811823439132134,36.79923733902638,3.0,39.0,97.0,0.7207254734867334,-0.11109477004511792,130.92979814779153,1.7280697273963905,128.0,131.0,133.0,-0.12576845068310832,-0.5430311040088096,133.93070120154292,2.6554028231426883,130.0,135.0,137.0,-0.7336240704992282,-0.5602034694013396,44.533703794479166,33.10370850514115,6.0,39.0,91.0,0.7730865356001637,0.22521798794837622,123.47163769308428,1.9436895151141103,121.0,123.0,126.0,0.5860429950323797,-0.26504105296724045,134.87392212243407,2.8657907979867034,131.0,135.0,139.0,-0.010790238584978672,-0.5816234863552183
8.38.jpg,8,3,8,165.10068295567498,44.922221696742106,106.0,164.0,228.0,0.08970506103865859,-0.7679118250055996,118.6802897941796,40.890094117080494,68.0,116.0,176.0,0.3636639206972962,-0.3681212214684564,73.39150808517591,39.513593898399165,27.0,68.0,129.0,0.6041242447123354,0.024848718705172246,14.859992627735664,0.8633560492370119,14.0,15.0,16.0,1.5644501437101608,14.225320048106216,150.1814860850942,32.9556960858578,110.0,149.0,192.0,0.3296750397081068,0.5840411966034713,165.10068295567498,44.922221696742106,106.0,164.0,228.0,0.08970506103865859,-0.7679118250055996,135.78099414692787,41.204868556866245,83.0,134.0,192.0,0.17206880708133365,-0.5676117562144327,141.17878908126804,1.935592002573508,139.0,141.0,143.0,-1.7554104435077924,9.48669171596513,159.9712544909539,2.6059237633392933,157.0,160.0,163.0,-1.1314896092595614,3.4326883919520794,127.40408567388137,41.82234266215068,75.0,125.0,186.0,0.2918121807836362,-0.5117312688982318,101.23037888381195,2.6326391269159144,98.0,101.0,105.0,0.5419655050830683,0.11087573750540258,161.0932951298316,4.401960410293254,155.0,162.0,166.0,-0.7962217351313415,0.6936693881575682
6.15.jpg,6,1,5,54.00794763908368,36.83847355486955,10.0,48.0,105.0,0.6579252789686655,-0.04536919995608457,42.946885657341106,32.46379889784761,5.0,37.0,88.0,0.7883469352177017,0.28148593674665845,38.12994660564455,31.73480777376767,2.0,31.0,83.0,0.870383783220164,0.4125742452166623,10.743029945129303,14.192289747003507,5.0,9.0,14.0,9.705500571821092,101.4191947231107,104.44945941290814,58.39767081368279,52.0,85.0,197.0,1.2705373890697509,0.9262781259596342,54.01242095420881,36.83213300569258,10.0,48.0,105.0,0.6586337918597595,-0.045042942361805505,46.89004355207795,37.3003374075864,5.0,40.0,99.0,0.7016304213528742,-0.14712361612693536,131.9409128712384,2.206649317721158,128.0,132.0,135.0,-0.2538998671585304,-0.729672447131879,132.59138062547675,1.966889381249617,130.0,133.0,135.0,-0.6993157260170312,-0.3648654613426605,45.69426982603775,33.68104911154239,6.0,40.0,92.0,0.7538667447686812,0.1783809369626166,124.65294948451071,1.3060893034562875,123.0,124.0,126.0,0.7851773623009808,0.2732209497967699,135.33162176127556,3.1493577849397254,131.0,135.0,139.0,-0.1677358123072001,-0.8097063780644373
10.52.jpg,10,5,2,224.85349667080993,28.18318424267566,184.0,231.0,255.0,-0.9820574490830354,0.44004881255627337,173.2305797245224,42.06132194533916,114.0,177.0,226.0,-0.383568687577513,-0.5323929973813377,175.2611512792532,44.52702655531017,112.0,181.0,230.0,-0.5092209575631916,-0.38274380517955464,122.6024355704946,81.34607897806328,0.0,177.0,179.0,-0.8244537651450426,-1.317798920438659,62.7564259301405,28.772113317311216,27.0,60.0,101.0,0.5454094550806884,0.2296930889062021,224.85351369120912,28.18320111150081,184.0,231.0,255.0,-0.9820557141485431,0.44004531500179844,192.38727049207432,35.651625413028114,142.0,197.0,236.0,-0.5684334943954898,-0.28609578185370177,147.52682269023458,6.701435754573326,138.0,148.0,156.0,-0.493782106702335,-0.5421960073716474,134.71919599524597,4.567499305774097,129.0,134.0,141.0,0.793188558882513,0.2553637562179345,188.91471904670203,37.94442673058572,135.0,194.0,235.0,-0.5453382799403862,-0.35832002410565744,121.43055385351563,3.5470144681804743,117.0,122.0,126.0,-0.2880918951808967,-0.44512181382269,159.5260378066833,10.399262904036151,144.0,161.0,172.0,-0.6151085670882036,-0.40708432254489635
8.04.jpg,8,0,4,172.81379310344826,44.42974197325213,114.0,172.0,235.0,0.023806991324266537,-0.8117817515163188,105.83607580507267,38.728947093542324,60.0,101.0,161.0,0.6228242570584634,-0.040000352246314375,77.7362292201007,45.11062408049765,23.0,71.0,143.0,0.5984418574992056,-0.08845506494070143,8.90832905861119,3.077200464171632,6.0,9.0,12.0,17.669427451621758,959.1533194509717,150.18817326873753,39.76401137825859,100.0,149.0,204.0,0.12670192400207217,0.03999496134877578,172.81379310344826,44.42974197325213,114.0,172.0,235.0,0.023806991324266537,-0.8117817515163188,130.5544970076945,39.65914512349745,81.0,128.0,186.0,0.3006365259101991,-0.50588083663891,152.15642300750451,3.815855746515181,147.0,153.0,156.0,-1.1178691730980832,1.7737174431349514,155.27667331623445,4.860637244623201,148.0,157.0,160.0,-1.2937937932925367,1.8009890242422548,122.6951548399354,40.929783997643106,72.0,119.0,181.0,0.4070824276271253,-0.44005856157653467,105.679468984516,3.042007978653078,103.0,105.0,110.0,1.7377856435641776,4.022150288962182,171.91269782464138,6.280353341993791,163.0,174.0,178.0,-1.073416748484235,1.3926088600289814
10.85.jpg,10,8,5,197.74504511864677,28.78502374491149,159.0,198.0,235.0,-0.2100693751171374,-0.584957523858356,170.0762961277133,33.04857726012662,127.0,169.0,215.0,0.048275640268642055,-0.609378877677456,168.23733147373315,35.67835444741338,121.0,168.0,216.0,-0.008099059112181698,-0.5972775489291497,45.13609705712435,74.49680808076705,1.0,4.0,178.0,1.1882976411981867,-0.5806735952165503,40.85896994489281,15.328979639621366,22.0,40.0,61.0,0.22231349797333388,-0.11325569816804748,197.74724464051945,28.788449558227736,159.0,198.0,235.0,-0.20965247058313627,-0.584796353568422,183.16667396112345,30.330029846663365,143.0,183.0,223.0,-0.08386346746706903,-0.5916032749825244,137.86236673027432,2.1707442039917066,135.0,139.0,140.0,-1.2799875496022313,1.677808772056987,132.7467860623355,2.5691709155586926,130.0,133.0,136.0,0.10185074133743549,-0.012530553534094047,178.1535376170274,32.00972078736116,136.0,178.0,221.0,-0.03412321489148522,-0.6248169707431042,123.31379537395276,2.2297524694971247,120.0,123.0,126.0,0.047897396431991604,-0.4436334808258189,145.1009173508867,3.8553820494270634,139.0,146.0,149.0,-1.4026338561140146,1.8392487237771258
12.8.jpg,12,8,-1,187.57282688406093,35.62200469011981,142.0,185.0,240.0,0.06732841526251729,-0.6638136111577255,169.14732225353976,38.379465418385976,121.0,166.0,225.0,0.1710432934512885,-0.5616053721496517,164.42800614290522,39.61596996828803,115.0,162.0,222.0,0.1579922461380548,-0.5461554714158692,7.28167496289553,14.385014537406281,4.0,6.0,8.0,11.231555735670364,128.0247745701,33.71170361552183,12.943423410522177,18.0,33.0,50.0,0.4667880691112849,0.6835677361102181,187.57316972353036,35.622600379731686,142.0,185.0,240.0,0.06738391715089986,-0.6637665912748294,179.7701147077646,35.76388662200437,134.0,178.0,232.0,0.061805932778078554,-0.5695446162486513,133.96191564106604,1.5309790610199663,132.0,134.0,136.0,-1.3117856210342747,2.59025335771899,132.90439641774088,1.694730523617927,131.0,133.0,135.0,-0.03970856703086407,0.06787801664714221,174.11627801800856,37.66374537441425,127.0,171.0,229.0,0.13790022524815454,-0.5951014815159361,123.53522201408705,1.4124191568783917,122.0,123.0,125.0,0.10266706415865362,0.16675817321149067,139.68367928510432,2.539053183737102,137.0,140.0,143.0,-1.4502251270639999,3.1823703724147814
4.04.jpg,4,0,4,35.64191025289396,28.531257718955665,3.0,31.0,75.0,0.8352582977049015,0.4706820791094586,28.702590893794653,25.45982015831093,0.0,24.0,64.0,0.96116004924694,0.8299665961378397,21.145761726082448,21.73862211426586,0.0,15.0,52.0,1.2671674217361548,1.8935938715556206,17.380268786144033,21.850186590048708,0.0,16.0,20.0,5.592826339567625,33.31626538668354,137.9572219012661,70.02759047200342,68.0,119.0,255.0,0.4058047401221414,-0.7188384761950672,35.665507334333164,28.503144299681544,3.0,31.0,75.0,0.8387855352783711,0.47596691882164865,30.007869746289067,28.765935011375948,1.0,21.0,71.0,1.0085190589693702,0.6299872997523579,129.6654368212508,1.352540957012463,128.0,130.0,131.0,0.12267495821991829,-0.5331269957500049,133.5145446605549,3.7771838897529335,128.0,134.0,138.0,-0.048518048628123256,-1.2994210892821103,29.921361865357945,25.95393286459681,1.0,25.0,66.0,0.9485933311692263,0.7840362154888334,123.83044521473909,2.729923896859854,120.0,124.0,128.0,0.07247231638711438,-1.1169045901332952,133.0981527517609,2.682024155812076,129.0,133.0,137.0,-0.021669721098401536,-0.41935235856432396
6.3.jpg,6,3,-1,62.55196181196329,41.0743400057316,14.0,57.0,120.0,0.6090737501014417,-0.17641557933330576,43.334773258532024,32.66046079077666,5.0,38.0,89.0,0.747829457178185,0.16779617703631455,21.821029502226814,22.777434558871526,0.0,15.0,54.0,1.3099765147155893,1.949445933707059,15.896270761054108,12.715262287963627,11.0,16.0,18.0,9.826951633023834,110.31058350879373,188.19271573042002,46.38131027425213,133.0,182.0,255.0,-0.12094933806686538,-0.178502617110337,62.559000024605695,41.06390932393519,14.0,57.0,120.0,0.6101539506372601,-0.1761998247847849,48.96411850102113,38.070875038264,5.0,43.0,102.0,0.6508994490121752,-0.2519778392673446,133.56252159149628,2.9236191927145443,130.0,134.0,137.0,-0.0031633673709775107,-0.5899200131388587,143.5086503776974,8.884467993808851,130.0,145.0,154.0,-0.24078116699922958,-1.2198602808943397,46.630689697596026,33.92449443693013,7.0,41.0,94.0,0.7428177407968258,0.1345537384237745,115.86788366427992,6.589406954391236,107.0,116.0,125.0,0.09446644921077571,-0.9445069155223891,141.97332939642234,6.858262402030359,133.0,141.0,152.0,0.1633289709971443,-0.749383101566842
4.38.jpg,4,3,8,44.581164341428604,34.484921456509106,3.0,39.0,92.0,0.7155029796945983,0.11158555354621447,34.85376048817697,29.924964473287297,0.0,29.0,76.0,0.8549679460860202,0.4695213792613897,23.525998868138085,23.705300122196665,0.0,17.0,57.0,1.2074615574426875,1.6336651283879444,17.527033291503653,20.768895818695214,0.0,16.0,19.0,5.725362114380544,35.58423580382202,149.8328707462907,64.79398327692384,85.0,134.0,255.0,0.24979982746025683,-0.524600325080852,44.609432346645015,34.44983696411019,3.0,39.0,92.0,0.7190311173017255,0.11560142656529715,37.49506901897099,33.93985084096853,1.0,30.0,86.0,0.8364573472889241,0.14622320810326972,130.35293668954995,1.649463952494874,128.0,130.0,132.0,-0.002926065155487258,-0.5088965794855169,136.21559459658965,5.637335915389619,128.0,137.0,143.0,-0.059400230275134136,-1.3388577566951378,36.469260598902586,30.526334873935216,1.0,31.0,79.0,0.8393313971830887,0.42689700288367627,121.79847936812578,4.0611990730086465,117.0,121.0,128.0,0.07015187382950855,-1.0974356771991252,135.14426908786695,3.9277047229859514,129.0,135.0,140.0,-0.030355890988689172,-0.7666353186962009
4.1.jpg,4,1,-1,31.71538987721759,25.907735250397035,1.0,28.0,67.0,0.8282706024113157,0.5723204945390918,30.9349420535912,26.316953002605896,1.0,26.0,67.0,0.8481226153598576,0.5375511039885756,31.630450038138825,28.819608135470542,0.0,25.0,72.0,0.9407447601814826,0.6016075462811794,63.04936394281637,59.30177284403692,0.0,24.0,140.0,0.42094071736364974,-1.5076688367622104,57.81791294505548,73.30832037268806,0.0,27.0,191.0,1.7971484236530075,2.0730754870560935,33.33199379936517,28.016563992045608,1.0,28.0,73.0,0.9178449896208305,0.7117494006732565,31.5141182549642,29.318124398204244,1.0,25.0,73.0,0.9142994675415022,0.3960768818609135,128.5291985925543,0.9962237846698839,128.0,128.0,130.0,0.3564340203907053,0.40681892211612025,127.67511084865038,2.245698857881882,125.0,128.0,130.0,-0.8677478150346851,0.35067083820534783,31.242627888093306,26.448278611161147,1.0,27.0,68.0,0.8522031632395817,0.5554901000312058,128.1434359390763,1.5508134801998312,126.0,128.0,130.0,0.8145054817423055,0.5547584764370868,128.47278315002092,1.1096440337310745,127.0,129.0,129.0,-0.11611170363097736,1.7397249116307902
9.44.jpg,9,4,4,215.76865061271016,34.87543721244491,164.0,222.0,255.0,-0.7396952641063798,-0.29329486600539534,127.5635964662297,39.58684708809904,77.0,125.0,180.0,0.26879013136319546,-0.4283196771723068,84.43936734112283,52.66132671130877,10.0,83.0,154.0,0.2011406004010968,-0.6809747998621241,9.683811627244229,2.161133824429189,7.0,9.0,13.0,3.9617623960086537,272.82989898400496,162.818017953833,50.78904932037742,99.0,160.0,240.0,0.024095489729494077,-0.5351800539071019,215.76865061271016,34.87543721244491,164.0,222.0,255.0,-0.7396952641063798,-0.29329486600539534,158.51948560843545,35.54440912098695,110.0,159.0,203.0,-0.1228598307014375,-0.5903655464415198,158.83313479623826,6.087044940393234,151.0,161.0,164.0,-1.9428346851723794,4.100896326048429,165.6249909755866,9.989922486421507,151.0,167.0,178.0,-0.614405118969522,-0.3062922535497328,149.00431746936448,39.07361550810686,95.0,150.0,199.0,-0.05059005450405723,-0.6959533618272338,96.2541384060036,7.413392631050435,87.0,95.0,106.0,0.563234865806131,0.142574235790057,186.60064215825972,9.84517808158193,174.0,190.0,195.0,-2.0057420448558334,4.518569801896124
7.55.jpg,7,5,5,49.941755221372176,32.57814562248352,12.0,45.0,95.0,0.7077115243503503,0.16360209199693676,31.730570971174252,24.392368593940414,4.0,27.0,66.0,0.9113387756188761,0.754676456977228,30.60837860759518,24.58817112414068,3.0,26.0,65.0,0.9384608274385785,0.8078709886201394,24.26251485637701,57.25979340689741,0.0,3.0,177.0,2.2929156328181337,3.289734383426712,121.59884329367094,50.392577167260676,76.0,106.0,200.0,1.2725523989310727,1.1339562995976662,49.943712567279206,32.5752512194219,12.0,45.0,95.0,0.7081146957592209,0.16377591539915448,36.880990937366875,29.840741100058494,3.0,31.0,79.0,0.8351428779665506,0.23725874521397516,135.959284287351,4.4585921344437995,130.0,136.0,142.0,-0.02870349305761896,-0.9052915569320574,131.91150316384906,1.9966892548607427,129.0,132.0,135.0,0.02140131729452024,-0.7593048341817576,37.05287557212856,26.788255132405958,6.0,32.0,74.0,0.8436855643508774,0.532304797484318,125.1425857195933,1.3499393121621936,123.0,125.0,127.0,-0.30863732776435765,-0.06879363158419238,139.32064681407306,5.696145627989396,132.0,139.0,146.0,0.2758262836673785,-0.6033636121674086
9.78.jpg,9,7,8,189.34089865762542,37.861845926761994,137.0,191.0,239.0,-0.25400909824590934,-0.6141939611454057,161.2147303287952,40.527900279782806,106.0,162.0,215.0,-0.1344582858994183,-0.6130418482466067,127.41316629999864,45.863971466186975,67.0,127.0,189.0,0.002110587243602358,-0.6757335964928042,16.233371556286947,1.0803181892487992,15.0,16.0,17.0,0.36125978365767103,7.670194576370106,89.49903810429711,31.463591028543018,53.0,86.0,131.0,0.6132068925659062,0.31375001964331517,189.34089914392254,37.86184669944478,137.0,191.0,239.0,-0.25400902394495883,-0.6141939367481113,172.7495691407519,38.39128898735433,120.0,175.0,223.0,-0.24255684128608337,-0.5600074367990424,133.62794136812886,1.5100813488814575,132.0,134.0,135.0,-0.3942989420567039,1.635415793595735,149.73889686416166,4.634329659673156,143.0,151.0,155.0,-0.5832167131641091,-0.28233631376776636,165.8002870125601,40.313950563709625,111.0,167.0,219.0,-0.15624567788518812,-0.6343118088912063,109.05835614066825,3.344242738172768,106.0,108.0,114.0,0.946699757900208,0.6309751370308381,148.68940835147222,3.0886186568549054,146.0,149.0,152.0,-1.4504673469647291,3.4547225854774615
7.41.jpg,7,4,1,107.55879818475012,50.277823325475595,46.0,101.0,180.0,0.4062518385422724,-0.6569425546119905,57.6042222261126,29.96856911632299,23.0,52.0,101.0,0.5760727341708202,-0.3210338372440322,36.280405727412955,22.14127459983541,12.0,31.0,68.0,0.8668802403853276,0.5280420164050206,8.98983395871143,6.410973260620275,7.0,9.0,10.0,24.40600573852999,632.5761743818615,171.16777056112852,25.92661572435387,142.0,168.0,204.0,0.7404651941756065,1.2587604481446784,107.55881131477234,50.27779700173022,46.0,101.0,180.0,0.4062548445687535,-0.6569465086457522,75.47450830498221,38.5425811309561,27.0,71.0,131.0,0.3677453534004103,-0.6623825765213489,147.6001100976679,7.686114208836021,138.0,147.0,158.0,0.08484415992485397,-0.7411465041449516,150.1202214013527,9.300762269970308,137.0,151.0,162.0,-0.19775999801581656,-0.8185836769563761,70.12127034424,34.81626108550817,29.0,64.0,121.0,0.5277470629183868,-0.4568411433647963,111.35955690551636,7.6671000369310836,101.0,111.0,122.0,-0.04621453879251676,-0.9335570255417629,160.82978190546774,14.53244654611165,143.0,160.0,181.0,0.23681671372233098,-0.8090974255137242
9.87.jpg,9,8,7,151.9113368502341,40.9214237036392,102.0,147.0,211.0,0.3380148219860157,-0.6123542331074523,117.62234895125164,38.96019070770592,72.0,112.0,173.0,0.537359410176634,-0.14561178316714996,112.46914347515703,41.243910431770324,63.0,108.0,171.0,0.4331610901058478,-0.2635033797236521,6.870274894035858,22.808448895982824,1.0,4.0,8.0,7.3286016942654,52.30586004996543,71.48331903619801,21.16602520205458,49.0,69.0,98.0,0.9433464079776931,1.9185477999030187,151.91133782282833,40.921425500182146,102.0,147.0,211.0,0.33801494962322576,-0.6123540840679649,133.3089061427107,39.2585609874123,86.0,129.0,189.0,0.35916471670383565,-0.40604527640796517,140.7298415254946,1.8070962406847442,139.0,141.0,143.0,-0.62704255047922,2.280626348195991,136.195969472212,1.9221094056764512,134.0,136.0,139.0,0.7029402914869671,1.3878950405863426,127.30455864646005,39.750642454205774,80.0,122.0,184.0,0.45992255974758917,-0.3298245054668927,120.62729118887975,1.081365750488161,119.0,121.0,122.0,0.4466622008607118,2.3967831060911617,149.56837094355257,2.7856451700521796,146.0,150.0,153.0,-0.5434112127566952,1.3151496676113181
7.82.jpg,7,8,2,73.04070063743826,36.32649568632916,30.0,68.0,123.0,0.6265021006195091,-0.0072061419632620805,50.907105092697954,27.767845287427413,19.0,46.0,89.0,0.7495396197121972,0.36184490431806804,48.53028026275606,26.746775676578498,18.0,44.0,86.0,0.7971458736199185,0.5210461783762583,14.657577287201244,43.376429282902215,0.0,3.0,6.0,3.4562114696367168,9.98335875478965,90.39714572768528,21.070400181832667,70.0,87.0,114.0,2.053299056327797,8.77335067393731,73.04084166360299,36.3262395706937,30.0,68.0,123.0,0.6265422329957901,-0.007225309976159444,59.20940780681944,33.56067099519304,18.0,55.0,106.0,0.5666721704355284,-0.15052454152035288,137.43574847934892,3.6942662011990293,133.0,137.0,142.0,0.07810919327756573,-0.3701724375368243,133.36042202809242,2.445903756332978,130.0,133.0,136.0,0.04415670104352861,-0.6308734709170514,57.27523006716736,30.12325049188936,22.0,53.0,99.0,0.7120011655641616,0.23497329846615544,123.91234056748928,2.119294429701439,121.0,124.0,126.0,-0.4689030063116598,-0.6481175444549554,141.8239264018487,6.035368578441147,134.0,141.0,150.0,0.3829545215332048,-0.5071100920993814
9.83.jpg,9,8,3,159.78250750356455,40.71026122326573,109.0,156.0,218.0,0.2904113673165428,-0.6516863834351607,112.41904222809669,38.8167401292128,67.0,107.0,167.0,0.5961336843918791,-0.025457402115482974,109.2351888486235,41.71113255072072,59.0,104.0,168.0,0.4299797443990139,-0.1983938722927845,27.611734544018642,61.64070542777676,0.0,2.0,178.0,2.0388450812428482,2.1647891127310217,86.96055935839904,24.800824563514578,60.0,84.0,118.0,0.8464550400175439,1.828308891255367,159.78251188023864,40.71026937543747,109.0,156.0,218.0,0.2904119922788769,-0.6516855884132386,132.08613148696043,38.941146633061344,85.0,128.0,187.0,0.3784601531332881,-0.36810556534422245,146.48365555380488,2.2893825066574176,144.0,147.0,149.0,-1.359053244549313,5.534630659055045,137.5388726465651,2.5720488151666423,135.0,137.0,141.0,0.8967961805040222,2.004434825878813,126.22814872522073,39.61399368004119,79.0,121.0,182.0,0.47459545073342074,-0.2897064377597802,119.61490568753659,1.3344588087556326,118.0,120.0,121.0,0.010487749203654601,3.7166185749681695,157.43284723073242,3.384568564897768,153.0,158.0,161.0,-1.1516175277577725,4.236134577904737
12.jpg,12,-1,-1,220.5063515266812,25.39378984963042,186.0,222.0,255.0,-0.4953887562826015,-0.3129819241868863,203.06102639815285,30.132142233407965,163.0,204.0,244.0,-0.3419392445827381,-0.36966934976980426,191.21845244694984,33.125809908615565,147.0,192.0,236.0,-0.339474942722957,-0.34258713632649007,12.498976344562907,3.4478122065270944,11.0,12.0,14.0,19.750006844980142,801.8877814994246,35.396650677217366,14.891674410453042,17.0,34.0,55.0,0.6344040318749936,0.8252641899568616,220.5066296886337,25.394144074615674,186.0,222.0,255.0,-0.4953472416954924,-0.313018044426538,211.01703255661957,26.87958707655552,175.0,212.0,247.0,-0.4317543167230531,-0.27080920227873717,132.17683805722356,1.8578183626560287,130.0,132.0,134.0,-0.3157100668470741,0.39020723558705406,136.11543380620864,2.784258172810717,133.0,136.0,140.0,0.3549434339057426,0.3785983274615532,206.91782308121745,28.998668105012115,168.0,208.0,246.0,-0.38370581585353025,-0.36855055537540693,120.34357231918987,2.393205747027008,118.0,120.0,124.0,0.14708507882051758,0.3514475039722065,139.87562805273018,3.954107629596438,134.0,140.0,144.0,-0.4176181504556795,0.30985484624812143
7.86.jpg,7,8,6,71.58420526406906,35.9600121673229,29.0,66.0,122.0,0.6452218362823982,0.034760544668320126,51.15699275806329,27.83557145837025,19.0,47.0,90.0,0.7468865175613912,0.35705967254453164,48.52811769946449,26.7580885886007,18.0,44.0,86.0,0.7981247053908455,0.5271992742967555,13.17529065978848,39.643432146003455,0.0,4.0,7.0,3.855786686899183,12.929041327194732,86.6372476361097,20.998928724956333,66.0,83.0,110.0,2.1151635602551333,9.391293407170355,71.58439200216306,35.959681165117246,29.0,66.0,122.0,0.6452732196503395,0.03474181658237052,58.914490000758626,33.51357555045234,18.0,54.0,105.0,0.5720905315768194,-0.14009537893269997,136.61701573073924,3.506668074189732,132.0,136.0,141.0,0.1502444163414993,-0.29276476412016494,133.16854620503454,2.3958967891040026,130.0,133.0,136.0,0.07045153382344428,-0.6236589852561125,56.98714133155932,30.060464789596345,22.0,52.0,99.0,0.7171904592199037,0.2500020218749177,124.06011799513314,2.065629536219353,121.0,124.0,126.0,-0.5161704585035786,-0.5507308620779039,140.79987560519677,5.749551411812575,134.0,140.0,149.0,0.4507641290715412,-0.4112091390362682
9.54.jpg,9,5,4,209.92800127993402,35.584234438318546,159.0,214.0,255.0,-0.5892553783526753,-0.4026128206146753,151.03969059832053,43.312016619465176,94.0,151.0,209.0,-0.03513409169317509,-0.6382535797643252,138.18327517219782,46.91372702605729,76.0,139.0,200.0,-0.05354140804611545,-0.6671469952350146,5.529002273925332,3.6311379951388605,4.0,5.0,7.0,38.72534416124697,1826.821220081796,92.37013873084233,32.451952741336655,52.0,91.0,134.0,0.22713300463825578,0.049540224745888484,209.92800176623115,35.58423497911279,159.0,214.0,255.0,-0.5892553417803523,-0.40261287110866073,172.46387201437884,38.964929160327095,119.0,174.0,223.0,-0.254564334771689,-0.5834896038429216,148.82368908885425,5.000690740686083,142.0,150.0,153.0,-1.5800632953779175,2.367625068933463,144.03705292274296,4.785574839477354,137.0,144.0,150.0,-0.3034476502291051,-0.4344933232125028,167.17167358181172,41.21406753618535,111.0,169.0,221.0,-0.2019768034883259,-0.6617302894976289,113.75589975665692,3.298248448062862,111.0,113.0,119.0,1.0038041827285422,0.48856376342672725,165.4508076422565,7.565226227455482,155.0,168.0,171.0,-1.9116699887921804,3.6623222958854544
4.5.jpg,4,5,-1,47.958624382159506,30.6364644510371,12.0,43.0,90.0,0.6667848197631243,0.05857750010290408,34.913784383637854,25.232364314782536,6.0,31.0,70.0,0.8031934918836101,0.4031135476020631,31.4657588472035,24.398336367195835,3.0,27.0,65.0,0.86712975496877,0.5665194714382746,8.139567759668074,15.92476493141226,3.0,6.0,11.0,9.564903183573998,94.59733558417517,109.59833414058656,50.021302127252866,65.0,94.0,182.0,1.4710848668237095,1.8244439465760403,47.96028168274365,30.6339579973084,12.0,43.0,90.0,0.6671580096217145,0.05868236456919096,38.55000982320182,29.96804739885058,5.0,33.0,81.0,0.7545197474159023,0.017923001385544257,133.20947734730757,2.845599104966185,130.0,134.0,137.0,-0.13634043037279742,-0.6914746588546596,132.25533370680952,2.0802138722392027,130.0,132.0,135.0,-0.07216417249368325,-0.9531910419385632,38.429561321094205,26.72727891082483,7.0,34.0,75.0,0.7635519278814699,0.29338341539851776,124.89201432047759,1.4354198722105034,123.0,125.0,126.0,-0.21556901068034637,-0.33080176992978316,136.37987488547702,3.8496751704013925,132.0,137.0,141.0,0.22168813811138546,-0.5352120325896044
9.68.jpg,9,6,8,195.99154037530465,52.56640727790152,117.0,208.0,255.0,-0.7311134803914096,-0.4027777033927671,112.91991561772377,45.933394076234585,54.0,110.0,175.0,0.08699457114030727,-0.8829448474048753,121.42092954721848,45.613881788276245,61.0,120.0,182.0,-0.018048044545239852,-0.894326481239546,175.73287990989888,14.304852933549993,176.0,177.0,178.0,-12.129266099947873,145.72650195283217,113.5117197605862,26.155591035744482,77.0,117.0,141.0,-0.2197944313405341,0.8619219112454841,195.9915413478989,52.56640400316836,117.0,208.0,255.0,-0.7311130428638729,-0.40277983257243477,144.4850735962061,46.21187320900085,80.0,148.0,201.0,-0.34514113771912563,-0.7207079781965056,161.70416649646268,6.655578695791761,152.0,163.0,169.0,-0.966449003405364,0.5008717082015948,138.06827951969407,2.6475721796753935,134.0,138.0,141.0,-0.635256398323419,0.2920283037378377,138.72220277033742,47.297002449212115,74.0,141.0,199.0,-0.2117288666223015,-0.891531366355804,119.646498952516,2.009996580065266,118.0,119.0,123.0,1.2398642710772487,1.4314389022008749,178.21816455905494,10.71951153227605,162.0,181.0,189.0,-0.9770879864209537,0.4728545637257424
7.45.jpg,7,4,5,133.71340954581794,67.31171827011825,26.0,147.0,212.0,-0.41175560642624354,-0.8521742259671918,65.02277669819817,47.481466586501234,0.0,70.0,123.0,0.05569510423351898,-1.0946058030114427,33.318373861335296,33.668140301142515,0.0,25.0,79.0,0.9339608977847527,0.46961534259500937,14.307736598137677,29.814334852398627,0.0,10.0,13.0,4.729494289723595,21.54598427887711,206.71599567390084,42.35648013669088,155.0,206.0,255.0,-0.6761764459586193,0.964806792063658,133.75071242528045,67.23896742844624,26.0,147.0,212.0,-0.40842037877873816,-0.8584558928992898,90.25443892010917,54.314349814609514,6.0,100.0,155.0,-0.21295357227687678,-1.0780083228509625,154.07513290500282,9.290056013160761,138.0,157.0,162.0,-1.532322075031466,1.4771970905568512,158.52883012474493,14.558906767114596,131.0,165.0,172.0,-0.9919008129691246,-0.43248805901306575,81.95186874257182,51.07498679788267,8.0,88.0,145.0,-0.037248040510692866,-1.0636804860692946,104.09443890065728,11.965634587081933,93.0,98.0,125.0,0.8025295748650575,-0.8254229833506765,173.394411765278,16.978890909654957,143.0,180.0,189.0,-1.311006998465074,0.6683713007633116
7.51.jpg,7,5,1,80.71803695775202,46.60206846188556,22.0,77.0,145.0,0.39057221671646175,-0.5317360540319633,55.02024704116533,37.17231973898966,10.0,51.0,106.0,0.5650486400645334,-0.2312626225965997,58.60832656676755,39.66471453386401,10.0,54.0,113.0,0.5188274141907395,-0.3609122351303724,138.03968258655053,71.40697099418888,0.0,175.0,177.0,-1.3843819884438835,-0.07757794111688554,99.16130164119977,44.05064846028366,63.0,85.0,153.0,1.9710101296542213,4.018963289818884,80.71926035284565,46.59999631172415,22.0,77.0,145.0,0.3907716363793131,-0.5318491216829484,65.14714204867006,43.5694320971267,9.0,62.0,125.0,0.39928680642537007,-0.609076361012427,139.65348490440687,4.854569844802547,132.0,140.0,146.0,-0.4971313524703196,-0.5791657584813716,130.35660884328632,0.8207681335172317,130.0,130.0,131.0,-0.044293246555146965,1.1410408788261517,63.12852193597598,40.20189581681295,13.0,59.0,119.0,0.5017530122347741,-0.35932880166595904,126.0337895228956,0.41430935865444324,126.0,126.0,126.0,1.5861185362333583,9.992322839647352,143.42908393002142,6.35797874121533,134.0,144.0,152.0,-0.14015249153767004,-0.8229497388487585
8.8.jpg,8,8,-1,140.6506582517813,43.651037963008804,86.0,136.0,202.0,0.36337854070492015,-0.48702546764733823,97.7024839084283,39.23628071982668,52.0,92.0,154.0,0.6348506321236892,0.018253183845902132,90.98421041881853,40.83700716460579,42.0,85.0,149.0,0.5847271117711096,-0.036062218048488415,4.528442545940489,7.755744434788962,2.0,4.0,6.0,21.303710057895216,475.3690400591751,97.53971248169091,25.66566853782689,67.0,95.0,130.0,0.7042725066461641,1.121471550840889,140.6506582517813,43.651037963008804,86.0,136.0,202.0,0.36337854070492015,-0.48702546764733823,115.50949641015467,40.94629618570388,65.0,111.0,173.0,0.4124851152123324,-0.31731616148939024,144.62350585209953,2.1450918851571297,142.0,145.0,147.0,-0.5259241708101482,0.3104107934475602,139.03970081056005,1.4045308807771513,137.0,139.0,141.0,-0.6333040755122015,2.8226872116041672,109.74609114375137,40.68442339518527,61.0,105.0,168.0,0.5396446556202186,-0.17703083899955097,118.95573188689119,0.5297195383416358,118.0,119.0,119.0,2.948795669912871,30.163670406722467,155.18560356280722,3.8350698608519136,150.0,156.0,160.0,-0.4564985882261682,-0.46884242843743884
4.14.jpg,4,1,4,39.24615782091976,30.57098597121101,3.0,35.0,81.0,0.7165582852093216,0.20016931467287247,35.10150685268571,29.58946542114049,1.0,30.0,76.0,0.7929088449762434,0.3271964041387947,31.153897295834255,29.002631766340883,0.0,25.0,72.0,0.9557359942305432,0.6536058744284396,16.822840973401245,23.044986301717504,0.0,13.0,21.0,5.535302717754579,32.01458619960243,94.9442518638813,77.66725255142471,23.0,68.0,255.0,1.0363421257560248,-0.16160672393869913,39.263977756452846,30.54939398501143,3.0,35.0,81.0,0.7190278344241412,0.20379093963198036,36.6940429615413,33.055191574283356,1.0,29.0,83.0,0.8032704407577596,0.08072541673111289,129.00181540808543,0.9414064257237797,128.0,129.0,130.0,0.1691843062550226,-0.03483829851477438,130.92551462808493,1.8088371825546221,128.0,131.0,133.0,0.03406185353701397,-0.3524180276226896,35.862140695356906,29.8007275724657,1.0,31.0,77.0,0.7884197308588086,0.32060856855759434,125.98320759823824,1.0915906218964146,125.0,126.0,128.0,0.480023429359378,-0.03619509492802564,131.3119180138284,1.298984821189425,129.0,132.0,132.0,-1.3113298338239028,0.8253848884878074
6.7.jpg,6,7,-1,53.25523255700861,36.50192209836273,10.0,47.0,104.0,0.6957932463014652,0.036771538181534336,44.02395742760495,32.896721298140456,5.0,38.0,90.0,0.7399534311469548,0.13422648159507,26.41043865945391,25.140451493132137,0.0,20.0,62.0,1.1316227542637178,1.2824104068385802,19.71361427690536,12.891008462113925,14.0,20.0,22.0,9.04239592457061,97.67628999850129,156.4133155932144,54.678832925610315,98.0,143.0,255.0,0.4593785669554942,-0.5369018507515473,53.26178978737145,36.49268277262316,10.0,47.0,104.0,0.6968550014549247,0.03732679864950006,46.831587526673395,37.13096486047236,5.0,40.0,99.0,0.6874770197525837,-0.19170092851439824,129.08442847444704,1.2086537213354664,128.0,129.0,130.0,0.3942923830387509,0.26613451165888735,139.63414797826835,6.481128909953766,130.0,141.0,147.0,-0.2831410262839312,-1.1765343111714943,44.759451184522526,33.05806950090762,6.0,39.0,91.0,0.760219440302456,0.17642448653207765,119.08693776758498,4.717805547546473,113.0,119.0,126.0,0.1309985786621784,-0.8678727679434086,135.47781998836777,3.374659741081904,132.0,135.0,140.0,0.23805528948967622,-0.3132345287574885
4.28.jpg,4,2,8,56.37482858026529,42.79168266582704,4.0,51.0,115.0,0.5897679322830215,-0.27789151816195723,44.660460542824296,37.534594119222284,0.0,39.0,97.0,0.7311830460362174,0.021125502676874408,49.45421804395737,41.57024969532708,1.0,42.0,108.0,0.7068005990860562,-0.13976104599269323,130.37452269937697,68.67006956185944,0.0,164.0,175.0,-1.296540997605912,-0.2665582889837177,84.61190620690192,68.02098575755964,35.0,58.0,235.0,1.5761508789479644,1.3960345239093046,56.389523992927295,42.773024484508625,4.0,51.0,115.0,0.5911825009709609,-0.2767894774737356,49.996318730803424,42.844305045530966,1.0,43.0,110.0,0.6426431695643307,-0.359646481681847,133.88354934651392,3.5760153909754595,128.0,134.0,138.0,-0.17414629673461343,-1.0217134756090467,127.06064076453688,2.035823823833015,124.0,127.0,129.0,-0.4118622923929542,-0.5322822168181642,48.697514438161484,39.50223852555724,2.0,43.0,104.0,0.6837564565151253,-0.09585440646698284,128.3330819177224,1.3055692458892154,127.0,128.0,130.0,0.35051346906860714,-0.613189701321879,134.7932240331927,3.3993828805090724,129.0,135.0,139.0,-0.35996135927295897,-0.8302429326827836
10.81.jpg,10,8,1,195.89185043834823,28.888812306041263,157.0,197.0,234.0,-0.18367031622554206,-0.585020987747451,171.14657189708396,33.35117754319512,128.0,170.0,216.0,0.05300137511569945,-0.6040118671042172,174.84362289409032,36.52145597265513,126.0,175.0,223.0,-0.08942551569714267,-0.5747748792183178,138.53856530678542,67.33392088343696,2.0,172.0,177.0,-1.5007263452189763,0.29673412152884016,34.91802538081927,13.534010126662727,18.0,34.0,52.0,0.38907852705950363,0.5197027532325733,195.93026645191784,28.947074535041764,157.0,197.0,234.0,-0.17706039603742912,-0.582996811971682,183.85645870656637,30.61251528846048,143.0,184.0,224.0,-0.08021662602449177,-0.5846899349360823,137.66486396324373,2.1207511704680404,135.0,138.0,140.0,-1.353992175737043,1.9601087772470782,129.4359303544717,2.855163058969437,126.0,129.0,134.0,0.7746745269100613,0.5520837632022304,178.99546965603233,32.306018747864684,136.0,179.0,222.0,-0.033979061805329495,-0.6156820379808092,126.07790479858546,2.3322964200780816,123.0,126.0,129.0,-0.639728718419008,0.56687668172379,142.81659158239137,3.9454505312164194,137.0,144.0,146.0,-1.248288611954011,1.1339157097950574
10.56.jpg,10,5,6,229.2864854140042,25.499887749589455,193.0,236.0,255.0,-1.1144426083368533,0.8061124560526833,171.48087442057698,41.92242763612973,113.0,176.0,224.0,-0.40034728542266673,-0.515532448745422,168.68516881318214,44.77782692720911,105.0,174.0,223.0,-0.47922636272324654,-0.4352481750482551,31.025950273201722,65.76209676864212,0.0,2.0,178.0,1.7901053064286532,1.2076684257635355,71.15329106438769,33.03326761983556,31.0,67.0,117.0,0.5305901235063941,-0.06494134675309082,229.28649124956962,25.499892794936915,193.0,236.0,255.0,-1.1144421146657773,0.8061110746176849,192.2602579514442,34.511160548735226,144.0,197.0,233.0,-0.5808869958710718,-0.26003100171275806,149.2362329285396,7.85250326888769,138.0,150.0,159.0,-0.3186241524554428,-0.7499872914567693,138.28361285691778,5.550253908727325,132.0,137.0,146.0,0.5738787276679336,-0.2996892599538872,188.45634170347935,37.02211739471809,136.0,194.0,233.0,-0.5721966170890308,-0.3093618649440488,118.37455868536382,4.173357498680502,112.0,119.0,124.0,-0.10901449577483671,-0.6846646657619497,163.80893872461772,12.175945493304853,146.0,165.0,178.0,-0.4696288184496413,-0.6244387919152179
6.11.jpg,6,1,1,50.253568448264794,34.98102119112779,9.0,44.0,99.0,0.7117214848761974,0.0943643882754932,43.9185476639259,33.14972463388951,5.0,38.0,90.0,0.7707748077581267,0.22508346532518964,41.35378942167601,33.77752191944294,3.0,35.0,89.0,0.8099152170156828,0.22601234093869227,19.783566658691395,40.2541615522306,3.0,11.0,19.0,3.527014279273475,10.712276151957042,78.6159395552132,63.938116566108754,25.0,55.0,177.0,1.5181419359497041,1.5028071207652864,50.25769224784035,34.97533326559053,9.0,44.0,99.0,0.7123889258397955,0.0947993212877134,46.823549521580894,37.50280422038265,3.0,40.0,99.0,0.7026514145242072,-0.15191689672370412,130.25879760119358,1.3710432808956854,128.0,130.0,132.0,-0.2866066236751918,-0.6623050707867808,130.44218802580875,1.0692253283318318,129.0,130.0,132.0,-0.14170954767587235,1.0257104196336204,45.4677079260595,33.76983670979297,6.0,39.0,92.0,0.7604885563160281,0.18997537709995793,126.15894232321641,0.5864738851033633,126.0,126.0,127.0,1.6588687080569988,4.165685587166612,132.2953384530694,1.242477790664578,131.0,132.0,134.0,-1.0395836779003933,1.8379457674664144
6.05.jpg,6,0,5,62.8931960224786,40.88944475156953,14.0,57.0,119.0,0.5573960740737547,-0.29168826332074627,39.31362711514932,30.631375550788803,4.0,33.0,82.0,0.8255658380685861,0.37488096451565855,26.983612273361228,25.412900061023027,0.0,20.0,63.0,1.1051059830968308,1.188706308560949,11.125311473305207,13.652943460040511,7.0,10.0,12.0,10.190440125896115,110.1310491664301,169.0412652283943,48.78982116701212,115.0,159.0,255.0,0.28956099647944367,-0.3034007491353159,62.90015542055948,40.87901647260903,14.0,57.0,119.0,0.5584595297813851,-0.2915990952107195,46.462487040181756,36.73309461378246,5.0,40.0,98.0,0.6827826507281897,-0.19477666096868473,136.79568080624173,4.438918625888977,130.0,137.0,142.0,-0.3207902699305144,-0.9563482188598686,139.3264021404854,6.2362015501302315,130.0,141.0,147.0,-0.29776273589805774,-1.165561342350204,44.94859109998463,32.993751126298584,7.0,39.0,91.0,0.7541855923724748,0.160414615139024,119.2843617544822,4.518776513447722,113.0,119.0,126.0,0.1402171131273531,-0.8330392547025602,143.75225106936736,7.630538866166064,133.0,144.0,153.0,-0.03688780567969026,-0.9690069539769475
8.28.jpg,8,2,8,131.11659994670183,60.968655852422174,34.0,142.0,202.0,-0.4339436020204726,-0.6963720455842264,101.83623069157287,55.336704147397995,15.0,108.0,168.0,-0.2214424155913502,-0.7586624776769066,111.71712291062443,59.92921872155933,18.0,119.0,184.0,-0.2589501960219804,-0.8302752065824621,159.6259981248383,40.8317197691804,165.0,170.0,176.0,-3.5818975016412025,11.000798488903593,77.23336572072151,54.0713363033895,41.0,59.0,142.0,2.3053493706391315,4.542157699967532,131.11781520320412,60.966101319597584,34.0,142.0,202.0,-0.4337935155699774,-0.6966934698868283,115.67043401045345,59.38029107175877,17.0,126.0,184.0,-0.4059744154723814,-0.7333517851444133,141.2238756324294,3.84985714048767,136.0,142.0,145.0,-1.5920431418830217,2.119790436108234,127.14386759880098,2.3013130014691656,124.0,127.0,130.0,0.09648844856050272,-1.1964932142648255,111.70715819634343,57.46266825822769,21.0,120.0,180.0,-0.29304704763549555,-0.7607733703806518,128.01432096387978,1.5579061612366543,126.0,128.0,130.0,0.0070636282315144575,-1.4675510319592797,144.93606214099114,4.430242903133868,138.0,146.0,149.0,-1.5666253385777196,2.149705369200581
10.42.jpg,10,4,2,230.9912577182483,23.274915130000196,199.0,236.0,255.0,-1.1192428859296515,1.0144301798091293,180.52884535005225,39.95195835072736,126.0,183.0,232.0,-0.35217552450192213,-0.5230818649061413,173.63209508881923,52.18749735459738,100.0,181.0,235.0,-0.7820330229787448,0.2650347694480919,65.20266362686425,81.99055659461969,1.0,7.0,178.0,0.5976164006160827,-1.630003882098184,68.56898831575947,43.993110041919095,21.0,60.0,128.0,1.2617648649496231,1.9569478155513185,231.0003201291916,23.28234720872361,199.0,236.0,255.0,-1.1185293072121212,1.0119825572836607,198.56321269117507,33.00199727936714,153.0,202.0,239.0,-0.5441226110752256,-0.24921455158700834,145.98257955732876,7.063853149101146,135.0,147.0,155.0,-0.4537874498698641,-0.6661858992665173,139.12860454070486,10.66406632091551,129.0,136.0,154.0,1.4751056473797863,2.089528264705182,194.84465564738292,35.90738336194723,145.0,199.0,239.0,-0.5747389073075791,-0.2233735050737673,117.64952075615085,8.677506813435418,105.0,119.0,127.0,-1.323572165256411,1.8746611896924952,159.69606108102974,13.357203410015059,140.0,161.0,177.0,-0.2787132320688835,-0.6954377339823794
8.14.jpg,8,1,4,118.23029923055002,40.33083417454833,70.0,113.0,176.0,0.5520861440011503,-0.14264937832854763,84.9642191507552,36.82802192848082,43.0,79.0,137.0,0.794741750216197,0.42252468356256134,75.94896789208701,37.25155582902442,33.0,70.0,129.0,0.7814089675232598,0.4324697504955459,6.452516386434882,1.896336577161558,5.0,6.0,8.0,42.434604903116266,3786.2406050408167,99.74284316519426,27.107515201216078,68.0,97.0,135.0,0.7189705895550514,1.1389307489599174,118.23029923055002,40.33083417454833,70.0,113.0,176.0,0.5520861440011503,-0.14264937832854763,99.25188610240335,39.10643543879139,53.0,95.0,155.0,0.5684421208591536,-0.015187360911899539,140.6191384060036,1.704228119129361,138.0,141.0,143.0,-0.42047969963840887,0.5199790327586817,138.87551771634844,1.0240074562203072,138.0,139.0,140.0,-0.829578072294354,4.713096511127182,93.85198822076565,37.85046559536283,50.0,88.0,148.0,0.7154921662447375,0.22677186727963328,119.23924242424242,0.5879898761505397,119.0,119.0,120.0,1.3500452481980387,9.036909309687504,149.42638785978912,3.1909336042720575,146.0,150.0,153.0,-0.33145880727510024,-0.7364350723226698
5.83.jpg,5,8,3,48.18459741406644,32.699528258282406,10.0,43.0,94.0,0.7118604451280856,0.134337669312933,29.94984720544497,23.873754854213704,3.0,25.0,63.0,0.9608000948217943,0.9654205174185604,26.464358311498593,23.37318600169184,1.0,21.0,59.0,1.0741433608560016,1.244534145734729,7.840612714919012,19.804887867309976,2.0,5.0,11.0,7.7186837632000165,60.13808050937914,140.01189385495508,52.38150996966352,88.0,127.0,233.0,0.7995260614918867,0.14933104896433624,48.18997002464554,32.69186351746657,10.0,43.0,94.0,0.7128727182949249,0.13489520928315235,34.794272976080016,29.36543256398834,3.0,28.0,77.0,0.883783694552242,0.34870713013525556,135.62598159073625,4.599999306030654,130.0,136.0,142.0,0.039170845991200576,-1.0619359741420886,133.25681156375646,2.8009321285646496,130.0,134.0,137.0,-0.2302626582750046,-1.132853925759812,35.014507701973784,26.378080124094904,5.0,30.0,72.0,0.8797158734314353,0.6512947779792868,124.02550725652561,1.977367337034803,122.0,124.0,126.0,0.09054016578656425,-0.7450845142656157,139.56398405723522,6.093631428944898,132.0,139.0,147.0,0.23690476249456205,-0.772129003583466
2.3.jpg,2,3,-1,17.96612238872075,14.704535658381058,2.0,15.0,38.0,1.0810551984817298,1.260823695736816,16.394396299303658,13.867958750651656,1.0,13.0,35.0,1.103943156445801,1.3922227296601424,14.732956866218844,13.151123529443996,1.0,12.0,33.0,1.204584917285067,1.7378723580345037,27.056911493319554,41.522462552965905,0.0,20.0,30.0,2.873076878675282,6.777385284237122,64.21864570261559,60.96485843656438,0.0,48.0,153.0,1.7471124108071567,2.879415881971341,17.968817696414952,14.7023771473991,2.0,15.0,38.0,1.0815254470138942,1.2618883829219865,14.79173937649172,14.878794725565195,1.0,10.0,36.0,1.4937948557389984,2.494274653010975,128.34418099948329,0.8140813145608089,128.0,128.0,130.0,0.9787714444199809,1.3509712866027606,129.29613149282744,1.0786728852432421,128.0,129.0,131.0,-0.1959540946197302,-0.5389565081473648,16.69158829753205,14.032398123658117,2.0,14.0,36.0,1.11038404616148,1.3901855540167043,127.03208926945695,0.6900604596053456,126.0,127.0,128.0,-0.031204032411071978,-0.8646315675353828,129.27430525823675,1.0286149041655424,128.0,129.0,131.0,0.8533883646572555,-0.2894419631359062
5.68.jpg,5,6,8,86.32776717650057,48.05830744937046,25.0,83.0,152.0,0.3172110756666448,-0.6721141710132597,28.575021056665285,23.181957251601794,2.0,24.0,61.0,0.9466553438053942,0.8112498982761918,29.31282472490172,24.283803559742815,1.0,25.0,63.0,0.8862953376839078,0.5460066249334532,72.98215095051636,87.08695759252079,0.0,2.0,179.0,0.3839399844540715,-1.8503499001957648,185.92790304791583,35.87995477512393,146.0,179.0,255.0,0.35992383095595454,0.1861596732581967,86.33008049189927,48.05424190694399,25.0,83.0,152.0,0.31759340311009415,-0.6724337850561843,50.074702532051845,34.648316416438185,7.0,47.0,97.0,0.4806314232125375,-0.5049814534983339,153.45755306960467,11.700139594230903,136.0,155.0,168.0,-0.40609707372283627,-0.859638743162507,140.6135396789272,6.33740164184476,131.0,142.0,148.0,-0.28155183243200926,-0.9668044540475398,45.92914213297698,30.257148270624082,10.0,42.0,88.0,0.6551044207487824,-0.04437348078330716,119.98270727442136,3.6587924710148427,115.0,119.0,125.0,0.08619765773525852,-0.585856269854288,163.42973784694868,16.840082375317685,140.0,164.0,186.0,-0.07383071960075646,-1.0154008503305794
5.54.jpg,5,5,4,61.92517605373884,37.558347506824006,16.0,58.0,113.0,0.5484870333879203,-0.21176675244868504,39.80128786201127,28.371155453471538,6.0,36.0,79.0,0.7311215713630578,0.20759786761720944,31.52758790384095,25.288196077729285,2.0,27.0,67.0,0.886440330219259,0.5806025053498645,9.088616913953889,12.975290654305587,5.0,8.0,11.0,11.63320420474464,141.16779287099357,144.58853817573387,46.40522092441115,98.0,132.0,221.0,0.9578937195825119,0.4377204815457172,61.92760955685146,37.55445735776315,16.0,58.0,113.0,0.5489603072919678,-0.21181501826991322,46.66653182746487,34.2695060123168,6.0,42.0,94.0,0.6152931870395647,-0.2518050042459796,136.62305209025368,4.215488936670418,130.0,137.0,142.0,-0.17366564595598963,-0.802276467778773,136.81157993159619,4.494516501475733,130.0,138.0,142.0,-0.27401333013460866,-1.0045586132049236,45.472071553357445,30.666639307568573,9.0,41.0,88.0,0.6824592507682572,0.07456718953702302,121.30537043871952,3.2573019570149415,117.0,121.0,126.0,0.13891143896255165,-0.8037398572449024,142.43419404050098,6.742037667010846,134.0,143.0,152.0,0.12167581331202837,-0.7611101359073591
5.55.jpg,5,5,5,40.87095668259776,26.541407222130793,10.0,37.0,78.0,0.7287374363190485,0.21463636397717867,26.826010185006876,20.30081880739123,4.0,23.0,55.0,0.9203592955936151,0.7896958986864635,24.76164292564128,19.94690040247197,2.0,21.0,52.0,0.9698349494160432,0.9248830258119667,9.733307365067137,29.587099979869794,0.0,5.0,11.0,5.304947405372286,26.664692945014135,122.43493198648483,50.5589687600021,76.0,107.0,200.0,1.2205797489886616,1.0690552763142662,40.87279634460181,26.538688071035885,10.0,37.0,78.0,0.72920878052392,0.21485120988748418,29.885727957610452,24.686474715490768,3.0,24.0,65.0,0.9263819951530401,0.44603291743096074,133.9674817978988,3.540070449928142,130.0,134.0,139.0,0.03149881237261932,-0.9151973145977745,131.68622991349747,1.9979569125947458,129.0,131.0,134.0,0.18065682998251426,-0.8252364972862716,30.79107168214064,22.074035591884495,5.0,27.0,61.0,0.8593550970896183,0.585415106595939,125.33235587612262,1.2755705206304395,124.0,126.0,127.0,-0.33635238351719177,-0.022811241768442514,136.8659025966321,4.392292082374218,132.0,137.0,143.0,0.3180593024425782,-0.5615508277642833
5.41.jpg,5,4,1,73.4826372476361,44.63298481840889,18.0,69.0,134.0,0.4624729887310488,-0.34557564348060144,41.29280922174954,28.944084840333893,6.0,38.0,80.0,0.7133683400827078,0.3951335528656088,28.573249476258002,22.243949437900433,2.0,25.0,58.0,1.038838520694721,1.7081246759927442,10.02749134877424,18.281220744161182,5.0,8.0,10.0,8.217380998563558,68.36242650570412,166.28907300097842,39.87631706445339,127.0,159.0,232.0,0.4835850518722079,1.2511774572714618,73.48971919259117,44.621626553825315,18.0,69.0,134.0,0.46357571923308544,-0.3457902527944765,51.77959847419416,36.59097121466279,6.0,48.0,101.0,0.5347312181035866,-0.28514773034076146,140.82277485026913,6.590599926720672,132.0,141.0,149.0,-0.12846825794653088,-0.8892149851752689,141.60636533751938,8.145511280644836,130.0,142.0,152.0,-0.033244468660498946,-1.18376945098463,49.4713799556108,32.66512994619566,9.0,46.0,93.0,0.6332756297142741,0.1271628359905259,117.82714666137575,6.125549513484344,110.0,119.0,126.0,-0.1580004508437605,-1.0383842790715805,149.07229536130905,11.28067799204846,134.0,149.0,165.0,0.17220845356530462,-0.9033536409000935
2.2.jpg,2,2,-1,14.791576944848071,12.194414446108537,1.0,12.0,32.0,0.9859894950384503,0.8719108756450353,14.548652081643452,12.017618852872774,1.0,12.0,31.0,0.9875004181679988,0.8474862294641583,17.89741610888387,14.352762420595504,2.0,15.0,38.0,0.9599340361465224,0.7719560557945169,93.03665999467019,51.55465695509232,0.0,120.0,126.0,-1.237695642088865,-0.44464162441687316,49.09575141658351,46.787666712261924,0.0,44.0,98.0,1.9556671674826753,5.707336272131565,17.901193178613042,14.349350174105414,2.0,15.0,38.0,0.9605854400523255,0.7734650454395262,12.874686581506316,12.654142748028995,1.0,9.0,31.0,1.4361396453195694,2.187118166326215,128.7716601600112,1.1298645405774537,128.0,128.0,130.0,1.1863287674380807,0.6468608150407178,125.9539457175703,1.8576935291310315,123.0,126.0,128.0,-1.0838277812720674,1.1938200847508034,14.929182981935035,12.332966481202119,1.0,12.0,32.0,0.9838124703695612,0.8339093819538208,129.36673416470688,1.102884337922762,128.0,129.0,131.0,0.8977124389571681,1.7918408288243919,127.86241195590647,0.35118359435300694,127.0,128.0,128.0,-2.256235665704964,5.119858178624247
5.82.jpg,5,8,2,45.27108341162717,31.169409941820838,9.0,40.0,89.0,0.7391868528821943,0.22621167666196573,30.928963175636902,24.412699473414875,3.0,26.0,65.0,0.9429735739832749,0.8947555415757296,28.282865904541822,24.063518377079255,2.0,23.0,62.0,1.0183721293589327,1.088724283114872,8.30732421818012,22.11198306174516,1.0,5.0,11.0,6.955058821053349,48.20486392166476,121.13354642873121,53.976112839014085,72.0,105.0,209.0,1.1177784022877175,0.7639449742224724,45.275333648453866,31.16344545136838,9.0,40.0,89.0,0.740009131157469,0.22676483891143118,34.64611283260292,29.332796770882343,3.0,27.0,77.0,0.8910539730752685,0.36816278278423153,133.94539612790783,3.5742393164864454,130.0,134.0,139.0,-0.015444509956255178,-0.9637212636914825,132.01852548877724,2.0852692605363994,129.0,132.0,135.0,-0.14286800714401632,-0.9718840832571698,34.92310669942364,26.361787575475745,5.0,30.0,72.0,0.879065605518068,0.6559075379741142,125.06351915718874,1.3819700156538852,123.0,125.0,127.0,0.07169031642518638,-0.4158056963876109,137.1012689437043,4.669189046344625,132.0,137.0,144.0,0.22633213294544194,-0.7128305688091228
8.15.jpg,8,1,5,119.48598102663158,40.00384376829262,71.0,115.0,176.0,0.5315928394060957,-0.1593969417003689,94.21017518367442,38.496404386995145,50.0,88.0,149.0,0.6946650187719509,0.17766684785157372,82.63021821124357,39.06288436534722,37.0,77.0,138.0,0.7070889068979931,0.23269176677822045,9.483735792829647,1.6776067366284473,8.0,9.0,11.0,34.074661311177536,3323.5528901918983,87.18302035250706,27.355988110082748,55.0,84.0,122.0,0.7821560223518539,1.1839672554187501,119.48598199922581,40.003846710448215,71.0,115.0,176.0,0.5315933166775288,-0.1593951363662729,106.38955560224008,40.047216272680565,58.0,102.0,163.0,0.5026617735452844,-0.13352120185430083,136.5847032323197,1.1553450042980415,135.0,137.0,138.0,-0.6922869448056418,2.061785688365206,138.7268045999817,1.2369483365639906,137.0,139.0,140.0,-1.1533805251147953,4.1564533136562885,100.44857067550561,38.99862688466806,55.0,95.0,156.0,0.6448218878108295,0.06661915717051325,119.23201381472857,0.6072059407792212,119.0,119.0,120.0,3.394800941502658,21.71897334284969,144.7447231899535,1.84635793746438,143.0,146.0,146.0,-1.1520260972050453,1.6989508495955308
6.38.jpg,6,3,8,68.32656725966389,44.22708192989918,15.0,62.0,130.0,0.5546140266038412,-0.3104684378620939,46.04077065032848,34.38018144477807,5.0,41.0,94.0,0.711805904685473,0.05447457330736105,26.027498831229547,25.610039983863828,0.0,19.0,62.0,1.163659773008535,1.3270224748410842,14.503815358874043,12.85445741086087,10.0,14.0,16.0,10.108881603962365,113.53162540049397,180.2682502891169,47.072104987852974,126.0,172.0,255.0,0.09675305231669531,-0.34202920019193117,68.33352132083364,44.21661763223038,15.0,62.0,130.0,0.5556050918478169,-0.3104182151126591,52.96319332693585,40.28122150266987,5.0,47.0,109.0,0.5942397038207963,-0.37112683921370193,135.1202514701902,3.58186233786085,130.0,135.0,140.0,-0.10898525053991702,-0.7165138412162415,143.28156738269234,8.355826527442499,130.0,145.0,153.0,-0.3471324382964468,-1.1348441132749867,50.42054083314879,36.20238416308884,8.0,45.0,101.0,0.6938198590993803,-0.01223098073553519,116.0768691715263,6.257648901166164,108.0,116.0,125.0,0.16932668240106172,-0.9134124811040603,143.7175724022539,7.691919382772947,134.0,144.0,153.0,0.10468624136320395,-0.8248432326941249
8.01.jpg,8,0,1,133.89294460686767,42.37979978390652,82.0,130.0,194.0,0.38742900844867945,-0.46320527513456167,111.81116985580317,41.28422444770177,62.0,107.0,170.0,0.4830369705641069,-0.25636799944104194,95.43372694222207,41.72210679557068,45.0,90.0,155.0,0.5226842384431314,-0.15739002090344334,12.639783675589246,1.0207320671365467,11.0,13.0,14.0,0.2426921284202748,3.5334950041018365,80.78609102704006,25.80493561687057,52.0,78.0,113.0,0.9853628151896056,1.7470250705615227,133.89294460686767,42.37979978390652,82.0,130.0,194.0,0.38742900844867945,-0.46320527513456167,123.2981487641245,41.972504207102716,71.0,120.0,182.0,0.328180855449321,-0.43190488820184303,134.16493155854337,0.9543790848306286,133.0,134.0,135.0,-0.28949566456020537,1.9177010356366075,140.5341526467207,1.3927675696458668,139.0,141.0,142.0,-0.8772504304452204,2.8140183065943765,116.52739117156757,41.63458553926972,66.0,112.0,176.0,0.4583004521997403,-0.3177440116787045,117.9351231012529,0.8330712089679827,117.0,118.0,119.0,0.7180599508038026,3.8267434434419263,143.35247544685842,1.7722031478523905,141.0,144.0,146.0,-0.4044066447244499,0.7748279202636339
6.04.jpg,6,0,4,78.7322209773016,49.69258647228141,18.0,73.0,148.0,0.4581355257633958,-0.5790634647771653,41.34015073265524,30.02935130458989,4.0,38.0,83.0,0.5651534707299952,-0.23558810475630754,21.985325984411258,23.7915853840414,0.0,14.0,57.0,1.2774386192843585,1.6141872800719925,12.277487944694402,18.5333956936698,5.0,11.0,14.0,7.7705838293868235,62.210644449977536,202.41261435276772,40.25410666270037,152.0,200.0,255.0,-0.36994301742928715,0.315028011230829,78.74040341263867,49.67993875039239,18.0,73.0,148.0,0.45917254979570044,-0.5793360408241477,53.544952333156324,39.13204700156818,5.0,50.0,108.0,0.46318973043317213,-0.6354830223067429,142.45122148110542,8.423283271858244,132.0,142.0,154.0,0.25000779947947815,-0.8547436524431404,146.09452837932733,9.71774877612529,130.0,149.0,157.0,-0.49189867541859317,-1.1224134557531857,50.32000781965768,34.91108774495112,8.0,46.0,99.0,0.5752888187270553,-0.32096678598401285,114.11116946676549,6.967697383554211,106.0,112.0,125.0,0.4365544395303013,-0.9369739327147757,152.92230041879907,13.759568078162442,136.0,152.0,172.0,0.29922631621255125,-0.8239599656558023
10.43.jpg,10,4,3,248.02161882475602,13.820874167416118,235.0,254.0,255.0,-3.874874391006402,21.149257683347024,188.25683247453262,29.438250997239113,150.0,190.0,225.0,-0.6952390677182133,0.7005700807856083,144.49951564806872,29.92622792593986,105.0,147.0,181.0,-0.703512587351903,0.3994890390202426,13.281767359348285,3.0856606718840234,10.0,12.0,18.0,0.9262772379145984,0.034052144577524146,107.38188377887876,26.723642632903548,73.0,106.0,143.0,0.4319417234795947,-0.21587029604931374,248.02161882475602,13.820874167416118,235.0,254.0,255.0,-3.874874391006402,21.149257683347024,206.32966081748492,22.066478331933858,179.0,209.0,232.0,-1.2002874778264392,2.8423345047974333,144.41087243648474,9.125285227213338,132.0,145.0,156.0,-0.12077961073028921,-1.1305656838065443,158.7960499057556,4.720715021223668,153.0,158.0,165.0,0.26260021486374463,-1.0760472683596434,201.15463373073533,23.867081899162446,171.0,204.0,229.0,-1.1764011787704844,2.4715493874613657,100.03767392416488,3.4355906720454232,96.0,100.0,104.0,-0.00850531347519785,-1.1077846179813031,169.10212434033795,13.261504231441586,150.0,170.0,187.0,-0.17770611599352823,-1.1683272549095731
10.57.jpg,10,5,7,220.32199580228325,29.533587993606254,178.0,226.0,255.0,-0.8621917430374914,0.21950151555663933,179.03107681743822,39.06650041541024,124.0,183.0,228.0,-0.43747644608290753,-0.44010269716489336,167.8964104464402,45.02969792209999,104.0,173.0,223.0,-0.4767995910167187,-0.4326626900356958,7.0983599143339,14.022617271216136,3.0,6.0,9.0,11.744559391118601,139.44563492847612,64.53250312689048,30.45665158226919,30.0,60.0,107.0,0.7187951569885671,0.31357024587129523,220.32200017895735,29.53359281156156,178.0,226.0,255.0,-0.8621912264121884,0.21950071873151167,194.2592683368055,34.461065483626776,146.0,199.0,236.0,-0.5964283937347966,-0.2123074220051202,141.63962173864837,4.2184073491003655,136.0,142.0,147.0,-0.5763211953335236,-0.1100273879195437,139.71709373279725,5.615112541515428,133.0,139.0,148.0,0.4747392121699659,-0.4080847482072807,190.10514959472,36.75550057328902,138.0,195.0,235.0,-0.5543221705747196,-0.31642151872893853,117.16651445566818,4.433807476502213,111.0,118.0,123.0,-0.14435452738273158,-0.7179009790672053,154.52787795498446,7.715150857295312,144.0,155.0,164.0,-0.6639720755289192,-0.14037851357593967
3.08.jpg,3,0,8,26.905615078323013,19.084264474145712,5.0,24.0,53.0,0.9139015170822121,0.8370111846799944,22.672757538091652,17.32696444912532,3.0,19.0,46.0,0.9827006845380921,1.0740681378636774,23.538571628647958,18.088803407282384,3.0,20.0,49.0,0.9658595910388001,0.952294367871755,128.3112612796617,70.45417675348921,6.0,170.0,173.0,-1.1030881633494958,-0.757594535584253,62.8209925713252,51.076178941165615,26.0,46.0,127.0,2.2723510958115427,5.431991651478766,26.906621713360916,19.083153453662703,5.0,24.0,53.0,0.9141217645444196,0.8374159901943083,22.487277008455735,19.84232222470269,2.0,16.0,51.0,1.1491121299436118,1.1839239542920934,129.887171773759,1.556784818557563,128.0,130.0,132.0,0.36514165343944066,-0.567111548494529,128.08993238524846,0.8724798447647304,127.0,128.0,129.0,0.6637134010906395,-0.02650747807192344,23.987374754176805,17.903209901612602,4.0,21.0,49.0,0.9719443335311203,1.0112199797940837,127.77883839179597,0.4208399777739665,127.0,128.0,128.0,-1.3000649751767017,0.024906436296097567,130.8262815387997,1.409398503520164,129.0,131.0,132.0,-0.20445953221194035,-0.8068082614388961
6.6.jpg,6,6,-1,129.78378257461256,61.25875120318944,46.0,131.0,211.0,-0.02558391271289729,-0.9235650445803816,25.58839568635003,27.325369553488223,0.0,16.0,66.0,1.2454400881523415,1.1499774731867438,37.6256781413335,30.368753588103317,2.0,31.0,81.0,0.786305964427294,0.05684614034431901,159.59142677629748,51.76614125013671,174.0,176.0,178.0,-2.7464649513088815,5.555872399762713,215.76390177576258,31.752617944140322,172.0,218.0,255.0,-0.6038768920561159,0.4852605127394862,129.7856164010512,61.25492104165055,46.0,131.0,211.0,-0.025286664922057,-0.924134186090583,71.48950911223542,41.25281697546044,16.0,70.0,127.0,0.18591127150728015,-0.8031263099112085,170.43912678543987,14.783172189658018,149.0,174.0,186.0,-0.9048781570172185,0.038287699142462106,147.98215775867604,7.964754792947904,135.0,150.0,157.0,-0.6903142267338169,-0.25635108133095574,58.10344463701811,36.56988855212498,16.0,51.0,110.0,0.6346961393620875,-0.32680189357535827,118.01464970073275,4.03623266600566,112.0,118.0,123.0,0.025384208819860227,-0.5413158494536177,190.86054117088676,24.15019522490491,153.0,197.0,217.0,-0.6484765331586491,-0.6795640663316416
4.01.jpg,4,0,1,31.782437963076433,26.303811510790425,1.0,27.0,68.0,0.8984555213021155,0.7288345418392614,29.790457002581267,26.191810249846633,0.0,25.0,66.0,0.9398400808620208,0.7587829265022674,28.4401290438037,26.780806133179514,0.0,22.0,67.0,1.0253715959412508,0.8925376154102747,45.3054728850452,60.236963577341804,0.0,20.0,165.0,1.382426341957578,0.032796423503619554,71.01770802331892,79.87921874553084,7.0,38.0,255.0,1.3571314077735113,0.5720832689077135,31.833409681981134,26.36673444952484,2.0,27.0,68.0,0.908678269761125,0.7688277694387553,30.32738251547884,29.11152519723393,0.0,23.0,72.0,1.002653753175654,0.6151048987336472,128.58583970868858,0.9260060169056782,128.0,128.0,130.0,0.27325544893429765,-0.12476845999368313,129.06527663497954,1.223219566146473,128.0,129.0,131.0,-0.20819261579023243,-0.3313408205692694,30.266589053646353,26.32549721305143,1.0,25.0,67.0,0.9365687132249708,0.7598537583574574,127.11539149835923,0.8625380944897482,126.0,127.0,128.0,0.21134584004988255,-0.7206022685902744,129.51584890943008,1.0054618759586333,129.0,129.0,131.0,0.6053221600462886,-1.0215985637866296
4.15.jpg,4,1,5,32.66825373391403,26.36289290394535,1.0,29.0,69.0,0.8087384591389032,0.5159744120581458,30.819850397381956,26.3331419666313,0.0,26.0,67.0,0.8521771887500165,0.5382555076116207,31.625511183287813,28.85622779543017,0.0,25.0,73.0,0.9415974132347632,0.6008779997341716,70.21408380699293,65.76609480629051,0.0,20.0,165.0,0.2850284620147776,-1.7324388278531642,64.30391821067396,75.34589638014685,9.0,31.0,223.0,1.6281831808528304,1.429354101338844,33.82425973770331,27.95207910593038,2.0,29.0,73.0,0.8943697506964986,0.6898639574410579,31.65779877463645,29.449064621286077,0.0,25.0,74.0,0.9102547637254131,0.38126238327596296,128.99411530228096,1.1080948210420907,128.0,129.0,130.0,0.2720097907933045,-0.4344462311410986,127.76447233089738,2.2167679055499923,125.0,128.0,130.0,-0.8059981784596115,0.21062431405834747,31.47705076154622,26.619347250315517,1.0,27.0,68.0,0.848654116551208,0.5352630053214611,128.03410103097858,1.5033340519817304,126.0,128.0,130.0,0.7826929926525987,0.46576332689483824,129.19120395659556,1.0887300973299854,128.0,129.0,131.0,0.6406500044854676,-0.5362776793340633
7.44.jpg,7,4,4,166.60718231668056,56.37980016894248,89.0,168.0,243.0,-0.1793325617971932,-0.9742987883041727,58.87332543586811,30.47567632027679,22.0,55.0,103.0,0.34978428943249035,-0.7326110994424497,20.940912468463633,16.84129527209994,0.0,17.0,46.0,0.9856823040850897,1.1502338594567325,7.506393348233477,5.268311133886926,5.0,8.0,9.0,28.739981695256017,929.1581656019853,225.27195193828305,18.606889901265564,202.0,225.0,255.0,-0.26514902167344356,0.07314530135222341,166.60718231668056,56.37980016894248,89.0,168.0,243.0,-0.1793325617971932,-0.9742987883041727,101.46585756551882,39.19855857428281,49.0,101.0,155.0,-0.09576383773271417,-0.9179989926204306,170.2277840023809,8.995936065558235,157.0,172.0,180.0,-0.8107054728761867,0.09824442984769499,171.3062952134747,12.979628039655903,152.0,174.0,186.0,-0.674663517688628,-0.3199140825282982,86.75261530591007,35.91158487979813,41.0,84.0,138.0,0.14236638819153677,-0.9405830054524902,95.63048859244216,11.74914798929275,81.0,94.0,112.0,0.31415459945388297,-0.928908334789571,198.03548996380005,19.38375561007399,170.0,202.0,220.0,-0.5558041298785875,-0.6372677813990673
4.4.jpg,4,4,-1,34.803312753239226,27.772502147058276,3.0,30.0,73.0,0.8384307621116636,0.5254066009208924,28.54824991392541,25.287381995304674,0.0,23.0,64.0,0.9650978803333781,0.8626714407463068,21.968557487127715,22.38268466293983,0.0,16.0,54.0,1.2344157720641846,1.722509794765826,17.058731075747584,21.42657589684272,0.0,15.0,20.0,5.731704748009164,35.0977987025561,130.87231977342444,72.10424252695348,59.0,110.0,255.0,0.5170915974802809,-0.7480927596075695,34.825109076443965,27.74646247843293,3.0,30.0,73.0,0.8418105897294952,0.5306113721474857,29.694042763023525,28.469955784866944,1.0,21.0,71.0,1.01651300654012,0.673446729402781,129.50479488960082,1.230672473809642,128.0,130.0,131.0,0.0728733736200281,-0.5361935666892377,132.82357335013975,3.1453125221601748,128.0,133.0,136.0,-0.19530844520273866,-1.3141934903408616,29.670592543314484,25.71411592926363,1.0,25.0,66.0,0.9523488951639709,0.8178503197926843,124.42935804889815,2.210730519491987,122.0,124.0,128.0,0.23279828671139774,-1.0232022984810165,132.5608654338062,2.180097342803177,129.0,133.0,135.0,-0.34599587817351085,-0.10649646208080288
9.41.jpg,9,4,1,182.634289446186,37.03151615739189,133.0,182.0,233.0,-0.07488628415302824,-0.7389858712702715,128.72424527405718,37.8922401398676,81.0,126.0,180.0,0.2752965821195814,-0.4094731906806519,112.19334615749976,42.05178355249638,58.0,110.0,169.0,0.20054746142234578,-0.44062950784729393,7.010173363731357,2.1951180641659227,5.0,7.0,9.0,30.138808431709915,2333.375911353488,104.20252636078655,29.85223408892338,69.0,102.0,143.0,0.46025443081743883,0.42303988410652194,182.634289446186,37.03151615739189,133.0,182.0,233.0,-0.07488628415302824,-0.7389858712702715,149.42289778664386,36.573137385623646,102.0,148.0,199.0,0.08082671086311224,-0.5616448934960268,146.95370475919066,2.350864497310444,145.0,148.0,149.0,-2.361111462322235,8.810643463749729,145.635437446566,3.893444423211545,141.0,146.0,151.0,-0.16349743719360924,0.2404945965834817,142.96792913460624,38.03517443631095,94.0,141.0,195.0,0.15075562646346674,-0.5666775808803419,112.7960691555049,2.3720160386370734,111.0,112.0,116.0,1.1141434553722476,1.863454447468289,162.82145958012728,3.481885012816564,160.0,164.0,165.0,-2.889554852173156,12.69734124766101
7.78.jpg,7,7,8,71.91693850675661,45.970513759427455,15.0,67.0,136.0,0.483964974753412,-0.4412615943639864,60.970857186207056,42.623084565046405,9.0,55.0,120.0,0.5604492590104211,-0.3315169374847531,45.968274462204015,37.34330655383191,2.0,39.0,99.0,0.7635753003764699,0.03093033410574364,17.662688269929916,12.865650350197573,13.0,17.0,20.0,9.762600715439337,107.59041421529662,119.68517464874759,55.791522035580435,67.0,103.0,213.0,1.1140038603018896,0.5104269218124582,71.9227808803534,45.96164221955729,15.0,67.0,136.0,0.48474430346030845,-0.44131805533689583,65.90819780232606,47.036269015659286,7.0,61.0,131.0,0.4496624550081535,-0.6189778915899757,130.0439281914221,1.1651870124645252,128.0,130.0,131.0,-0.0877031046238793,0.11144018712247572,138.37328604580142,4.548704404538147,130.0,140.0,143.0,-0.8536302702555437,-0.3787240044103868,62.54306306884605,42.994756241716495,10.0,57.0,123.0,0.5569447604033034,-0.3381794013784596,120.02719276234271,3.421015607054187,116.0,119.0,126.0,0.7006313149792974,-0.30815202210100656,136.22494305460728,3.0083572625587394,132.0,137.0,140.0,-0.4945947504871605,-0.48953251220031424
9.55.jpg,9,5,5,212.02316087292277,34.640630561722055,163.0,217.0,255.0,-0.6298097867365366,-0.3348612347970521,132.02344487044073,44.61164745260741,75.0,130.0,192.0,0.12080328692616829,-0.6522806493578668,123.88447428363571,51.21270723244139,56.0,124.0,191.0,-0.07296786906012488,-0.6068210210354774,13.387259793537694,42.10637234346116,0.0,2.0,7.0,3.6539437396145655,11.391128763302621,112.83083619762337,42.47630530438541,62.0,109.0,168.0,0.49066982042049156,0.35190406153373077,212.02316087292277,34.640630561722055,163.0,217.0,255.0,-0.6298097867365366,-0.3348612347970521,161.4590815014521,38.98837885973429,109.0,162.0,212.0,-0.1425503225453774,-0.6465677549030122,158.3259615552949,6.553987238031594,149.0,161.0,164.0,-1.5065752269765524,2.102371499700677,146.24082308705303,7.665224895014285,137.0,146.0,157.0,0.2649206305655239,-0.4026412490390414,155.04610728881576,42.02133370138424,99.0,156.0,210.0,-0.11324521820647332,-0.694458520431378,112.69069120327414,4.941063250400162,106.0,112.0,119.0,0.12474991735136813,-0.15528218149277517,177.9560572196643,9.769948722399624,164.0,182.0,186.0,-1.715026017019972,2.938832157493196
7.87.jpg,7,8,7,74.66960244237866,37.21501733320704,31.0,69.0,126.0,0.6211823212118994,-0.034976735738689424,53.551211949681864,28.52191806805252,20.0,49.0,93.0,0.6918212071028913,0.19441465606845698,46.15855766219468,25.858853737100908,17.0,42.0,82.0,0.8136213785595346,0.574685229289448,8.750245093748358,13.068433198937688,5.0,8.0,11.0,12.17887603939381,151.042174800414,101.54002273925332,23.148017636548587,79.0,98.0,128.0,1.8501909240863614,7.02969733545538,74.66974055076066,37.21476900033618,31.0,69.0,126.0,0.6212197779380287,-0.03499423354099607,61.48952126966343,34.211108189536816,19.0,57.0,109.0,0.52797450088641,-0.23229738301293024,136.13496836150938,3.4898968700759907,132.0,136.0,141.0,0.33784697958342125,-0.14280762547767623,136.14775992094755,3.4994561102258204,131.0,136.0,141.0,-0.09201133104536416,-0.6810965597676515,59.03123194621943,30.726411123783837,23.0,54.0,102.0,0.6791608977300515,0.13790537724152507,121.83666057822673,2.9460729528723983,118.0,122.0,126.0,-0.10737930273072119,-0.8825487696777197,141.71464814458196,6.295383316789674,134.0,141.0,150.0,0.49982915577231984,-0.3253734348400177
9.82.jpg,9,8,2,149.7910235387258,40.77567911511685,100.0,145.0,208.0,0.35959848100830216,-0.581415097268061,116.27692529892684,39.235884126230474,70.0,111.0,172.0,0.552644098184153,-0.14145819041714924,114.43229285201589,40.872245119171716,65.0,109.0,172.0,0.4511403521333601,-0.25431292608653244,34.621146824771586,68.25289772969562,0.0,2.0,179.0,1.6379041800633085,0.6865282028444075,65.26978742980302,18.823607292947738,45.0,63.0,88.0,0.955362048238161,2.1351308745075555,149.791028401697,40.775688800224835,100.0,145.0,208.0,0.3595992925308807,-0.5814137471700516,131.94952624934592,39.45774246814788,84.0,128.0,188.0,0.3750070296262358,-0.3965317851694423,140.94708309261625,1.6756478824964394,139.0,141.0,143.0,-0.8702950878639923,3.6528115012523887,134.20947977879317,1.5205302818053639,133.0,134.0,136.0,1.122103929832561,2.7965606927117594,126.11018957806917,39.852461778684365,79.0,121.0,183.0,0.4774862988102222,-0.31441031529883556,122.41034140002995,0.9842074473072723,121.0,122.0,123.0,-0.37726455105386675,1.891419721186554,148.71630836294884,2.587805085332293,146.0,149.0,152.0,-0.44738863064008705,1.7292900374838052
11.jpg,11,-1,-1,216.76745223103393,29.106902729290585,177.0,218.0,255.0,-0.3843929632393335,-0.7036204111861442,185.09861911069873,34.289199894900804,141.0,184.0,233.0,-0.04664418231953535,-0.676879917211815,157.84775058404284,37.317855005621375,110.0,156.0,209.0,0.059285434799394,-0.5616105017927788,14.139419439046547,2.0794910097971906,13.0,14.0,16.0,4.848073133634488,117.99140345383972,71.86007189416618,20.865292338371592,44.0,73.0,96.0,-0.22931666835916717,0.48425882144327614,216.76749453888334,29.10695580375081,177.0,218.0,255.0,-0.3843883440431953,-0.7036233751596224,196.69284647210893,30.75517426702628,156.0,197.0,238.0,-0.18263077485393092,-0.6580596127545277,135.45383338293564,2.692849070991426,131.0,136.0,138.0,-1.5163515808387908,2.0691669325171684,146.23650671381805,3.4886231268852566,141.0,147.0,150.0,-1.2247502174049303,2.058808121610169,191.43329170629988,32.95800446814863,148.0,191.0,236.0,-0.14039045676076325,-0.7158185331524445,111.57181976272591,2.755273998986192,109.0,111.0,115.0,1.9157782667324132,4.177132657063867,150.27967919951604,5.079264825441222,143.0,153.0,153.0,-1.9817559345706217,3.4395486883734927
7.85.jpg,7,8,5,71.4089520491588,35.70373876110062,29.0,66.0,121.0,0.6348010925005747,0.017780415442336217,51.52947009175454,28.054229559286487,19.0,47.0,90.0,0.744167784625619,0.3508657182961459,49.43996953834842,27.189594805314666,18.0,45.0,87.0,0.7861139369082557,0.4937999068674235,15.562133696694541,44.88034758793577,0.0,3.0,7.0,3.2983546774132804,8.915963613814107,83.38843079700207,20.77203450302039,64.0,80.0,107.0,2.1950492276084628,10.054896300699466,71.40910863683136,35.70346255710439,29.0,66.0,121.0,0.6348437495271948,0.017765370415300463,59.1936853346405,33.616849459056965,18.0,55.0,106.0,0.5668674354441178,-0.14602375963171088,136.44832849953997,3.3276620759594526,132.0,136.0,141.0,0.07167863393458598,-0.2995543049320246,132.7227435327346,2.1658222026474974,130.0,133.0,135.0,0.07421598735766559,-0.6319811653895231,57.25988982452455,30.16726753951085,22.0,53.0,99.0,0.7116782325375315,0.239821711082691,124.39777450986114,1.8491307125335155,122.0,125.0,126.0,-0.5674658310765055,-0.39854789426242077,140.40555234599458,5.412444709640253,134.0,140.0,147.0,0.3944855395010081,-0.49160705693374984
9.43.jpg,9,4,3,219.17689641287794,37.58078233838538,165.0,230.0,255.0,-1.141842192844654,0.9174791437502985,148.9622069330408,41.75433538234879,93.0,150.0,203.0,-0.32182772765093665,-0.6183248195306552,114.87293202149823,36.104637493231785,68.0,114.0,163.0,-0.22424726131669062,-0.6938951281733821,9.869890719311247,2.2851471374641985,8.0,9.0,13.0,1.2048283365900039,29.6828966088288,124.76853035174844,23.602047803019474,92.0,128.0,151.0,0.23057524852653483,0.6579802426781391,219.17689641287794,37.58078233838538,165.0,230.0,255.0,-1.141842192844654,0.9174791437502985,172.74393830640219,37.8088663607503,121.0,177.0,218.0,-0.655082343094598,-0.0795349786052979,150.85336293910197,6.148106729589033,141.0,153.0,157.0,-1.0453433887051462,0.0068110552012381476,156.96665412020099,3.130460809760871,153.0,157.0,160.0,-1.1172843788360387,2.64776910955218,166.07669586394573,39.45767120015825,112.0,170.0,214.0,-0.5570109174626232,-0.3388106288523769,102.712325589538,3.205773263068443,100.0,102.0,107.0,1.6293331673794282,3.770523215596725,174.54764787809114,7.613634222544159,162.0,177.0,182.0,-0.9587241955428791,0.041680590071554224
4.6.jpg,4,6,-1,53.27233125003647,33.07839023664662,14.0,49.0,99.0,0.597621686480599,-0.1773387312462784,25.009696764568,19.33407643110458,3.0,22.0,52.0,0.9187135539978114,0.8237882214375221,21.772570508219395,18.662436870310863,1.0,18.0,48.0,1.0369668223372768,1.1398514667714226,8.491042407054032,28.71064695235061,1.0,3.0,8.0,5.597089612616884,29.717268808296424,167.91874558685365,42.43388592639599,123.0,158.0,243.0,0.5471282499715162,0.16069195894863286,53.27487069359586,33.07441885760083,14.0,49.0,99.0,0.5981703796113383,-0.17734343830296684,33.060880995314044,26.25326633211689,3.0,27.0,70.0,0.7955969318009912,0.09611998709339309,140.4807392299777,7.2109060407015795,130.0,141.0,150.0,0.03970665131305063,-1.0701303148716979,135.4568917055218,4.382666138311825,130.0,136.0,141.0,0.07954098344975699,-1.1049797146175755,33.09517564079371,23.159868355319567,6.0,29.0,65.0,0.79607363398835,0.3747680998828775,122.59215622197713,2.8293771338786002,119.0,123.0,126.0,-0.07361826987777308,-0.9403508733897565,145.71037845587048,9.454114589295479,134.0,146.0,159.0,0.3000294004799497,-0.7839601325740242
9.57.jpg,9,5,7,194.67176111529326,38.4398648604556,141.0,197.0,246.0,-0.3227189190942799,-0.6306704344934526,150.2537605356271,41.886054014537144,95.0,151.0,206.0,-0.045654842951027556,-0.6418211858226304,138.19703349031005,46.32591851110464,76.0,139.0,200.0,-0.05756762927655184,-0.6747930301493388,6.559886517704133,7.90942811148166,4.0,6.0,9.0,20.22710138705414,435.51021041123533,79.48719093386553,28.83823941727299,47.0,76.0,118.0,0.5979111638633213,0.4069974086464825,194.67176208788752,38.439866298307074,141.0,197.0,246.0,-0.32271879242275125,-0.6306704265671295,167.6120165963481,39.45248329599008,114.0,169.0,219.0,-0.2053373836501075,-0.6031540358119769,143.19614453917512,2.457162173934875,140.0,144.0,145.0,-1.9323069316197663,5.4028256342664935,141.11570661889283,4.108595193846896,136.0,141.0,147.0,-0.07594685587092977,-0.5097567554297115,162.17118436690924,41.28523003861488,106.0,163.0,217.0,-0.13217792677529805,-0.6709145127148006,116.27845081299152,2.927521667256422,113.0,116.0,120.0,0.42317415658586766,-0.22705628386833077,156.65163814047762,4.125548997587064,152.0,158.0,160.0,-2.266441040345075,6.60130401779964
7.52.jpg,7,5,2,82.18049851135552,47.179819081439604,23.0,79.0,147.0,0.38044480410884335,-0.5469040095522226,54.910829457936565,37.10555698792756,10.0,51.0,106.0,0.5713924337774541,-0.21456861561429097,53.92225142097882,37.87476976015963,8.0,49.0,107.0,0.5897538446720655,-0.23378311960847853,40.14627445190817,72.33170183323251,0.0,2.0,179.0,1.3875414406613575,-0.06765608649117771,108.18047587411728,45.93080292158141,68.0,94.0,170.0,1.6645476175816432,2.6076324102863353,82.18202750916562,47.1772172872882,23.0,79.0,147.0,0.38069223755611215,-0.5470520933302572,65.21156221549667,43.549553791231226,9.0,62.0,125.0,0.4020979259115686,-0.6024658632449515,139.6181447306907,4.825080815864272,132.0,140.0,145.0,-0.4840295617665977,-0.571136460903436,133.3368967299033,1.9267385178834577,130.0,134.0,135.0,-0.7456882086095526,0.08168308704864513,62.971605029403804,40.13169722332527,13.0,59.0,118.0,0.5076802908957128,-0.34839903883869994,123.82991658669816,1.577411555150154,122.0,124.0,126.0,0.36678388569217985,-0.43310594337044694,144.85042543244506,6.982677630654037,135.0,146.0,153.0,-0.16966714220381268,-0.8408366318218841
7.46.jpg,7,4,6,155.54419760002645,54.16638259534072,85.0,151.0,233.0,0.0336089108013809,-1.0244739555156965,55.855586775830645,35.127397274832866,9.0,52.0,107.0,0.2767667085246379,-0.8862447950085524,5.671888038841524,8.350515975240757,0.0,1.0,17.0,2.122306994357415,7.65054672183428,9.91530552102846,13.464232589792719,3.0,10.0,13.0,11.437913350403763,140.25166075997433,246.5036764062254,11.948544794768488,230.0,253.0,255.0,-1.7896862699178093,4.015131501035582,155.54419760002645,54.16638259534072,85.0,151.0,233.0,0.0336089108013809,-1.0244739555156965,95.02567113865499,40.5193724389316,42.0,92.0,153.0,0.04841304500396432,-0.9818840848200496,167.12165695045022,6.022999475689726,160.0,167.0,175.0,-0.5499730307908289,1.3154242232789493,173.57162816166073,15.501754832032805,152.0,174.0,194.0,-0.2769573474829047,-0.6543579687528736,79.93138299010482,37.008947068292926,31.0,76.0,134.0,0.17440949274203776,-0.9947181360801713,91.4568323772732,16.752382350361742,68.0,93.0,113.0,-0.1763048654954293,-0.9548500785448217,194.30919937987392,15.99645513369832,174.0,193.0,216.0,-0.17309392560052084,-0.6811189865948721
4.03.jpg,4,0,3,32.691316095073034,27.066331816776295,2.0,27.0,70.0,0.9172935757887296,0.7151604442315413,27.546117014758146,25.09319866884559,0.0,22.0,63.0,1.0390462181589808,1.076902526841474,22.858337272340002,23.346665077363074,0.0,16.0,56.0,1.2559116228121328,1.789551923707835,16.549114063907222,22.625967206710133,0.0,14.0,20.0,5.59159925038405,32.65949861298199,116.03214715739881,75.32769499421411,43.0,92.0,255.0,0.7198013406914835,-0.609504890895713,32.70985374127826,27.045096708803985,2.0,27.0,70.0,0.920108291467624,0.7201547019420405,28.40368107467773,28.150238509896532,0.0,19.0,69.0,1.09759919892514,0.9050355047622514,129.3556592341015,1.1736653080002883,128.0,130.0,131.0,0.08983188588041613,-0.5808356572860136,131.51855466660442,2.2689841416197307,128.0,132.0,134.0,-0.1579632947057885,-1.0958054692845816,28.476959728762917,25.45182003598138,1.0,23.0,64.0,1.029578250435386,1.0425567371060902,125.56082118076831,1.4160692267870805,124.0,125.0,128.0,0.47010982384442596,-0.738058064076538,131.7906841033362,1.7549360858629441,129.0,132.0,134.0,-0.7313034917280521,-0.2932552364921568
6.4.jpg,6,4,-1,81.65204808894958,51.31648505722939,19.0,75.0,154.0,0.44892952037000805,-0.6181226564180569,39.271783679479626,28.12954601259445,3.0,37.0,78.0,0.5038558466791341,-0.2914852926644267,15.825079898616776,19.72972273767119,0.0,8.0,45.0,1.62753030061079,3.3131896357064647,12.4918759203173,18.3896936658499,5.0,11.0,15.0,7.768422131193006,62.60167674120551,219.44594807513874,34.075635416551485,174.0,223.0,255.0,-1.0483401818379123,2.9477296482612143,81.66013958672525,51.30391857450185,19.0,75.0,154.0,0.4499280835140429,-0.6184380228395883,53.29751511897745,38.4460281756285,5.0,50.0,107.0,0.42354639655727566,-0.6971219083286937,144.5563691306369,9.925407892490867,132.0,143.0,158.0,0.339374346346048,-0.7968765240736735,149.33003088959305,12.098200364801304,131.0,152.0,163.0,-0.37203998538291405,-1.253571718418837,49.27190817154228,33.66258342460515,8.0,45.0,96.0,0.5454558306341103,-0.3597567870049372,111.53899762492486,8.780144719087247,101.0,110.0,125.0,0.3326123356779047,-1.1378626399233125,156.40091063998645,16.32400543999798,137.0,153.0,180.0,0.3819801517494178,-0.7729809032730253
4.17.jpg,4,1,7,32.02313722595409,26.191317730699495,1.0,28.0,68.0,0.8169218531263785,0.546348031586863,32.662340493590214,27.54545785967092,1.0,28.0,71.0,0.8221345298081533,0.43593268504598015,31.391729534214218,28.840798217850118,0.0,25.0,72.0,0.9507940058883342,0.6290924546658139,46.62399940946335,39.88181237964826,0.0,30.0,109.0,0.8934312070965212,-0.12872689901593137,59.572165054993725,73.47287433609105,0.0,29.0,191.0,1.7542325100071003,1.932512570953782,33.65645924066829,28.125822471348968,1.0,29.0,73.0,0.8851490188647511,0.6408534205568945,33.01136044880786,30.36667495517077,1.0,27.0,76.0,0.8796507985077723,0.2911089681814425,127.42099062523067,0.9475264564149979,126.0,128.0,128.0,-0.2856823731351555,0.507146892805526,128.67707782780934,1.7676742714603257,126.0,129.0,131.0,-0.6903223449486272,0.46450740273780333,32.35402278487242,27.266240090005496,1.0,28.0,70.0,0.8349495942483355,0.492604661698385,127.53196082773553,1.3128604851690495,126.0,127.0,130.0,0.6665390562148844,-0.062105554729698476,127.67538495607883,1.5725010237069368,125.0,128.0,129.0,-0.9428552383479885,0.34435933298460286
10.82.jpg,10,8,2,229.7079226554157,28.022231304264054,190.0,239.0,255.0,-1.3446829238817846,1.8561800423597967,153.01447220228405,35.750075094107785,106.0,156.0,197.0,-0.387760198242013,-0.10039252615011618,173.3035505525308,32.62699855849337,130.0,176.0,213.0,-0.5071900908630272,0.08684686521278628,172.06630855746766,2.0482992083877907,171.0,172.0,173.0,-61.1277760230728,5108.01174458857,87.51974123157663,23.006543524778746,56.0,90.0,113.0,0.007985355319015914,0.9814107630005457,229.7079226554157,28.022231304264054,190.0,239.0,255.0,-1.3446829238817846,1.8561800423597967,181.7330457372167,30.71205399426435,140.0,187.0,217.0,-0.746377138102281,0.4766580463766674,159.5422592197071,6.11282977088795,150.0,162.0,165.0,-1.305607291184031,1.059746961768795,129.5372537634534,1.3388266151470345,128.0,130.0,131.0,-0.38468227168277347,0.4854530301182609,178.30225797478647,32.66133941468611,134.0,183.0,216.0,-0.692158527162424,0.2624350738409036,125.82895714555262,1.027036138886313,125.0,126.0,127.0,0.5856177339295169,1.0462408049515206,173.0935509221166,8.103186422737215,160.0,177.0,180.0,-1.4865349153971579,1.818967817599935
10.41.jpg,10,4,1,203.13457395269307,26.003568516872487,167.0,207.0,232.0,-0.7528758391991828,0.4469135035734171,155.39162201956873,33.34495485465462,111.0,158.0,196.0,-0.22517835255139848,-0.17957240440861266,141.19503039802413,40.258119705760045,86.0,145.0,190.0,-0.3067522303239815,-0.1657634767114473,8.651005509641873,19.179114009957843,4.0,6.0,10.0,8.490929447194995,71.17186677472301,81.53053576517526,32.39755707758902,42.0,78.0,125.0,0.574338844084398,0.5000461961536042,203.13470931889427,26.003729438072327,167.0,207.0,232.0,-0.7528542044652982,0.4468845153947538,173.72390852094614,29.999140829633554,133.0,177.0,209.0,-0.43207477232965985,0.005648448132980821,144.1387441816282,3.8719349786103847,138.0,145.0,148.0,-1.0304490638058572,0.6551145333085331,142.70869193502423,6.185930117840995,135.0,142.0,151.0,0.2713684545668957,-0.16402933820446908,168.07036952598082,31.688180132480543,125.0,171.0,206.0,-0.385709104120767,-0.06881313020673252,114.8438619739717,4.7664553145844435,109.0,115.0,121.0,0.08965916561780399,-0.27040672849434566,158.7978735632184,7.107377143527123,147.0,161.0,166.0,-1.1851971277658202,0.9494276376924975
6.06.jpg,6,0,6,75.19454316275976,50.257733574728476,15.0,67.0,147.0,0.5668531587002439,-0.4387005740021639,36.621536348764515,29.063759963313228,3.0,31.0,77.0,0.8778249531831698,0.5627864560712577,26.914507993752053,25.689214106493957,0.0,20.0,63.0,1.1251774712866152,1.1935031251541037,7.925073284975948,15.600108316563096,4.0,6.0,10.0,9.479722025086582,92.93907148700576,182.53759903440843,42.611898995572474,136.0,174.0,255.0,0.09588979374629863,0.34787307305681514,75.2015118004859,50.247524465502636,15.0,67.0,147.0,0.5676760196824147,-0.43867952349214123,49.35707046834303,38.79549816516624,5.0,43.0,104.0,0.6563274793924048,-0.3051597417503502,143.97239048102566,9.508159644837788,130.0,144.0,157.0,0.07346130638291108,-1.0951663323008205,141.1834915744161,7.594646980177477,130.0,142.0,151.0,-0.1555894553425863,-1.172781259211656,47.04958479951915,34.75667204087601,7.0,40.0,96.0,0.7612189649571135,0.09972409061208776,118.1913622932994,5.321577588218197,111.0,119.0,126.0,0.014204549418337065,-0.9212386363174141,152.68706099527515,14.491450528778397,135.0,152.0,174.0,0.3042845168272705,-0.9345525326927562
6.12.jpg,6,1,2,49.66657670169951,34.766210424354604,9.0,44.0,98.0,0.7333633286011526,0.1479132818986164,44.09182894401553,33.13825094712806,5.0,38.0,90.0,0.7707244090111617,0.23879619521352025,42.58689789122117,34.57435908506566,3.0,36.0,91.0,0.80189356345172,0.185265721163284,47.718118847125695,69.2252273223011,0.0,13.0,177.0,1.2501168925639645,-0.3970188750741448,70.8587039403683,63.62957083636535,19.0,46.0,162.0,1.6297904436699957,1.9402289312602878,49.66929753408456,34.76256091982979,9.0,44.0,98.0,0.7338225750652536,0.14832956909410866,46.87310660216421,37.51408878953028,5.0,40.0,100.0,0.7074020039924988,-0.13568633015820852,130.12789662879385,1.401612587527092,128.0,130.0,132.0,0.030192439409132184,-0.6286051060436795,129.77273487664587,1.2361163627490406,128.0,130.0,131.0,-0.13915224497528747,-0.43833642397714323,45.583669364643086,33.82449973816662,6.0,39.0,93.0,0.763327820119492,0.19826697872370413,126.61366319839561,0.7637241807701075,126.0,126.0,128.0,0.7692361385836496,-0.37690451712892825,131.8479368358397,1.065629505419071,131.0,132.0,133.0,-1.306375260917225,2.5534455339063467
10.55.jpg,10,5,5,231.90286360921942,25.18088671727856,195.0,240.0,255.0,-1.2489878527817322,1.1038147444907578,166.199810733161,42.88412895912538,106.0,170.0,220.0,-0.33568000277343674,-0.5902284355652521,159.45797128512768,49.11854619829497,90.0,165.0,219.0,-0.4968946820109727,-0.3870930804175141,19.21270392869717,51.26354789464577,1.0,3.0,9.0,2.7713069395553664,5.696118813205203,83.83637220403472,40.24890723482245,35.0,80.0,139.0,0.6090862624540525,0.16731735538329273,231.90286944478484,25.180891123647022,195.0,240.0,255.0,-1.2489874926659472,1.103813438894913,189.42749844871219,34.85055421946356,140.0,194.0,231.0,-0.5540865204520723,-0.3090019622993645,151.93191791693656,8.575599061335273,139.0,153.0,162.0,-0.4979036641871793,-0.6995155654863758,141.90158756557716,8.053534135717236,133.0,141.0,154.0,0.7014723788332508,-0.023923730386656405,185.10018790520706,37.83840632383127,131.0,191.0,230.0,-0.560107882035513,-0.33790077825905307,115.44491226227365,5.946674243683581,107.0,116.0,123.0,-0.3168884837633245,-0.48211627265124557,169.0391712329966,13.800109911823828,149.0,172.0,186.0,-0.5883202410592971,-0.5835839913171719
8.17.jpg,8,1,7,112.05658845063792,39.715251065858006,65.0,106.0,169.0,0.6172365038199528,-0.04840936952263597,95.81446500508667,38.783324477702116,51.0,90.0,151.0,0.6878348846224999,0.1693340687187943,83.22889762278515,38.938688207233206,38.0,77.0,139.0,0.712159340965083,0.2693333862779874,12.943219461999771,1.1969122162099586,12.0,13.0,14.0,18.98731151770453,2224.933507830685,73.74304546489032,25.778012224471478,46.0,70.0,107.0,1.1633769540929284,2.1837992153481647,112.05662589551615,39.715359750453985,65.0,106.0,169.0,0.6172528380521689,-0.04834741376235563,105.51818897117036,40.30579616423,57.0,101.0,163.0,0.5184835354674929,-0.11384932768456535,132.48767625839105,0.794800039707097,132.0,132.0,133.0,-0.19581687272029222,1.7957819906116317,137.75971281237295,1.0834132340906617,137.0,138.0,139.0,-0.7217724113683658,2.899871052310665,99.23385444932687,39.0438186862833,54.0,93.0,155.0,0.6723179303345937,0.11128980372741415,120.003561153808,0.6964998030058838,119.0,120.0,121.0,1.1694368173809229,6.054188603129344,139.12379665777715,1.0922000634676559,138.0,139.0,140.0,-0.28353622969226466,4.399559341093037
8.03.jpg,8,0,3,147.00160623938658,44.312970824630355,91.0,143.0,210.0,0.29456186654896815,-0.589593426876104,111.19543065500332,40.67894138679706,62.0,107.0,168.0,0.4720863704971423,-0.24750702787168022,74.10407974105651,38.78289442989468,29.0,68.0,129.0,0.6660062818980279,0.13992901108779066,15.325180562120567,0.7911272837234998,14.0,15.0,16.0,0.3901102649857437,5.3620433847334095,135.34487559547082,31.483311703281096,97.0,133.0,175.0,0.5555695388784636,0.8694605808110296,147.00160623938658,44.312970824630355,91.0,143.0,210.0,0.29456186654896815,-0.589593426876104,125.47549646072956,41.51615712512106,73.0,122.0,183.0,0.30165754454680005,-0.455798570560229,137.55833912026907,1.4183374060512008,136.0,138.0,139.0,-0.5772849648020467,3.5961074224739296,154.16263818132657,2.1469419965133465,151.0,154.0,157.0,-0.635747187597542,1.3927518523414122,117.68982073142978,41.48538357397661,67.0,113.0,176.0,0.4328252897001073,-0.34438683769053213,106.43027131488905,2.514996754755275,103.0,106.0,110.0,0.3782679751301678,-0.9084164767569751,153.7365480490732,3.5827777846179183,149.0,153.0,158.0,-0.3448660650320759,-0.3543888894061329
5.57.jpg,5,5,7,51.71678009891489,32.56332820530776,13.0,47.0,96.0,0.6317682576938118,-0.023757762713974895,37.29040624000394,26.62735654300701,6.0,33.0,74.0,0.7585717008612349,0.27522356691489724,32.2767303954135,25.130873369962135,3.0,28.0,67.0,0.8573572135634752,0.5133387943653589,9.011716247139589,13.555622241264672,5.0,8.0,11.0,10.98480651009754,126.90358067538864,117.4901675647745,49.75994795006898,72.0,102.0,191.0,1.3576885679324278,1.4062257921329673,51.718654068551466,32.56045990345829,13.0,47.0,96.0,0.6321678816810421,-0.023684536288414826,41.54697030092763,31.595781020558523,6.0,36.0,86.0,0.6954543374389232,-0.10948776194666232,133.55014197485298,2.9309361633532482,130.0,134.0,137.0,-0.0905781866551772,-0.6146748978567294,133.42723013705373,2.6785836924738553,130.0,134.0,137.0,-0.2163798892600043,-1.015484237168791,41.02731035161536,28.187126454740124,8.0,37.0,80.0,0.7259543850170265,0.1894347162772565,123.9197386875323,2.0009447316259674,121.0,124.0,126.0,-0.1143798596578775,-0.7388111166930678,137.38699195393815,4.325360694591571,132.0,138.0,143.0,0.23104596437226538,-0.5605504187620016
5.43.jpg,5,4,3,78.47392620732985,55.639140282209034,8.0,73.0,156.0,0.4306439768335072,-0.6839663345617897,39.35692555180134,34.50377641748545,0.0,34.0,88.0,0.6999056913219166,-0.17390141512311752,7.660658465752039,13.152224828059893,0.0,1.0,23.0,3.061365624240397,14.215424765624117,16.040601432825834,27.045404497866247,0.0,13.0,16.0,4.808575517414119,23.176168631035342,232.258746539996,37.78518026102956,191.0,251.0,255.0,-3.2758039747235177,15.273844462216687,78.51349279988484,55.58470748430243,8.0,73.0,156.0,0.4338201408912637,-0.6835472349655287,52.07204978126356,43.328805545870814,1.0,47.0,113.0,0.5298205280740725,-0.6544534914254125,142.66178959285259,8.436974774037342,130.0,143.0,153.0,-0.15136729172003305,-1.002940051754441,151.9106112949314,17.961468666717355,129.0,152.0,176.0,0.11333599597658785,-1.3558556492055804,47.43378578417356,37.70207127236024,3.0,42.0,100.0,0.6355629593913978,-0.26436826199008623,108.4867766087195,14.993662751728717,87.0,110.0,127.0,-0.32348366174080523,-1.1017110789969045,155.2305602726376,16.658182369058608,132.0,155.0,178.0,0.14744983006683868,-0.9641812632290465
5.42.jpg,5,4,2,74.88264823795102,52.52943984764717,8.0,70.0,148.0,0.4405583650531593,-0.6183796414157552,40.63038160707582,35.99940514737736,0.0,35.0,91.0,0.8059124749970054,0.20750751225382524,26.390519929428564,31.908153601139563,0.0,13.0,73.0,1.43360865090419,1.9131634008233327,13.123006911254667,26.923869316864675,0.0,9.0,13.0,5.013117147667743,24.806170423731203,193.36181575563765,55.4002511278186,122.0,197.0,255.0,-0.6245609627861426,0.04782215667416301,74.92025699830185,52.47718856487578,8.0,70.0,148.0,0.44387962117596313,-0.6178593174874658,51.97504858108226,43.814858265295626,1.0,46.0,114.0,0.6114568046654102,-0.4282038433703894,141.40609164950038,7.504469212496143,130.0,142.0,151.0,-0.22130950508894587,-1.0341428756355713,142.46069795307815,8.984701291366028,129.0,145.0,153.0,-0.34966512656550197,-1.2581477123384772,49.24393441602524,40.15450951111142,3.0,43.0,106.0,0.7266347940526092,-0.05602617600543214,116.8183398205369,6.491833247231331,110.0,115.0,127.0,0.4386221444418711,-1.1133118309665404,150.5036102698171,12.094634636469312,132.0,152.0,166.0,-0.19993979764992245,-1.0295856651360022
5.56.jpg,5,5,6,53.93995620186511,33.43859063986937,14.0,50.0,100.0,0.6031542699004311,-0.09018376448422982,34.90272975566546,25.438160298826993,6.0,31.0,70.0,0.8071496838600519,0.42346406507343026,32.50142565389631,25.139069137723315,4.0,28.0,67.0,0.8556201048411834,0.5214718985288065,8.82654757510888,28.681948608183134,1.0,4.0,8.0,5.584216524135462,29.630521141395924,122.2317359316946,47.84294262652675,78.0,108.0,191.0,1.3154797045933124,1.3729033505147274,53.941864619472945,33.43560580953297,14.0,50.0,100.0,0.6035638893500226,-0.0901584640003974,40.55628896926749,30.98611129298499,6.0,36.0,84.0,0.714771405912864,-0.05655000294408996,136.1292345168672,4.203550190496836,130.0,137.0,141.0,-0.16999720835619672,-0.894677347674997,132.81324918186067,2.316468895779296,130.0,133.0,136.0,-0.1954978796387941,-0.9604378128785065,40.33293668954996,27.72742187458257,8.0,36.0,79.0,0.7401280506507945,0.23117962805515146,124.43838586648951,1.662844004598266,122.0,124.0,126.0,-0.15997986405264725,-0.5497486078349736,139.94197140818386,5.6163084774279,133.0,140.0,147.0,0.13531221220209733,-0.7647387546080133
2.1.jpg,2,1,-1,14.773858787319176,12.529934828247383,1.0,12.0,32.0,1.1587289545281128,1.652325081199356,15.16352108341028,12.815192869127925,1.0,12.0,33.0,1.130168340090432,1.499037384601845,17.39776078793475,14.033025715515267,2.0,15.0,37.0,1.0148689677714913,1.0706662826585784,86.4922917820868,50.86512303820184,0.0,114.0,120.0,-1.0923003117165053,-0.7677670921896436,42.07702406894429,44.699075366010376,0.0,36.0,85.0,2.3429677727180667,7.679629189717561,17.405143736534317,14.028173757964671,2.0,15.0,37.0,1.015453741907344,1.0727904765912841,13.266101815943367,13.401749054788414,1.0,9.0,33.0,1.5873667253015977,2.9859076974581473,128.36020190827946,0.7382805399041475,128.0,128.0,130.0,1.4161018054241301,1.1863413980417423,126.47556343490305,1.1958944173917718,125.0,126.0,128.0,-0.19596624010493147,-0.8112728131017937,15.192908587257618,12.834278698063008,1.0,12.0,33.0,1.1290570048814705,1.500268233143382,129.06794804555247,0.7712397976596032,128.0,129.0,130.0,-0.08762406938884473,-1.1877557835559722,127.58095020006155,0.5237183610312387,127.0,128.0,128.0,-0.8316016600699209,0.8069387952861096
5.81.jpg,5,8,1,45.62127423461696,31.33735105862753,9.0,40.0,89.0,0.7354536718090701,0.2198469254443487,31.067476643149337,24.591319075393354,3.0,26.0,65.0,0.9465616607838091,0.9019687949274844,30.844449112896793,25.8122908559089,2.0,25.0,67.0,0.9441941946736907,0.7809682850999824,55.2922076722124,79.2370217385625,0.0,5.0,178.0,0.8807749451127882,-1.2113738838489607,112.10785292040872,54.80177918722341,64.0,94.0,198.0,1.2766897261294563,1.0815858723229566,45.62492194931228,31.332204787210493,9.0,40.0,89.0,0.7361628181855586,0.22030823255858323,35.058626521866834,29.645350926603356,3.0,28.0,77.0,0.883510241858077,0.345783423953852,134.43656643110435,3.8718957439857156,130.0,135.0,140.0,-0.02987260427343568,-1.034215893320155,130.5983380309635,1.0654517029894108,129.0,131.0,132.0,-0.46144471633920764,0.7597080652378296,35.38287436611171,26.704234603763247,5.0,30.0,73.0,0.8734374689904454,0.6313668362082088,126.07832544559405,0.6233519836561893,125.0,126.0,127.0,1.2431537236653396,3.3594293484687023,137.00106450439515,4.510942304090445,132.0,137.0,143.0,0.19464008746743633,-0.6942411009683398
8.02.jpg,8,0,2,118.68397881637694,40.66592450889248,70.0,113.0,177.0,0.5564982350703838,-0.2008194491310693,95.98824403913746,39.13950334338024,50.0,90.0,152.0,0.6748644266348341,0.09624434275001814,99.01182863113898,42.17188442274148,49.0,94.0,159.0,0.5534048295448721,-0.05480006083934441,140.4441645293056,68.13948440618542,3.0,173.0,177.0,-1.5066134545792718,0.2818941301850053,56.032536810107345,20.617703601069653,36.0,52.0,80.0,1.6978447454638448,4.309509406685577,118.68415977961432,40.66637330051053,70.0,113.0,177.0,0.5565509409019205,-0.20065938122166438,108.4546622969507,40.85677640927473,59.0,104.0,167.0,0.48730736205205943,-0.20730997420882424,137.80193502422344,1.3639306050905475,136.0,138.0,139.0,-0.16377397543205297,-0.0703074877855494,129.90176688515245,2.275166447330906,127.0,130.0,133.0,0.9302554264112448,1.1711523763688536,103.1559266647668,39.9461651069026,56.0,97.0,160.0,0.6211162607096579,-0.024238439863315087,126.10805737627054,1.2989682708830033,125.0,126.0,128.0,-0.6990144168384439,2.135392067581014,141.53645340552865,1.6222323527758433,140.0,141.0,144.0,0.05964912168382065,0.1870078258910759
10.68.jpg,10,6,8,217.89609435331238,38.98828504987597,167.0,231.0,251.0,-2.06124230741879,4.811292191124682,180.9160942949567,37.812203019314566,130.0,186.0,225.0,-0.8008083388513072,0.5628542669357834,183.5934327519165,37.56137705135361,132.0,190.0,226.0,-0.8849901154773847,0.7333984694394906,149.43743982073144,63.280904196071475,1.0,177.0,179.0,-1.870576795255445,1.5657949820925419,45.031976953406904,17.54996475981971,22.0,46.0,66.0,0.7379451101083543,6.873667206661716,218.1613217750234,37.9441984536942,167.0,231.0,251.0,-1.9151308478575033,3.854670641007819,195.66280206345593,35.77789113511203,148.0,203.0,233.0,-1.2767252280126637,1.9825362430385844,141.8079583496243,5.691336267419636,135.0,142.0,149.0,-0.7194465636086974,0.9585660470162813,131.80652814979507,1.9103636037639045,130.0,132.0,134.0,-0.8988601931869808,2.2982093096186436,192.29565211471166,37.546733927145226,141.0,200.0,232.0,-1.1985862095183792,1.6088106093388328,123.95995926775325,1.950349533530793,122.0,124.0,126.0,0.7242339630307437,1.9082925867494867,150.47202624448295,8.959200884521936,139.0,152.0,161.0,-0.899289335896345,1.5982429701307481
8.16.jpg,8,1,6,120.3036638597597,40.654004166030774,72.0,115.0,178.0,0.5265211786091195,-0.21192063685101603,98.75224572009905,39.37113036260876,53.0,93.0,155.0,0.6457357058185653,0.06597814957002468,92.00321977322993,40.91497268599433,44.0,86.0,150.0,0.6217763706003443,0.0486458622574415,7.605011972635088,9.073518666356645,4.0,8.0,11.0,17.317822459988957,320.152298035187,67.58172223097557,24.747066416380484,40.0,64.0,99.0,1.0776075156994152,1.9115867579151287,120.30367796237617,40.65403742825758,72.0,115.0,178.0,0.5265246435741154,-0.21191220353131168,110.34284141461887,40.81244191934562,61.0,106.0,168.0,0.467040684918972,-0.2091576771323611,135.6257642159237,1.1009482246979048,134.0,136.0,137.0,-0.13634471017804045,0.6195114345539721,135.23692881971797,1.5923640178427187,133.0,135.0,137.0,-0.14583445838951262,1.0679318391340358,104.40858538113051,39.95878865530245,57.0,99.0,161.0,0.6043981797491378,-0.0315711625658488,121.89301998292125,0.9781568557139821,121.0,122.0,123.0,1.122190577637288,2.7960638360184307,141.90357603449985,1.6773127509602717,140.0,143.0,144.0,-0.2984128927430797,0.4145842293564743
6.13.jpg,6,1,3,58.624650595519455,39.46531510372101,12.0,53.0,113.0,0.6382651183635693,-0.10969966786836505,46.643787359776226,34.87220046634934,6.0,41.0,95.0,0.7387003162463059,0.11626992877041475,36.2318518777877,31.58967141273538,1.0,29.0,81.0,0.9217052764300797,0.5129446688172217,14.666894253718715,13.030908435042784,11.0,14.0,17.0,10.048290706730226,110.69079435536032,127.78484659271061,58.16634154721084,70.0,110.0,233.0,0.8867708680332135,-0.07806728507963934,58.63051339359527,39.45686262630384,12.0,53.0,113.0,0.6391571230665015,-0.10938816885482128,50.876404669230425,39.68577073258987,5.0,45.0,106.0,0.6488512005509871,-0.2702427553725082,131.37094209368416,1.839676686780087,128.0,132.0,134.0,-0.1884527556870937,-0.4461987547624213,135.97991836043954,3.71231660107442,130.0,137.0,140.0,-0.6679192724903109,-0.7133083008569856,49.0422519252503,35.83157331710493,7.0,43.0,99.0,0.7237828760206101,0.0709836508008812,121.78829006261562,2.7397549380166524,119.0,121.0,126.0,0.6490397426374088,-0.5233625092638436,136.40861066858074,3.5882162776137094,132.0,137.0,141.0,-0.02329917308624337,-0.5433616288911245
10.54.jpg,10,5,4,232.46028119644652,25.004518215211736,196.0,241.0,255.0,-1.2811041000058345,1.200677718172372,180.7037589794763,41.11885744144606,123.0,185.0,233.0,-0.4155830371815541,-0.48706237970478794,168.6154153269181,45.972769518535095,103.0,174.0,226.0,-0.46252699395942803,-0.4418564961941711,6.227213575859433,7.0847086870878915,4.0,6.0,8.0,21.20112604582549,501.6756952839399,73.40812972072929,35.352162046924185,28.0,72.0,121.0,0.4056214518577723,-0.20213016373385573,232.46047133862035,25.004671691413417,196.0,241.0,255.0,-1.2810883187890074,1.20062998593865,198.6423912007454,33.96066096249912,151.0,204.0,239.0,-0.6311192180011611,-0.17031295749187603,145.5576534413302,7.620607927312084,134.0,147.0,155.0,-0.45853762179153534,-0.8072577444692839,141.91641087438168,6.448082515305606,134.0,142.0,151.0,0.33460145463779967,-0.5426965653710365,194.81819247250962,36.442496041693616,143.0,200.0,238.0,-0.6217595677073182,-0.23041605659170283,115.16428429707696,5.119620569822007,108.0,115.0,122.0,0.0794371513534601,-0.7611488341023072,160.98771807994336,12.5622550764575,141.0,164.0,176.0,-0.6115098515980484,-0.6676417422396295
6.07.jpg,6,0,7,53.987915159567926,36.70473417697602,11.0,48.0,105.0,0.6858242362117903,0.026500956653371155,42.83517236288477,32.173845315935736,5.0,37.0,88.0,0.761680608375161,0.206858456906287,26.716969562756823,25.20540999788284,0.0,20.0,62.0,1.1222967969168987,1.2694661466249837,17.88377106862528,12.761313977096458,13.0,18.0,20.0,9.459057980095121,104.09879413985259,156.1345006274452,54.10059006435278,98.0,143.0,255.0,0.474741003605594,-0.49631481024930313,53.994553283629834,36.69528082881106,11.0,48.0,105.0,0.6869136361522356,0.027027158086601055,46.154320021653014,36.65541045162269,5.0,40.0,98.0,0.7012379921643271,-0.14933833401489816,130.22612484929013,1.5169794001218522,128.0,130.0,132.0,0.14347777834903616,-0.21545781618448379,139.1278698850914,6.151117493875633,130.0,140.0,146.0,-0.2807517867892061,-1.164645896872044,44.327800497035014,32.684416625925465,6.0,38.0,90.0,0.7681188062396188,0.21637165513826684,119.46531384562388,4.460914835303736,114.0,119.0,126.0,0.13912887398625037,-0.8098650772236238,136.4783937403115,3.9240828430832253,132.0,137.0,141.0,0.21130214789255294,-0.4359122973206464
10.83.jpg,10,8,3,201.6081135756649,27.866358365528786,164.0,203.0,238.0,-0.2598846950153153,-0.5609169366250746,168.39255508287476,32.820066965270485,126.0,167.0,213.0,0.05729692655833952,-0.6282914198693645,165.15988379444028,37.27089476874043,116.0,165.0,215.0,-0.030712871385872288,-0.5815830546275369,43.62113466734359,72.67831848950782,1.0,4.0,177.0,1.2578086636970258,-0.40581178967333553,49.49692806109448,19.26878654931115,26.0,48.0,75.0,0.36390771354712576,-0.0405574077716766,201.6128505959085,27.873203060837017,164.0,203.0,238.0,-0.25910528893665996,-0.5608946052745707,182.85261550042893,29.972909143271483,143.0,183.0,223.0,-0.08678287281350393,-0.6063238679465792,139.77473939337352,2.418508939948269,136.0,140.0,142.0,-1.2530624872257516,1.8121535586458712,134.40546773029573,3.7751050168516467,130.0,134.0,139.0,0.1765445878722232,0.09479524773399017,177.94760197164305,31.758251787382843,136.0,178.0,221.0,-0.04461207628701926,-0.6355989801260913,121.83962699065727,3.1157407227089107,118.0,122.0,126.0,0.13624257367872264,-0.25752875729587554,148.83024291513726,4.750829897300495,141.0,150.0,153.0,-1.3512532979688703,1.5755776509018453
4.16.jpg,4,1,6,38.79697497600945,30.383998992905855,2.0,35.0,80.0,0.7231066717711133,0.21877968132011283,35.08042912329913,29.572104289771065,1.0,30.0,76.0,0.7893157295023917,0.31804910901694017,34.02046504761202,31.032208860035585,0.0,27.0,78.0,0.9177871375309653,0.508391422998502,46.42094781132354,64.42671672958875,0.0,13.0,165.0,1.2164410693444223,-0.424408775613073,77.62319726384685,78.15658370194376,13.0,47.0,255.0,1.3096326044045967,0.46470740150565426,38.896769272409635,30.526109186861234,3.0,35.0,81.0,0.7418128173001408,0.27945359762331945,36.774458305651926,33.14274912568762,1.0,29.0,83.0,0.8014121883385418,0.0739430818388227,129.42545114539504,1.1454123056775318,128.0,130.0,131.0,-0.00656752498938009,-0.5927542375791068,129.15769739917818,1.808596798469723,126.0,129.0,131.0,-0.5363248137115867,0.13757230469069048,36.019922246007724,29.943936611995273,1.0,31.0,77.0,0.7852610280298884,0.3103255013971191,127.09746462931523,1.1976667189296726,126.0,127.0,129.0,0.7490214522957184,-0.050619657588875544,130.77282744026968,1.1586711167936201,129.0,131.0,132.0,-1.0285496973092842,0.224662596828066
4.02.jpg,4,0,2,33.160140073022376,26.93437364283178,2.0,28.0,71.0,0.868444512766965,0.6179545604371564,28.000887978540682,24.99001621712753,0.0,23.0,63.0,0.9753683431623326,0.9053459448778405,32.01139442781308,28.96243195246305,0.0,25.0,73.0,0.947216083085472,0.6122864653644866,109.6629635140997,69.39338801311857,0.0,146.0,170.0,-0.8079943592732238,-1.2330326643198777,78.38058098889492,71.61069045140204,26.0,49.0,255.0,1.5470530546532744,1.224466429177716,33.93946135785827,28.047556054729007,2.0,29.0,73.0,0.9275470372963768,0.7392253230113863,29.615016563279898,28.499748820949588,0.0,21.0,71.0,1.0195174567339333,0.6813205908608464,131.02500345270954,2.2782505139247187,128.0,131.0,134.0,0.18242814858852532,-0.9341034943690381,126.3094794870149,2.6449745607067547,122.0,127.0,129.0,-0.6839099897211122,-0.3545427072764218,29.992914164667987,26.04090995267161,1.0,25.0,66.0,0.9410005748380713,0.7716392464995887,128.90040586357614,1.644632690315231,127.0,128.0,131.0,0.7949682101361359,0.3301855853556761,131.12952134747096,1.3268208074853192,129.0,132.0,132.0,-1.1540509123241633,0.22555572577657834
6.5.jpg,6,5,-1,67.44227166891336,40.523237801806914,18.0,63.0,123.0,0.5049249148862426,-0.31790697065981366,45.468581315686585,31.752354745994932,8.0,41.0,89.0,0.6720454408973318,0.02983594403497536,40.674674035040624,30.579508010022302,5.0,36.0,83.0,0.7421619532927574,0.15268372200425695,6.929575423710681,15.009576919076405,3.0,5.0,9.0,10.4985487971981,112.77430585017926,121.70540801300942,47.312151133055295,78.0,107.0,191.0,1.359949582540759,1.4601408336981416,67.44429758271427,40.5199580332084,18.0,63.0,123.0,0.5052909834258937,-0.31799010672505457,53.01808149950689,37.771456940610705,7.0,49.0,105.0,0.540497483573252,-0.39704492768327926,136.90153407289398,4.142880380260368,130.0,137.0,142.0,-0.28398732983329145,-0.7428659429928657,134.65710071602388,2.9539219539516304,130.0,135.0,138.0,-0.45319436314596795,-0.7057895565338175,51.500759109803944,34.162219995372375,10.0,47.0,98.0,0.6216907246587792,-0.09236482800350831,122.8173108158315,2.3523694949255174,120.0,123.0,126.0,0.1602977702324643,-0.8768951117273867,141.98317995522177,6.260048390365078,134.0,143.0,150.0,0.04284836048932515,-0.7857277350961058
7.47.jpg,7,4,7,135.48409516640115,73.0175829286301,18.0,149.0,222.0,-0.3774179082628829,-1.0435094242007554,92.86771599859168,61.50230385749077,0.0,100.0,170.0,-0.0949413114275159,-1.1661116808610632,46.7722262098586,45.30199432371608,0.0,36.0,114.0,0.7237607465404875,-0.4846059196671444,16.69499347389265,20.353038755977593,1.0,16.0,18.0,5.985910565178029,39.23327826859444,189.0171487816312,52.83224994243934,120.0,188.0,255.0,-0.2940294758241016,-0.6268951388271042,135.52079552373226,72.95066055992191,18.0,149.0,222.0,-0.37494381301288604,-1.0477901404329144,107.33379482929999,65.82511705692397,3.0,119.0,187.0,-0.26092861952373414,-1.1553787712177808,140.47290644226973,4.991899192801047,132.0,141.0,146.0,-0.6305051003225279,0.4981034630440906,159.205934186493,15.33209611541994,130.0,165.0,174.0,-0.9402023498528114,-0.4558431306269255,100.35526533343449,62.54712389772607,6.0,108.0,179.0,-0.1199309844662989,-1.149385741746914,101.71345914812416,13.083641226108627,89.0,97.0,126.0,0.8670083157721415,-0.6037492084075691,158.78584885107443,11.622231980610318,139.0,164.0,170.0,-1.2525131705817119,0.541020773335092
7.53.jpg,7,5,3,86.90387441253907,49.23637596123114,24.0,84.0,155.0,0.34313640842956494,-0.610194839917972,57.71521911370291,38.510736957620196,10.0,54.0,111.0,0.532732008577602,-0.30286242450106515,52.62310622277995,37.6196375088575,7.0,48.0,105.0,0.5978372254344537,-0.23163908594368587,5.885252331389483,14.221404457590431,2.0,4.0,8.0,11.229718871270753,128.6547225749126,120.33310991363402,46.15868439088334,78.0,106.0,186.0,1.4334861588521859,1.7085895306556207,86.90592308260132,49.23284300243584,24.0,84.0,155.0,0.34345690342800334,-0.6104209086605468,68.58356388868384,44.967813498167686,10.0,66.0,130.0,0.3613784432791068,-0.660807791766731,139.80792106493442,4.791353404358311,132.0,141.0,146.0,-0.5143786322804668,-0.5197799009777473,136.05192293496714,3.0748774755979347,131.0,137.0,139.0,-0.813162365396373,-0.09270213028934471,65.8661115622155,41.51890643627119,14.0,62.0,123.0,0.47449160927765494,-0.41938485433173334,121.58394330848158,2.524906147853946,119.0,121.0,126.0,0.61619645795885,-0.5853540819219076,146.46459929627716,7.627160118589876,135.0,146.0,156.0,-0.1907005520825479,-0.8446461986805409
9.56.jpg,9,5,6,199.68026693821497,37.409650808338014,147.0,203.0,250.0,-0.38816754756672955,-0.5889544641949764,142.63008204805004,43.460052928770956,85.0,142.0,201.0,0.015764460678938604,-0.6739763368120593,139.16793784733773,46.244252673405214,77.0,140.0,201.0,-0.05336949754792158,-0.6799567226562262,20.649361783660027,54.36812097957208,0.0,2.0,177.0,2.5572204428156513,4.546363893181901,82.8405018391757,29.185113966191192,49.0,79.0,122.0,0.46763715926534183,0.19637643244050906,199.68026693821497,37.409650808338014,147.0,203.0,250.0,-0.38816754756672955,-0.5889544641949764,164.4003509120016,39.94233331439603,110.0,166.0,217.0,-0.17246367674656674,-0.6454199099177305,149.50006662270542,4.096764885229698,144.0,151.0,153.0,-1.5076496580147067,2.6711666784660073,138.90910620534578,3.8523681216396413,134.0,139.0,144.0,0.09652635100396015,-0.4399501933270473,159.30832939432668,41.830821909414894,103.0,160.0,216.0,-0.11086621586114406,-0.7005518498898038,118.26184182116326,2.4006326428464515,115.0,118.0,121.0,0.5603262630517615,0.5256920735944575,163.33647092235003,5.720492408732996,156.0,165.0,168.0,-2.024202042887267,4.883057941424991
4.7.jpg,4,7,-1,33.523766147486526,27.11791726595943,2.0,29.0,71.0,0.8705704502842836,0.6117035917535567,29.785904874387935,25.995730575671384,0.0,25.0,66.0,0.9303598032408305,0.7410855298377736,22.147626780837086,22.442001659573513,0.0,16.0,54.0,1.2253773494705347,1.691937096415045,20.977473487364975,20.913531968997113,0.0,21.0,23.0,5.412337254724596,33.255379732549,124.59830909672498,73.50878231831446,53.0,102.0,255.0,0.6196748811388365,-0.6998585448772014,33.54423513200955,27.094108700194273,2.0,29.0,71.0,0.8736969292293472,0.6169194892979224,30.26368593292488,28.882705328040878,1.0,23.0,72.0,0.9999865413065971,0.6106277776896811,128.24195418419822,0.9351979216433924,127.0,128.0,130.0,0.5016649222905918,0.680125091603013,132.99359021677617,3.3161754354229735,128.0,133.0,137.0,-0.15435706721388234,-1.344784173444499,29.975590659678648,25.870630596462668,1.0,25.0,66.0,0.9422275251033028,0.7861876918781272,124.35252528235034,2.268872347889422,122.0,124.0,128.0,0.21092255141894062,-1.035049609882155,131.35568268497332,1.4706930073605444,129.0,132.0,133.0,-0.8846904599285853,0.0034549716186682566
9.42.jpg,9,4,2,204.89501662391945,37.12098338262167,152.0,209.0,254.0,-0.4828043752812834,-0.5532915363360789,135.30879215351,41.57684849289954,82.0,133.0,192.0,0.1515327136996729,-0.6065272249093256,116.83297663151895,49.96911392904166,50.0,117.0,183.0,-0.007005622112087594,-0.6189205813171639,6.330526740761851,7.602803688572451,3.0,6.0,9.0,20.243787094678595,453.55895780979597,116.74712928659638,41.09600811908077,69.0,113.0,171.0,0.4857221667977406,0.3160251199980304,204.89501662391945,37.12098338262167,152.0,209.0,254.0,-0.4828043752812834,-0.5532915363360789,160.48654174978626,38.42395507092826,109.0,161.0,211.0,-0.11453393402263115,-0.6569436208923203,152.99497055191412,4.4037248661198705,147.0,154.0,157.0,-2.0403650197957535,4.907707473747269,149.44096466229695,7.237174867782442,140.0,149.0,159.0,0.02340841240361641,-0.48053822433518345,154.03911465754726,40.932044998926095,99.0,154.0,209.0,-0.06564667866191573,-0.7062331783508657,109.67152892561984,4.887054849334407,103.0,110.0,116.0,0.3220569244803203,-0.006536615174511429,172.52145293055952,6.892051288821252,164.0,174.0,178.0,-2.3442942883486833,6.436113628870634
7.84.jpg,7,8,4,80.73654707647897,39.389303951441434,34.0,75.0,136.0,0.5793342223514798,-0.13481034202840325,47.80243741842366,26.340948950837326,18.0,43.0,84.0,0.7492728805189967,0.35891883675818237,43.69035760344999,24.412993595032727,16.0,39.0,78.0,0.8356685676536915,0.6785601157405967,11.784981297012774,37.52314959988139,1.0,4.0,6.0,4.1607919134228935,15.362092014137794,121.07318528503819,22.79509533600565,98.0,117.0,148.0,1.5786253259597534,5.057025906706096,80.73662002104695,39.38916521409662,34.0,75.0,136.0,0.579354919002188,-0.13482548338244404,59.43663110862127,33.349972486312005,18.0,55.0,106.0,0.5423754726777706,-0.21473826852643407,142.17620441207652,5.5183954887801105,135.0,142.0,150.0,0.07423853128220458,-0.47917218753825797,136.75410386139365,4.0584166417661764,131.0,137.0,142.0,0.0398801870087748,-0.6542129577299161,57.188869534263524,29.869984530857547,22.0,53.0,99.0,0.6924487192796585,0.16852407943449288,121.52992769734423,3.276450987195216,117.0,122.0,126.0,-0.2290795307995768,-0.6820339191091347,148.65799453013,9.096101929845377,138.0,147.0,161.0,0.35619794137342314,-0.5605651806180232
10.jpg,10,-1,-1,215.6815123017004,30.086990861276814,174.0,219.0,253.0,-0.6620675056536328,-0.0711599445859501,184.3127220480669,37.53313504737182,134.0,186.0,233.0,-0.35700105480823774,-0.4473304477933353,157.6275553339033,45.398070351808556,96.0,160.0,216.0,-0.2950663884123504,-0.5218833973058703,13.823930844495107,1.9381335542083777,12.0,14.0,15.0,21.917465032719363,1519.3539456559154,72.78170181438206,31.879264342868098,34.0,69.0,116.0,0.6116955999077177,0.3232196754579171,215.68169658972167,30.087206591894894,174.0,219.0,253.0,-0.6620462965989452,-0.07118768205002368,195.89826351287167,33.65915074710784,150.0,199.0,238.0,-0.486856954033208,-0.27721513442627765,135.5905067920585,2.958863307329434,131.0,136.0,139.0,-0.45965455368504277,0.03218057379105632,146.07340600360976,6.375253546536758,138.0,146.0,155.0,0.09246440332550654,-0.44628472230956984,190.660033722808,36.07147885642777,142.0,193.0,237.0,-0.4313981724084548,-0.3948642133935656,111.7517516861404,5.159860903958614,105.0,111.0,119.0,0.19489181008069048,-0.40326448185153163,149.97706184098033,6.547536467364197,140.0,152.0,158.0,-0.7341322720653418,0.1300529018821539
9.81.jpg,9,8,1,150.4339516114914,40.54803528016246,101.0,146.0,209.0,0.35462249695990644,-0.5918490065920028,116.89263823968223,39.49198405176098,70.0,111.0,173.0,0.5403621051928141,-0.1652388113505241,121.54957458727964,41.99188466086458,70.0,117.0,180.0,0.3629232487514409,-0.32987109184767727,149.43568282923775,61.18969657791382,3.0,174.0,177.0,-1.9876456753073866,1.9573738350840557,61.600739366140886,17.142814945402407,43.0,60.0,81.0,1.0035091425487273,3.17941166256929,150.43403185051616,40.54819786915006,101.0,146.0,209.0,0.354636817018617,-0.5918233794065322,133.0207245243528,39.611347571558994,85.0,129.0,189.0,0.3605100999176227,-0.41637480791572523,142.0155488641072,1.7406789248817467,140.0,142.0,144.0,-1.1086008663449838,4.6555227905982655,130.64482900820676,2.1253438657422703,129.0,130.0,134.0,1.653235122401844,3.0774619825136194,127.45756279554708,40.05209675863604,80.0,122.0,185.0,0.46015089841384094,-0.3385921711493425,125.36250240717074,1.3375480434724638,124.0,126.0,126.0,-1.9749839025913076,4.401480807775366,148.03482568193445,2.3869853849492833,146.0,147.0,150.0,-0.8346020161678473,4.515790775818755
7.76.jpg,7,7,6,72.20304947197859,46.254988088365636,15.0,67.0,136.0,0.482153669071404,-0.44445382162288194,60.059763970829955,42.087256759292096,9.0,54.0,119.0,0.5687337840577642,-0.3115328072460364,44.09675172975886,35.88575518590047,2.0,37.0,95.0,0.7890220974467103,0.1261885136620089,17.283933326719694,12.425207431169781,13.0,17.0,19.0,9.988266186765518,113.52135034795265,125.07389771031865,53.75909486968776,74.0,109.0,216.0,1.0987553949378772,0.5617407545604887,72.20944233391495,46.245295419383964,15.0,67.0,136.0,0.48299665946267817,-0.44451123353016486,65.2050826802363,46.64596982334066,7.0,61.0,130.0,0.4556418380607127,-0.6079378585945832,130.47222368111358,1.3204810108556155,128.0,131.0,132.0,-0.19811299166762408,0.04180992117078297,139.1268890211617,5.163909801814172,130.0,141.0,145.0,-0.6861285865026628,-0.6515086162358665,61.879774221973236,42.58994643225462,10.0,56.0,121.0,0.5623874458262041,-0.3228288412142972,119.40160653116483,4.00300010942351,115.0,119.0,126.0,0.43049814491489913,-0.617424945505928,137.0387914349461,3.639709157882192,132.0,138.0,141.0,-0.2717528108644814,-0.5735012511558004
7.62.jpg,7,6,2,120.96607348143998,46.337967139437886,61.0,118.0,185.0,0.19591408476550728,-0.6846147470071915,23.042221288531753,23.3970346559809,1.0,14.0,57.0,1.3280140225807926,1.7392650541673556,59.650634423222435,29.16536138638696,27.0,54.0,101.0,0.7003470521740932,0.07146910600363876,168.59197872352843,1.2818819506254713,167.0,168.0,170.0,-49.46679597385747,6546.417741358894,215.57936903921305,28.865673997510036,176.0,220.0,253.0,-0.5378974641276906,-0.35633365745761925,120.96607348143998,46.337967139437886,61.0,118.0,185.0,0.19591408476550728,-0.6846147470071915,67.54509092783545,33.07611356733761,27.0,64.0,113.0,0.39726455915408304,-0.42634090207194975,170.85499397964165,10.134960204568998,157.0,173.0,183.0,-0.78670848591503,0.28726607792046455,131.71410932737328,2.640130882262094,129.0,131.0,135.0,0.6445381913597512,0.8707468250345349,56.48316147593121,30.184183244722295,24.0,50.0,100.0,0.8002296756569343,0.11844754330533824,129.40998883461813,1.0748801110872068,128.0,130.0,130.0,-1.389628181809839,2.0887952517254744,184.55615175582437,15.958240988009416,161.0,188.0,203.0,-0.6298196469013179,-0.38184401885779984
9.67.jpg,9,6,7,190.53681555513452,54.69418944367504,108.0,203.0,251.0,-0.7120903015938742,-0.45983112695973416,115.4731370784388,44.72948099969049,57.0,113.0,175.0,0.034821417086861775,-0.8958569677330401,122.57387741568776,45.00783738400427,63.0,122.0,181.0,-0.062242135678605016,-0.9122914422180504,175.38679518757104,17.355885382926292,176.0,177.0,178.0,-9.951785178310299,97.36431346285538,104.51921655930276,21.543128315025754,75.0,108.0,127.0,-0.15634104040705907,1.8296194416945664,190.5368444486548,54.694097807567516,108.0,203.0,251.0,-0.7120795094799303,-0.45988019926538026,143.98416871921182,46.57799395198024,79.0,148.0,201.0,-0.37863991668300334,-0.7061102139067992,158.3720509662751,6.641142549664621,148.0,160.0,165.0,-1.0170148994962658,0.5321782938856496,136.9810875331565,2.5103856711274735,133.0,137.0,140.0,-0.8057176378852176,0.5415485046255899,138.7310557976506,47.245877015395514,73.0,141.0,198.0,-0.2476922366254053,-0.8791847994165041,120.17135373247442,2.099142123785567,118.0,119.0,123.0,1.3299817251857198,1.235796013592731,173.4096523304282,10.941167398572334,157.0,176.0,184.0,-1.0644579793499411,0.5629128190606258
9.73.jpg,9,7,3,191.36068949150828,39.522007416120864,136.0,194.0,244.0,-0.29253386892931244,-0.6544305533497528,159.65454230687683,39.58903735423344,106.0,161.0,212.0,-0.12256426188717726,-0.5708985673376454,105.31581836997096,46.49740317667412,45.0,103.0,169.0,0.12647557771828627,-0.6248726829486531,18.811377990970435,1.3350924032302722,17.0,19.0,20.0,-0.09653847054608448,2.0519929433779858,122.19255761161978,37.38555816588587,78.0,119.0,171.0,0.507504823297252,0.3234560211089974,191.36068949150828,39.522007416120864,136.0,194.0,244.0,-0.29253386892931244,-0.6544305533497528,171.30625874119073,38.02378836657051,119.0,173.0,221.0,-0.242858167212335,-0.5425692904786379,132.78926849242058,1.3203624856226335,132.0,133.0,134.0,-1.3619370550187198,6.772846194073708,160.77424142512288,5.477901892578914,153.0,163.0,166.0,-1.0751901952540956,0.6199847420776461,163.01026962257507,40.259383817580506,108.0,164.0,216.0,-0.14897334719022962,-0.6290652497502478,99.59390008344859,3.8369679695600576,97.0,98.0,105.0,1.5558394051030553,2.286501200376943,152.77735178150087,2.515578991305783,152.0,153.0,155.0,-3.510437507834356,17.663171434974448
8.7.jpg,8,7,-1,137.32028306382747,43.397462334939156,83.0,133.0,199.0,0.35884447940735853,-0.5116317138579416,116.61833262333954,40.745459082784414,67.0,112.0,174.0,0.4298034348341211,-0.3038909264918317,77.44301862128931,39.05545683737513,32.0,72.0,133.0,0.6388356826304281,0.07179542334705502,19.6143274802612,1.0264644435664625,18.0,20.0,21.0,-0.12168199787864442,0.6345515546705629,120.18256420580872,30.663964088454147,84.0,117.0,159.0,0.7539718382933848,1.2392917792870257,137.32028306382747,43.397462334939156,83.0,133.0,199.0,0.35884447940735853,-0.5116317138579416,126.71773224091548,41.43758808651674,75.0,124.0,184.0,0.29026965065681365,-0.4549349816046506,130.4726798278119,1.1293063136855614,129.0,130.0,132.0,0.21371861983148666,0.37315704251163373,152.6961119572681,1.9560431727014918,150.0,153.0,155.0,-0.6710260489499302,1.637952142856098,118.3463763083824,41.299443891759864,68.0,114.0,177.0,0.43034898353072054,-0.3403609091581057,107.84773307734653,2.1720548284808676,105.0,108.0,111.0,0.22446801365305047,-0.8507327102385114,144.60719107002873,2.528692474556492,141.0,146.0,147.0,-0.16381988618955243,-0.6948057716976752
6.8.jpg,6,8,-1,54.36381346420561,36.664693544135126,11.0,48.0,105.0,0.6741592065566118,-0.008443005432354322,33.323706595550576,26.675422906144966,3.0,28.0,70.0,0.9223600262165096,0.7398223537835285,29.172755106606054,26.20041744005603,1.0,23.0,66.0,1.034181220358178,0.9751454109003435,7.76740360132195,19.010654392123755,2.0,5.0,10.0,7.965896916742052,64.3809462704785,145.09328199980936,53.42181692532257,91.0,131.0,246.0,0.6847144422339522,-0.17933839229481263,54.37003660844717,36.65573044708666,11.0,48.0,105.0,0.6752019086059878,-0.008007783979803396,39.47078375534198,32.746711393290255,3.0,33.0,86.0,0.8126224266460502,0.12500284920062255,136.74564229150982,5.0486107955974795,130.0,137.0,143.0,-0.02547762240153778,-1.0592674420490933,134.1413106485453,3.0947522623418586,130.0,135.0,138.0,-0.4030406879534646,-0.9642833313181653,39.14521610071408,29.51822892035561,5.0,33.0,80.0,0.8431119821910033,0.4569671090999896,123.25126048213441,2.2377184103385965,121.0,123.0,126.0,0.29956324969939396,-0.6648198430886185,141.35778727029756,6.880320498488449,133.0,141.0,150.0,0.18582196311175894,-0.7949742951036738
4.27.jpg,4,2,7,53.8769750957519,41.237639702858075,3.0,49.0,111.0,0.6123894389717108,-0.2079942654546758,45.03583280326947,37.680832127559086,0.0,39.0,97.0,0.729676351810812,0.023254995032861103,47.965635814032204,40.652695302121735,1.0,41.0,105.0,0.7253812097919952,-0.08931661978968153,115.44741620614329,76.3119478736852,0.0,164.0,177.0,-0.7594794523110617,-1.3858452645600152,75.68794994641006,69.73332638787102,26.0,48.0,219.0,1.6782156414022478,1.6633907565993926,53.89058217545989,41.220636221435676,3.0,49.0,111.0,0.6137412235619969,-0.20679892265569055,49.45774223918426,42.488763093980644,1.0,43.0,109.0,0.6535718569084706,-0.3314071460804988,132.3082642305126,2.614409401971109,128.0,133.0,135.0,-0.2600505557214906,-0.9437270083878562,127.67670675700121,1.7787756895672449,125.0,128.0,130.0,-0.2685612554229592,-0.6338717938489311,48.06073996914931,39.09147162004428,1.0,42.0,102.0,0.6910994024400591,-0.07151095649570482,127.95395106683863,1.1666907357024199,127.0,128.0,130.0,0.29868051139178015,-0.6286372283184156,133.1453624761471,2.3573604967418387,129.0,134.0,135.0,-0.5384260033060987,-0.1579154373032039
4.33.jpg,4,3,3,45.83233729485003,35.48145850347792,3.0,40.0,95.0,0.7068218768477791,0.06365876443711782,35.64517310105558,30.642226195562312,0.0,30.0,78.0,0.8452073710235548,0.41208148939174993,23.964265643069805,24.121173961569987,0.0,18.0,58.0,1.1984830547562024,1.5809252582811189,17.423093427819197,20.87784507786787,0.0,16.0,19.0,5.707213071840947,35.242679316015966,150.70387441253905,64.38276057420504,87.0,135.0,255.0,0.2377642518275586,-0.4999174420623933,45.86108707955021,35.44573869582137,3.0,40.0,95.0,0.7102918783867933,0.06746173579812664,38.49647203562905,34.76851430493937,1.0,31.0,88.0,0.8202668242243335,0.08641762373590112,130.51013853005585,1.722481797503141,128.0,130.0,133.0,-0.005132839209724444,-0.5190512100170412,136.495908565242,5.860522251633292,128.0,137.0,144.0,-0.04668651901732495,-1.340386321291663,37.357180679609264,31.288644963988823,1.0,32.0,81.0,0.8293769517395777,0.3710527585835015,121.57626583991535,4.251717535655277,116.0,121.0,128.0,0.030014183179982692,-1.0838408364028524,135.4569105090918,4.1457825434891316,129.0,135.0,141.0,0.009298057821881615,-0.7469928263417795
12.3.jpg,12,3,-1,238.0373072561366,17.562182626944757,213.0,243.0,255.0,-1.1582943371544228,1.0248988633052836,213.61265267298074,26.275844078265813,178.0,216.0,248.0,-0.5356426556982016,-0.15263432709677005,189.91352567357015,33.42606890442258,145.0,191.0,234.0,-0.373106795655204,-0.32244967310485784,15.588403467103944,3.9014244322055753,13.0,15.0,19.0,13.3460598691105,419.6127492152245,52.97683766818586,23.615606718547856,20.0,54.0,83.0,0.15218061142672107,-0.27477901802705595,238.0388162360992,17.56346685385838,213.0,243.0,255.0,-1.1581083988026155,1.024340743284463,221.63409886225926,22.265695002071073,191.0,224.0,249.0,-0.6795651358045027,0.08406073826265015,132.9955236350126,3.1037074954647594,128.0,133.0,136.0,-0.3256370216721982,-0.5511943389991947,143.0177712419445,5.724415880439518,135.0,143.0,150.0,-0.10813292481251623,-0.45049729548911843,218.21930687098927,24.243027615324205,185.0,221.0,248.0,-0.6647599676757344,0.012389858962761124,114.10780720847947,5.125386207718589,108.0,113.0,121.0,0.2841741418848088,-0.46732770509100163,145.40693051203198,7.465314436841604,133.0,146.0,153.0,-0.43967506623064995,-0.6449519548970342
8.33.jpg,8,3,3,175.5236311222376,44.90289108468965,115.0,176.0,239.0,-0.029806033876587316,-0.8554708511241214,123.41648916821795,40.71176751006118,72.0,121.0,180.0,0.2933609254941028,-0.440398256188288,59.470989459023635,39.00771859414814,12.0,54.0,115.0,0.676735683094348,0.08469844161819573,16.54472863648123,0.9387303177543515,16.0,17.0,17.0,1.7033058121061913,13.826513446445453,177.63904936693842,36.741896269552235,132.0,177.0,228.0,0.01775103599129486,-0.027412532025543168,175.5236311222376,44.90289108468965,115.0,176.0,239.0,-0.029806033876587316,-0.8554708511241214,141.59200449727575,40.60783959921488,88.0,141.0,197.0,0.09104509184246237,-0.6380356784978205,142.09642445179725,2.432109886297609,140.0,142.0,145.0,-2.2110320440061266,11.227864623214401,169.870251065477,3.5851193473097234,166.0,171.0,174.0,-1.3038195759561944,3.0273715881152414,131.73149055902772,41.61838946867013,78.0,130.0,190.0,0.21285582062201752,-0.6172976240030819,92.6361870220915,3.322380653768476,89.0,92.0,97.0,0.9920190417560304,1.4387631315252296,166.387857938995,5.129387370092074,160.0,167.0,172.0,-0.8579068507828009,1.3616246461621868
8.27.jpg,8,2,7,128.87059050086657,62.19032934546611,31.0,139.0,202.0,-0.3911146297787266,-0.8199060723682972,107.4969285473916,58.643631138588376,16.0,114.0,179.0,-0.24397105196467514,-0.8859927834644545,111.66598682329324,61.58901066144775,16.0,118.0,187.0,-0.23609704976963963,-0.9404373480404513,133.99754468584234,71.67579793942068,0.0,170.0,177.0,-1.2989534961793654,-0.2987703672966071,63.993758862765006,56.16336766966676,28.0,45.0,127.0,2.453520553968786,5.180075207740858,128.8721485968383,62.18718037862321,31.0,139.0,202.0,-0.3909417965538357,-0.8202555601139903,118.70219115756221,62.02791211535125,16.0,129.0,192.0,-0.3972047200729837,-0.8410829259123274,137.0637861343075,2.600968841701048,133.0,138.0,139.0,-1.5084881685163511,2.1436605343566617,128.9090823767869,1.8250839915164982,127.0,129.0,131.0,0.1951900994795694,-0.7707469295915965,114.40511127450695,60.02674090068018,20.0,122.0,187.0,-0.2892888759144975,-0.8801864835551938,126.78637696974648,1.1493889633096868,126.0,126.0,128.0,0.36195590894304397,-0.6572729451827768,140.6709494854004,3.225857502412434,137.0,141.0,144.0,-1.3975120402622323,2.0934999048547844
6.22.jpg,6,2,2,56.65798918086168,38.75449599157448,10.0,51.0,110.0,0.6151705342470895,-0.1679889500199203,41.14211790176409,32.38146370943861,4.0,35.0,86.0,0.8491011437618599,0.4265023810431092,74.6793517270356,50.244076328668044,13.0,68.0,145.0,0.46697976134971436,-0.6198980813715971,133.997389070764,14.676258310341424,132.0,134.0,141.0,-7.675538493642361,67.43427630800893,128.15399668150846,42.84239759911432,90.0,118.0,183.0,1.2979644748405545,2.4238707373536883,74.70633343642832,50.20786213314672,13.0,68.0,145.0,0.4693107278216093,-0.6193721611154928,50.06420143204776,39.42238391445258,5.0,43.0,105.0,0.6551164222343508,-0.2707379439610933,142.30700812505228,7.650154413176801,130.0,143.0,152.0,-0.3101859148733431,-1.1250295954711944,110.8733079291718,9.869579145916573,98.0,110.0,126.0,0.1690699246894963,-1.2291191880851076,49.615775673083846,36.22698822184432,7.0,43.0,100.0,0.7131123001050969,0.02911146708678425,140.27033694554834,7.611451466512832,130.0,140.0,151.0,0.09039467193583318,-1.22355862253747,134.2865471737384,2.7209621307833,131.0,134.0,138.0,-0.3603817691167698,-0.5969997612760771
10.65.jpg,10,6,5,223.4531700736643,34.8915947547986,178.0,235.0,253.0,-2.0889286612034415,4.976207944147417,182.0581946900245,38.016392092789175,130.0,188.0,225.0,-0.8605592723975206,0.6493336031324666,185.55366920902802,37.305315048733426,134.0,192.0,227.0,-0.9544818213721042,0.8859330377581256,160.90916456100013,50.85329645990755,170.0,177.0,179.0,-2.812272534999405,5.942349272516564,48.78511016574951,18.124970134874793,24.0,50.0,71.0,0.1382590354770839,1.8064208163839721,223.47292881193724,34.799644817958104,178.0,235.0,253.0,-2.069858015052918,4.82852698407421,197.88175539643913,34.88096197350326,151.0,206.0,234.0,-1.3171790040632692,2.097043582963501,143.58221144587804,5.492624455316104,136.0,144.0,150.0,-0.35667251524078347,-0.6625990333842453,132.05260130055302,1.7242128581300873,130.0,132.0,134.0,-0.4994733280460582,0.4497948128174589,194.85175086414998,36.48955797236881,145.0,203.0,233.0,-1.2290166655868358,1.6671352205343002,123.65407303015625,1.7644304825440746,121.0,124.0,126.0,0.28247267855321817,-0.35591071363717885,153.1071020776558,8.391607659328484,141.0,153.0,164.0,-0.45405968453166706,-0.5003487617629117
10.71.jpg,10,7,1,210.31629542744545,30.774516603204063,168.0,213.0,248.0,-0.5840805720872817,-0.16670807762997075,192.40615438182883,35.48546745153497,144.0,195.0,237.0,-0.4702584206723187,-0.29593814677565033,166.50333308045884,44.831073226709044,105.0,170.0,224.0,-0.38803586641147236,-0.42787116506426504,17.649364701442746,3.683025730082315,15.0,18.0,19.0,24.411128231347867,925.2223811409011,57.10447899099183,29.316491293107916,23.0,52.0,97.0,0.8954477080974961,0.8862546352230192,210.31857664723424,30.777355439766744,168.0,213.0,248.0,-0.5837930461118639,-0.16698986130955262,200.3691491162036,32.543436174237655,156.0,203.0,241.0,-0.5598345267128118,-0.14730913175041405,130.44636045509628,1.323497397971105,129.0,130.0,132.0,0.04550107415956812,1.068838037218641,143.57798114723326,6.54794397269339,135.0,143.0,153.0,0.25774668806366335,-0.41709177905809725,194.8102643705662,35.069098053837216,147.0,198.0,239.0,-0.49079240806448876,-0.29661579093513524,114.11098126978014,5.380512783158738,107.0,114.0,121.0,-0.03952548107915875,-0.4604540535333812,141.58507184553648,4.5957254572151065,135.0,141.0,147.0,-0.2910992849219642,-0.05233607363533155
10.1.jpg,10,1,-1,174.1555114970365,36.75555511912598,125.0,174.0,222.0,-0.13601646363917208,-0.6574219801525341,152.67871856818567,41.16184575441443,99.0,152.0,208.0,0.024186663181571432,-0.6384820724168869,138.85843501806107,45.69337052783024,79.0,138.0,200.0,0.029577732061317592,-0.6062899850811654,12.229274503052974,9.655521554738225,9.0,12.0,14.0,13.788933133787218,207.1230075402409,57.27690827852765,28.233644838285336,24.0,54.0,95.0,0.7105728973711096,0.7206355132997309,174.1661579998794,36.773081575674624,125.0,174.0,222.0,-0.13427077551128894,-0.6561284871985933,164.0684939767239,38.9856202038328,113.0,164.0,215.0,-0.10664364606356486,-0.6036163648954616,133.91546551278086,1.959313966147957,131.0,134.0,136.0,-0.9278802397100637,0.7560194437319203,138.45059464411804,4.06780199818085,133.0,138.0,144.0,-0.06097886121689528,-0.12767244129919586,157.5133809515473,40.281927118113146,105.0,157.0,211.0,-0.019886232553986475,-0.6504107398451873,118.9765804170095,3.073621290337641,115.0,119.0,123.0,0.47536222987886745,0.3658475603787119,142.62400965591561,4.091045865348953,137.0,144.0,146.0,-1.3238283180407062,1.4278464541582272
5.73.jpg,5,7,3,39.87340911887011,28.84467955170681,7.0,34.0,80.0,0.8426492658703081,0.4920549011257802,33.91254201422209,26.078205844828496,4.0,28.0,70.0,0.8719236012308068,0.5875083804232468,20.03817819443419,18.038430962193022,0.0,16.0,45.0,1.209555282161336,2.2424770566019188,21.010268448118893,14.344663732320372,13.0,21.0,24.0,8.161266156190647,78.46321225692272,146.20239314977485,53.329225968913164,94.0,133.0,255.0,0.610092643583233,0.155507526604568,39.88015747644005,28.836061205384947,7.0,34.0,80.0,0.8438685370056398,0.4934094561133122,34.793367781304596,29.598378181139584,3.0,27.0,77.0,0.8855654830193148,0.30638123104446846,128.28237002042272,1.1468694853330967,127.0,128.0,130.0,0.24276572090382081,0.6833734964253688,137.0149184321252,6.499008362132312,130.0,136.0,146.0,0.38973799985137203,-0.9692710578070045,34.0701375458281,25.93358853663941,5.0,29.0,70.0,0.8894669875777031,0.6586222499191603,121.26322334588224,4.649690337991219,114.0,122.0,126.0,-0.546812867445185,-0.5247729140218373,133.2180714057233,2.834591396315327,130.0,133.0,137.0,0.6330094428493866,0.20712969557173544
5.67.jpg,5,6,7,73.3076412839022,43.865171227264526,19.0,69.0,134.0,0.46727153534346877,-0.4710137136210233,32.66817759181776,24.516966099848744,4.0,29.0,66.0,0.8001658176009148,0.42486696948012215,29.45446167881437,24.29042598769045,1.0,25.0,63.0,0.8860638248762964,0.5488039461603638,8.438964362201876,30.933949958716685,0.0,2.0,6.0,5.22234540902135,25.523904348445484,168.71204840017973,41.03304641717525,126.0,159.0,242.0,0.6435246227455406,0.13522994765469454,73.31022157641965,43.860970781408426,19.0,69.0,134.0,0.4676972885128099,-0.47117173935534673,46.39200167675247,33.79966445165557,6.0,42.0,93.0,0.5751227734641623,-0.36974027463846504,145.81499409635296,9.335241387057547,132.0,147.0,158.0,-0.11200522316181388,-1.0069041992203445,138.20718591527927,5.355397958346529,130.0,139.0,145.0,-0.1731305458552251,-0.9952061441425033,44.455157083695624,29.98271435388802,9.0,40.0,86.0,0.6679851430996566,-0.009415003744479122,120.7841030444145,3.4666203557940767,116.0,120.0,126.0,0.06865610212482033,-0.6570179731208272,153.30640025365258,13.157281579428803,137.0,153.0,171.0,0.17342896886054116,-0.906897429463903
5.66.jpg,5,6,6,69.48240771539558,38.65958043719703,21.0,67.0,122.0,0.34943945589228453,-0.5766326458031266,15.456052842990221,14.643038186638773,0.0,12.0,35.0,1.4585310822506068,2.857437936653157,18.925139421384234,16.562902363910275,0.0,15.0,42.0,1.1459743418352395,1.591698366414179,131.22240896031622,77.76340452234875,0.0,177.0,179.0,-1.0781154349288344,-0.834260153042933,207.88558498625724,30.51010682952595,171.0,206.0,255.0,-0.4263936705650735,2.1485921788275126,69.48456249793324,38.65579937288809,21.0,67.0,122.0,0.3498899087830353,-0.5769685143915364,35.49076619029001,26.03100539556327,5.0,33.0,71.0,0.6398535720912297,-0.18725716150759464,152.1651659537551,12.008058540924248,134.0,154.0,167.0,-0.34709918317257704,-1.0490199956620636,139.02720394717647,6.4679909240806825,130.0,139.0,147.0,-0.007925702855598881,-1.1860741408558726,32.00841828944016,21.354535434273235,8.0,29.0,61.0,0.8613356972003546,0.628567601858506,121.72390091987963,3.063783745712342,118.0,122.0,126.0,-0.059708477892229966,-0.6755490900120638,160.8618687620237,16.274001357310826,139.0,161.0,182.0,-0.03545795825799563,-1.0823889434908707
5.72.jpg,5,7,2,40.50983834059201,28.381712305147456,8.0,35.0,80.0,0.7918286875642314,0.40585516608942296,32.71188996333752,25.251126659364775,4.0,27.0,68.0,0.9021636265699102,0.735372748737082,23.90704707069216,21.507760552304603,1.0,18.0,54.0,1.1369586705145742,1.5444879938846467,16.42401171231023,13.561583166325988,13.0,16.0,19.0,9.372278169731691,98.33650747620219,131.35177972982947,56.684036683255016,76.0,115.0,235.0,0.8372656305653843,0.10506131863122459,40.51488939740656,28.374838004973096,8.0,35.0,80.0,0.7928627430001277,0.4067816339597683,34.25794690091287,29.01797494073146,3.0,27.0,76.0,0.8974195623953155,0.3758677970646289,129.86306094830343,1.3604981199625632,128.0,130.0,132.0,0.015961292800741003,-0.5745611266458064,134.4029093772299,3.7549852823268535,130.0,135.0,139.0,-0.06082022526213712,-1.2247144818939302,34.05264240545262,25.75699098210913,5.0,29.0,70.0,0.8859574670348581,0.6760551665983323,123.16584532860904,2.6707360312545707,119.0,123.0,126.0,0.0011664131304124897,-1.035342961011634,133.76625673580867,2.644005211773104,131.0,134.0,137.0,0.14594753661607293,-0.4695570398571425
6.37.jpg,6,3,7,63.86544573214242,41.846810286237684,14.0,58.0,122.0,0.5995963359639794,-0.20128861437817136,46.21555522747964,34.36650498383453,5.0,41.0,94.0,0.7125999452460927,0.06432755258931389,21.265430968726164,22.611193317001934,0.0,14.0,53.0,1.3492891450363755,2.084143142695469,17.391920474397775,12.564147977456473,11.0,18.0,19.0,9.557045570416193,107.52979102802996,191.52100243596368,45.592548582923946,137.0,186.0,255.0,-0.19424851527115677,-0.09186890840213202,63.872652739844,41.836112879077184,14.0,58.0,122.0,0.6006790269986085,-0.20109681824417924,51.46412489850152,39.480263238195384,5.0,46.0,106.0,0.6184687695458794,-0.3191748088206552,132.3623070298467,2.33932031775226,130.0,132.0,135.0,0.10407889886358496,-0.27597188799166394,145.05086489013559,9.79213845614834,130.0,147.0,157.0,-0.24319896274062486,-1.2205891557614865,48.65288354125145,35.12845592189828,7.0,43.0,97.0,0.7210215165908037,0.06996114836509326,114.57355084766616,7.401504507305156,105.0,114.0,125.0,0.08038277393560406,-0.9899455854154726,141.34835461725842,6.455147772459105,133.0,141.0,150.0,0.15208425824419688,-0.7312689893260362
6.23.jpg,6,2,3,57.61734884426627,38.683373082433086,12.0,52.0,111.0,0.6456791390817501,-0.08799459500731244,40.165473293534774,30.913945426058152,4.0,34.0,83.0,0.8126200876316526,0.3553415124523456,31.179950845087134,28.062953435876842,0.0,24.0,71.0,1.0077939932863265,0.8323063211937036,11.438761090005816,13.884375842043989,8.0,11.0,14.0,9.958872049274984,105.5043984843867,144.818831466925,54.478605848940916,89.0,130.0,255.0,0.6722653051084934,-0.2891945285152495,57.62363083045932,38.67426736274851,12.0,52.0,111.0,0.6466725324561173,-0.08765369932710199,45.51533586596873,36.43765665558425,3.0,39.0,97.0,0.7153207831255946,-0.11862896875181805,134.25357768791008,3.4480693281169255,130.0,134.0,139.0,-0.07035486331622406,-0.8646456904791524,136.18268334860306,4.120770302978164,130.0,137.0,141.0,-0.47486881746572357,-0.9774873973132845,44.34642882847133,32.8477698121493,6.0,38.0,90.0,0.7745891145130067,0.2273788986596097,121.65001050401779,2.9678714720037953,119.0,121.0,126.0,0.4723123700287446,-0.6982751732741392,139.6471170361552,5.660877678706905,132.0,139.0,147.0,0.12124436765299171,-0.7665504244375847
10.64.jpg,10,6,4,245.5353163557283,14.93336692134315,229.0,251.0,255.0,-2.926132764786237,12.044794248588914,125.18799808982492,41.67755943021009,76.0,118.0,188.0,0.3159532971765844,-0.6831832995708758,94.94775126485881,23.235601209830534,65.0,95.0,126.0,-0.28668614981440765,-0.04916437016282815,6.5038976714148715,5.127107970398647,2.0,4.0,15.0,1.0536857649764004,1.1849533972861792,157.27549023612642,20.804708287834696,129.0,158.0,183.0,0.09365537246816005,-0.18197835505837334,245.5353163557283,14.93336692134315,229.0,251.0,255.0,-2.926132764786237,12.044794248588914,169.48092256399184,25.688507820494596,139.0,167.0,207.0,-0.029413643424398166,0.07550564255570125,170.87503963321527,16.518951606502863,144.0,177.0,188.0,-0.7807106525473443,-0.6336529333353393,166.6067106084744,2.8543236852315865,163.0,166.0,170.0,0.35913586126228814,0.6109098168156915,157.71082779440914,29.954451783900787,121.0,156.0,201.0,-0.07136006146654918,-0.22638932931730693,97.04549795852469,4.126833766526383,91.0,98.0,101.0,-0.8298621298026956,0.4628584449321278,205.0192014417737,19.49164626748235,174.0,211.0,225.0,-0.691088064580874,-0.7567296440325229
8.26.jpg,8,2,6,125.56829676071055,40.863286858933,76.0,121.0,183.0,0.4941348807096499,-0.1630998013887086,72.38278854374465,34.86323115997524,33.0,66.0,121.0,0.9490696890413087,0.9049027770090574,97.87244941578797,41.27002932601498,48.0,93.0,155.0,0.5993551213008274,0.16042346660959916,165.6811522751021,8.450291985305855,163.0,166.0,170.0,-16.995918727546993,329.5884520622958,114.99410515816471,23.117174912349167,85.0,115.0,143.0,0.033226193600035474,0.6132655581690201,125.56836373135746,40.863455215733524,76.0,121.0,183.0,0.4941553143751264,-0.1630417599053362,95.34458725182863,38.11181500111191,50.0,91.0,149.0,0.6052907399529276,0.12987428033031279,154.33781134226274,3.674667328176486,149.0,155.0,158.0,-0.7352534642430312,0.1858415177870203,123.13876603020803,3.4322504446670425,119.0,123.0,128.0,0.7376247077798349,0.3623144356014736,91.1940643108198,37.275704723582784,48.0,86.0,144.0,0.7539800853889377,0.3929303202105334,131.07386957347774,2.3135508515672476,128.0,131.0,134.0,-0.2824011301177968,-0.07854267013597349,158.17449463284888,4.4252745135662055,152.0,159.0,164.0,-0.5856857577210796,-0.19826701675514968
8.32.jpg,8,3,2,155.2621185242244,44.640220954272976,98.0,153.0,218.0,0.20380660216576799,-0.6760006516350052,113.90354393888995,40.537957533774836,64.0,110.0,171.0,0.42739177206885076,-0.2930303021748193,74.16818877665152,38.980653262722846,28.0,69.0,129.0,0.6375849116018274,0.08830398681874607,14.76075300191212,0.8348515256824132,14.0,15.0,16.0,0.7333894298697394,7.324726948908069,141.8180144877638,31.718764826626003,103.0,140.0,182.0,0.4312098810277713,0.6790015829519054,155.2621185242244,44.640220954272976,98.0,153.0,218.0,0.20380660216576799,-0.6760006516350052,129.72111443738342,41.23471409437337,77.0,127.0,187.0,0.24756070192898008,-0.5017020667589214,139.64754595021483,1.657622169009802,138.0,140.0,142.0,-0.986972461028103,5.5405010822955685,156.40593165774797,2.2822648040475753,154.0,157.0,159.0,-0.9150061684353314,2.7771896636638074,121.76707291928051,41.522479284971496,70.0,118.0,180.0,0.37140326114548644,-0.4182588885084244,104.48340413819398,2.429498650859405,102.0,104.0,108.0,0.7393995728384275,-0.09707391126477605,157.41444137104665,3.9663114082834547,152.0,158.0,162.0,-0.5787204783233085,-0.04687680442552722
10.58.jpg,10,5,8,222.83840103561835,28.83797909674797,182.0,229.0,255.0,-0.9318339095246218,0.34533460977787467,177.2282318820282,41.03971481486303,120.0,181.0,229.0,-0.4006678057965406,-0.4972092271551305,176.05821171042368,42.873119070724506,115.0,181.0,229.0,-0.5090692501596569,-0.3630419526641995,56.06543516784059,81.61261848769036,0.0,2.0,179.0,0.8304031348551894,-1.3087074091936488,57.43311761193101,26.701528564376535,25.0,54.0,94.0,0.5987453056889367,0.2593194228217941,222.83843361752537,28.838012558575315,182.0,229.0,255.0,-0.9318304664807376,0.34532824527886996,194.300895856554,35.263418127414816,145.0,199.0,237.0,-0.5796932157341367,-0.24940255627601138,144.71160003423532,5.952569923513963,136.0,145.0,152.0,-0.5154226579619906,-0.5070029865078878,135.29601878273996,3.794819375447691,131.0,134.0,141.0,0.7318833052237651,0.19086211939701947,190.74123887109042,37.40493993466239,138.0,195.0,236.0,-0.5497178353178827,-0.33312882766550267,120.90300512168126,2.9740919951424254,117.0,121.0,125.0,-0.11532467334850917,-0.3931056824542676,156.14992686091318,9.156074807747608,143.0,158.0,167.0,-0.6768129993940272,-0.32132338563544893
12.2.jpg,12,2,-1,225.33044742091764,23.445502171037376,193.0,228.0,255.0,-0.6327298196930237,-0.13404230389787086,202.6470209936354,30.56948626891766,162.0,204.0,244.0,-0.36174174876028814,-0.3957134675794056,203.00769924954878,31.03433866390975,161.0,205.0,244.0,-0.4610747118632649,-0.26417155047731145,87.5485332953358,87.64110460769558,0.0,13.0,179.0,0.04369206204512492,-1.9939935918295768,27.53572052816567,13.116548378336505,10.0,27.0,44.0,0.5182145133343308,0.5597014353803549,225.33117222380545,23.44635179804058,193.0,228.0,255.0,-0.6326257505828845,-0.13417766088111005,212.54988838225515,26.523324573835414,177.0,214.0,248.0,-0.47736733810839893,-0.2548501544040036,136.09119502232355,3.2746241725888416,131.0,136.0,140.0,-0.4062094774654961,-0.29342136777190975,130.80454592951457,1.7059064425079722,129.0,130.0,133.0,1.0586741096291046,1.7712583204869476,209.4797487413318,28.40034365269356,171.0,211.0,247.0,-0.4468806194864254,-0.33304736355044895,125.11997815142016,1.59483189733334,123.0,126.0,127.0,-1.0899871944087596,1.600458853940319,141.9131514201577,5.324115180548391,134.0,143.0,147.0,-0.37336334977187496,-0.2858581525380237
4.32.jpg,4,3,2,35.85600059053665,28.684705511571373,3.0,31.0,76.0,0.8240645111947839,0.4637356755441209,29.47692133559706,25.917708750376754,0.0,24.0,66.0,0.9464431803466653,0.8043003420271777,24.181993061194362,23.62171602841992,0.0,18.0,57.0,1.1509569653292056,1.4435135218871409,15.592904210034202,21.426898521700426,0.0,14.0,19.0,5.944652797569911,37.163065194615974,118.13357004010729,71.97480473788887,52.0,95.0,255.0,0.7693615020684382,-0.42722827396926233,35.87433232449989,28.662877031692982,3.0,31.0,76.0,0.826760088797021,0.4678232810395526,30.866903373440614,29.292503536328873,1.0,24.0,73.0,0.9844698520508873,0.5794225985993267,129.80107526881721,1.3765552952792748,128.0,130.0,132.0,0.01317953668940354,-0.6226435862144011,132.13618513323982,2.665169279571907,128.0,133.0,135.0,-0.18071613558155256,-1.2524899195554742,30.768756182180557,26.50339911208747,1.0,26.0,68.0,0.9294231147654275,0.7422006024425163,125.06055756502055,1.7986543896438023,123.0,125.0,128.0,0.20476529395174706,-0.9179275591887746,132.53720626953077,2.2848269738282645,129.0,133.0,135.0,-0.20996793479243792,-0.24335199447358669
4.26.jpg,4,2,6,39.60498084961942,31.123072628687915,3.0,34.0,83.0,0.776739886376056,0.2169064259366924,20.816896004388344,19.98051296214842,0.0,16.0,49.0,1.196412484519478,1.7931297200991798,29.678967552310983,26.533097249776993,1.0,24.0,67.0,0.9767620964929176,0.7657453588240979,146.5106790847499,54.10416382010011,0.0,165.0,173.0,-2.2641883687722926,3.225604511611021,141.41753713851102,61.46957186181587,86.0,127.0,255.0,0.3193659003385018,0.07122707270912443,39.62140261705658,31.102903280648533,3.0,34.0,83.0,0.7790625774921461,0.21967634875778197,26.29614278850549,25.89466455591898,1.0,18.0,64.0,1.1077787518629731,0.9530647951979714,137.88431477818042,7.274784994006614,128.0,138.0,148.0,0.21367366507051538,-1.1817998939005876,125.98770154584129,2.2972287343176743,123.0,126.0,128.0,-0.6963088799234413,-0.2259315509599733,27.443895901293356,23.91453919348512,1.0,22.0,61.0,1.0083100561321163,0.9866097541098782,129.01122811419813,1.4025677245306483,128.0,129.0,131.0,0.7402458502097391,0.2400359254061084,138.69436323282545,6.948176958821523,129.0,138.0,149.0,0.2826244244170311,-0.824014858879774
8.6.jpg,8,6,-1,166.21819859985334,50.24572164846079,97.0,169.0,230.0,-0.25617845537528866,-0.8686710250110723,64.00308944560183,36.24604362705509,21.0,58.0,115.0,0.5311600472622181,-0.3584504158662658,78.45189111223932,35.95674335728778,34.0,74.0,128.0,0.3700516519206572,-0.5250755475936715,175.5636752585642,4.374265788847968,174.0,176.0,177.0,-38.012579234133504,1522.3342115916764,164.81767845645405,29.375566700853476,126.0,166.0,201.0,-0.04299295296571111,0.19624659279912704,166.21819859985334,50.24572164846079,97.0,169.0,230.0,-0.25617845537528866,-0.8686710250110723,105.96337793650515,39.96363297752666,53.0,105.0,159.0,0.013904104139003202,-0.7756209468270603,170.87163652597118,6.611352152516967,162.0,172.0,178.0,-1.1137930314542024,1.404268400434388,142.01849874243564,3.029880069007925,138.0,142.0,146.0,-0.43277962957840405,0.6902186260513612,96.19568255691135,39.93103697686792,45.0,93.0,151.0,0.21154326152004307,-0.7713804352822722,119.45854171164915,2.4868794662144076,117.0,119.0,123.0,0.6836241467575871,-0.2737395655902821,189.42167455440594,11.78759843038528,172.0,192.0,202.0,-0.9759717247370139,0.5394806435042092
9.72.jpg,9,7,2,190.38370836567208,38.96151360731633,137.0,192.0,242.0,-0.25905299179803387,-0.6624895523576186,158.6783134826849,40.116155635863635,105.0,160.0,212.0,-0.10718029238356382,-0.5982390423587107,115.06613349050457,45.16702400880558,56.0,114.0,176.0,0.08167393396518889,-0.6392962497843078,17.323572863842642,1.1119158330003691,16.0,18.0,18.0,0.42679436758606376,7.219492806874422,107.43041331364803,32.83239772255543,69.0,105.0,150.0,0.5328430389845097,0.3645934924307368,190.38370836567208,38.96151360731633,137.0,192.0,242.0,-0.25905299179803387,-0.6624895523576186,170.8028497983812,38.26994580882016,119.0,173.0,221.0,-0.22441053656623525,-0.5639095442360089,133.93663208121552,1.3258632566055302,133.0,134.0,135.0,-1.6885932150991914,8.175241093427772,155.38293758473728,4.52806092667845,149.0,157.0,160.0,-0.9700604168100584,0.46085448607970925,163.22660570445973,40.28861393329639,109.0,164.0,217.0,-0.13517756931389224,-0.6413035701277447,104.26117267632647,3.1000762690989756,102.0,103.0,109.0,1.5379106215175422,2.257592259555894,151.947037380687,2.4986104420218767,150.0,153.0,153.0,-3.622471775309235,16.489691071507558
9.66.jpg,9,6,6,207.34225250880684,48.398662627871325,134.0,221.0,255.0,-0.9477781654207659,0.06239945053009954,102.62089005989235,46.725610337952936,45.0,98.0,168.0,0.2422686703871658,-0.8406887956925813,115.71849718628486,45.079747738530735,58.0,113.0,177.0,0.10393488611459864,-0.8397185557158617,175.80489127368998,8.65171823000345,175.0,176.0,177.0,-20.002978003663443,402.72729873631,135.01021418470341,33.97626590506957,86.0,142.0,172.0,-0.44808138633597555,-0.05039623414428274,207.34225250880684,48.398662627871325,134.0,221.0,255.0,-0.9477781654207659,0.06239945053009954,143.4456071808578,43.80180107465088,83.0,147.0,197.0,-0.33512278056701666,-0.6481472515962219,170.35903024573565,8.568447775477823,158.0,173.0,179.0,-0.9628494956186114,0.4162885216303178,141.07533569090177,3.8622849430490143,136.0,142.0,146.0,-0.5114268018873962,-0.26828671999765596,135.41444380253225,46.008148596535335,73.0,137.0,195.0,-0.1614096493680378,-0.8757254506805885,118.5007800205801,2.3190736721022125,116.0,118.0,122.0,0.8288242625090296,0.7137057029932325,191.07689621835908,13.147009511397329,172.0,195.0,205.0,-0.8937081584623893,0.2603083710160292
7.63.jpg,7,6,3,168.6235982485523,54.95377864265482,96.0,166.0,246.0,-0.06281122542124433,-1.044116507182258,51.5861480210625,33.210151426312976,5.0,50.0,98.0,0.1892776678763279,-0.9069478273212601,5.565730350192282,8.208212562743755,0.0,1.0,17.0,2.097408545104683,7.582742774313937,8.315784329172574,12.539914229526977,1.0,8.0,11.0,12.39396714444605,165.53769029507367,247.3176380937931,10.981525866002617,232.0,253.0,255.0,-1.8458474208622773,4.465266501757593,168.6235982485523,54.95377864265482,96.0,166.0,246.0,-0.06281122542124433,-1.044116507182258,99.5988447525623,39.04169884480258,47.0,98.0,153.0,-0.05669825480907821,-0.9952737624855912,173.56656289086132,7.280681192934415,165.0,173.0,183.0,-0.4069047686723087,0.5838157398410293,176.09340406038643,14.923249809234681,156.0,177.0,196.0,-0.34493224140213025,-0.6162349666088556,81.32038907659958,36.027806326292904,32.0,79.0,132.0,0.07332851299970249,-1.0442835214816106,90.71560809509637,16.341402187582975,68.0,92.0,113.0,-0.08769870826752757,-1.0390549489311105,204.56512880065515,17.661980725188236,183.0,203.0,228.0,-0.20640169283250356,-0.6050294366864701
7.77.jpg,7,7,7,73.26601313944046,46.830931806305436,15.0,68.0,139.0,0.47063277392410097,-0.4714549002154076,70.73077975443518,47.24021669456351,12.0,66.0,137.0,0.4632352726376062,-0.5193158021589923,38.7965778401122,33.977397922712335,0.0,31.0,87.0,0.8871846969503641,0.32363472851520836,26.935881498978862,10.635477006850305,22.0,28.0,29.0,8.610803088778985,109.28860556091422,147.18430205949656,54.392983676546685,90.0,133.0,255.0,0.6904372419164707,-0.36381957504875473,73.28051425899953,46.82591595611457,15.0,68.0,139.0,0.47119096504613883,-0.47218040658712335,73.35213109913634,50.247045507109036,9.0,70.0,143.0,0.36621462607796723,-0.7256223999295996,123.85163357200857,2.7240907488357258,121.0,123.0,128.0,0.4253758611966508,-0.7889255095278496,146.35351541546714,8.724760370568653,132.0,149.0,156.0,-0.6589988389364062,-0.7223895565121468,67.8145837946901,45.549434269097226,12.0,62.0,132.0,0.5056411946842733,-0.44889317817170227,113.75258827292636,6.864212228541305,105.0,113.0,124.0,0.38075883734135035,-0.8068543363217775,132.77533918948845,1.3141411840924406,131.0,133.0,134.0,-0.8365760997784123,2.225882952721558
7.88.jpg,7,8,8,85.64178527453417,40.77101996396775,37.0,80.0,143.0,0.543129321824055,-0.2091612745447753,52.3196265627158,28.382341984673037,19.0,48.0,92.0,0.7157162676165495,0.2540322899754539,45.73675910202319,25.93846020775031,16.0,41.0,82.0,0.8182129217855107,0.5869483961623558,6.550822425688937,17.347952324288933,3.0,5.0,7.0,9.596434022402665,91.09026498640868,123.93635343296589,23.510467117580102,100.0,120.0,152.0,1.5402379425110932,4.69764274803704,85.6418105619844,40.770970484133635,37.0,80.0,143.0,0.5431365729169702,-0.20916774134073401,64.32619351902103,35.04520556141741,21.0,61.0,113.0,0.5041896213900732,-0.27041871768721126,141.88365292780043,5.054381608197585,136.0,142.0,149.0,0.0008670465643745901,-0.47170792285774077,138.17695233704669,4.143019274986995,132.0,138.0,144.0,-0.1181284361881539,-0.6226285461287238,61.539257307586816,31.67107565059291,24.0,57.0,106.0,0.6612022020856042,0.0842391224062582,120.3883918932325,3.42864657689543,116.0,120.0,125.0,-0.1255922145944998,-0.6243563251964335,149.14519324474946,8.726804576965206,138.0,149.0,161.0,0.2699923936364576,-0.6612004619467453
9.99.jpg,9,9,9,197.07776717650057,38.021943968726625,144.0,200.0,248.0,-0.3473065889943251,-0.6065086792387833,150.99361880919452,42.31232354345607,95.0,151.0,208.0,-0.016151875579115488,-0.6607639397519933,138.20069628021608,46.5700012339576,76.0,138.0,201.0,-0.042210364411345784,-0.6659055644099987,6.508849148688262,6.223756351521003,4.0,6.0,9.0,25.177250280322898,687.8341890236621,81.6902447825182,29.572970027053383,48.0,78.0,121.0,0.5134338980743618,0.2831965780459238,197.07776717650057,38.021943968726625,144.0,200.0,248.0,-0.3473065889943251,-0.6065086792387833,168.75585647621327,39.49911508765615,115.0,170.0,221.0,-0.18762103601709673,-0.6170225172946271,143.75511973607684,2.9219108431289045,140.0,144.0,146.0,-1.715327505290438,3.8033970726599655,141.77541145599304,4.20848019126078,137.0,142.0,147.0,-0.09313322145729791,-0.3850022991525486,163.3047988772372,41.430075802062426,107.0,164.0,219.0,-0.1186276996202751,-0.6843504016183477,115.70561760706804,3.0149416459121317,112.0,115.0,119.0,0.5192629261153761,-0.02204817765290734,157.67590922972482,4.701593385709198,152.0,159.0,161.0,-2.192618054581417,5.668654675839912
7.61.jpg,7,6,1,134.3899548521754,49.483226104718995,70.0,133.0,202.0,0.10610851836830762,-0.76089094766462,36.95499271526915,28.26967937630145,7.0,30.0,78.0,0.9828300837092181,0.6367684791925523,61.375610546033855,30.927310441774587,25.0,57.0,105.0,0.625269848499503,-0.055827949818324285,172.28356519980002,3.1245277854021007,171.0,172.0,174.0,-49.19245849608033,2710.301556289892,194.09889095078867,28.849178510437074,156.0,196.0,230.0,-0.16910110459219957,-0.29596361917160774,134.3899548521754,49.483226104718995,70.0,133.0,202.0,0.10610851836830762,-0.76089094766462,79.02584717821233,36.43747911211307,33.0,76.0,129.0,0.30185838439165846,-0.5435100146316869,170.20727879802914,9.026805376506676,157.0,172.0,180.0,-0.9291478361511841,0.5540912027397953,137.34066085833388,3.2617075021458906,133.0,137.0,141.0,0.00860587882322134,0.13091236948664697,68.87765688431381,34.380294315645806,28.0,64.0,118.0,0.593616077578262,-0.2602134063057737,124.4909631406235,2.1453674349400313,121.0,125.0,127.0,-0.732672663730779,-0.4125336272884401,185.45634364866783,14.963211278357045,164.0,189.0,203.0,-0.6811935985877281,-0.29618831917336985
9.58.jpg,9,5,8,198.22761768876595,37.682722950259205,146.0,201.0,249.0,-0.37502957510628315,-0.5840380466729576,150.45471990258497,43.67067640071025,92.0,151.0,209.0,-0.04006547079261401,-0.675668171739658,149.33216476135456,46.069022357232605,87.0,151.0,210.0,-0.12040662884539716,-0.662166489819267,62.8769823902087,84.04869655505586,0.0,3.0,179.0,0.6452746089060818,-1.5825705757699209,68.59190140228637,25.869721354505476,39.0,65.0,103.0,0.5883490464502884,0.48853198216121996,198.22762449692564,37.68273205880839,146.0,201.0,249.0,-0.3750288715910784,-0.5840383625150558,169.38525333162156,40.22820137208834,115.0,171.0,223.0,-0.21218620305252578,-0.6186780544084076,146.05684035254595,3.759027000932672,141.0,147.0,150.0,-1.402598691688796,2.2509098004800396,135.911312049081,3.248108979049258,132.0,136.0,140.0,0.35341645259522775,-0.15051596075257034,164.6052629019489,42.05828789452456,108.0,166.0,221.0,-0.14817143228866395,-0.685146475673466,120.57457220442375,2.2394923384370333,118.0,120.0,124.0,0.49310573177396494,0.006004074491479994,157.4891122937857,5.407207169221476,150.0,159.0,162.0,-1.8404380622582883,3.799582531027296
7.75.jpg,7,7,5,73.61654548142442,46.77818294263397,16.0,69.0,139.0,0.47811940532936786,-0.4509829593158181,59.77706972917141,41.952364761600904,8.0,54.0,118.0,0.5683698010075858,-0.31392796984925564,40.65733705642408,34.453446314269705,1.0,34.0,89.0,0.8496219568016783,0.26193821417770424,17.468942634446563,11.99688027242228,13.0,17.0,19.0,10.197820251515166,120.36001678232714,140.19531005331763,53.16535837812367,87.0,126.0,239.0,0.8240584877342224,-0.03502808168961691,73.62279585830468,46.76860841809754,16.0,69.0,139.0,0.47895377865483846,-0.45107707785917484,65.21719099222119,46.588297357609505,7.0,61.0,130.0,0.45473500672845296,-0.6092026304494231,130.8362097807967,1.4444031810267144,129.0,131.0,132.0,-0.16956941137477763,0.12833946583959577,141.18505064298205,6.200023453549075,131.0,143.0,148.0,-0.6805868637551502,-0.7095104786903104,61.73456979239003,42.47266464730977,10.0,56.0,121.0,0.5654976859424349,-0.3201584248254963,117.71376746049809,4.837313344835909,112.0,117.0,125.0,0.42075912918016056,-0.7320454070354221,138.42412354670105,4.293719218992847,133.0,139.0,144.0,-0.1836983452998988,-0.629708368421384
9.64.jpg,9,6,4,233.1399305373194,27.142752567929293,194.0,244.0,255.0,-1.660851906091108,2.9584407183075037,88.61831122626627,42.86649982646978,41.0,78.0,154.0,0.5400960282732896,-0.6540789243829686,58.069281778057885,19.15548729081679,37.0,55.0,86.0,0.29614904583588403,-0.144525817421302,14.292102632034531,38.21396887135297,1.0,4.0,15.0,4.009598260928324,14.341267844780049,193.032338758464,16.751674654214145,169.0,196.0,211.0,-0.3013455994762264,0.4194019300750669,233.1399305373194,27.142752567929293,194.0,244.0,255.0,-1.660851906091108,2.9584407183075037,146.7947548965257,28.775782244504843,110.0,148.0,186.0,-0.1702313446172368,-0.1676897414933749,180.85198428676748,13.417803625196722,159.0,187.0,193.0,-1.2095709286953984,0.4491096532334935,175.20200052909126,6.150077103317617,167.0,176.0,182.0,-0.6983200046933923,1.4875291070543781,128.33998052866332,33.64383031583605,87.0,127.0,176.0,0.05513541960989883,-0.6258846431441207,93.44956223533279,8.609813642497297,82.0,93.0,105.0,-0.05277504266162161,-0.046709302825546306,219.91224330806534,15.98360479290866,195.0,225.0,236.0,-0.8770991377477809,-0.19348976855833433
8.4.jpg,8,4,-1,178.49743659162155,44.840294862943196,118.0,179.0,242.0,-0.08468433413388787,-0.8350236845390091,100.01984800987935,36.7917676098913,57.0,95.0,152.0,0.6618192352873307,0.15755442823349064,67.55825306355086,44.11382784255481,12.0,62.0,130.0,0.6314107808767638,0.035859337167226,8.868739431936923,3.104453188154241,6.0,9.0,13.0,15.412707523719572,825.8261667061562,168.588429277097,41.64144648904982,117.0,167.0,228.0,0.026148045722444547,-0.04934576808321767,178.49743659162155,44.840294862943196,118.0,179.0,242.0,-0.08468433413388787,-0.8350236845390091,128.83273392229506,38.301360007434276,80.0,127.0,182.0,0.24919435568929862,-0.49493845130419567,156.88709508881922,4.868891357972974,150.0,158.0,162.0,-0.9891966383810881,1.112567988471266,160.06534197777145,5.235426280989569,153.0,162.0,165.0,-1.5426359537628431,2.900137196567428,119.79536857604256,39.67979633299687,70.0,117.0,176.0,0.37520636616078246,-0.42764126068110997,102.20232212406194,3.316160049327177,99.0,102.0,106.0,1.7600026972938636,5.060210588956135,179.48218343307684,8.07563642789648,168.0,181.0,189.0,-0.9411505105804895,0.7598467788809602
4.18.jpg,4,1,8,31.707262616569473,25.911960788901048,1.0,28.0,67.0,0.8307012312193739,0.5762345580881671,30.96271548436308,26.33166163025996,1.0,26.0,67.0,0.8488562632895215,0.5385575927636888,31.64193843655422,28.834282869322845,0.0,25.0,73.0,0.9416522123529536,0.604257317593456,62.6229487463399,58.95093841531545,0.0,24.0,140.0,0.4315203068874158,-1.4926793365310849,57.749952018897176,73.30623143965872,0.0,27.0,191.0,1.8002482933924067,2.0826796130420906,33.335649221229794,28.031907798855134,1.0,28.0,73.0,0.9197503822712962,0.7149725399370075,31.533445043182994,29.33426994117051,1.0,25.0,73.0,0.9150185819116812,0.3970476146140398,128.5082724342413,0.9930982617874321,128.0,128.0,130.0,0.35879684925270594,0.48049608955002565,127.6799010851111,2.2470345683431328,125.0,128.0,130.0,-0.873836243222637,0.35865083031342015,31.256868679412417,26.459945306446503,1.0,27.0,68.0,0.8534488081521389,0.5575459436508208,128.14202652493788,1.552250550648648,126.0,128.0,130.0,0.81770477362296,0.5582095418018276,128.45041165325657,1.1052631336685446,127.0,129.0,129.0,-0.1687586138875826,1.7928214707382732
4.24.jpg,4,2,4,49.52836522469845,38.25686755308463,3.0,44.0,102.0,0.662720037728202,-0.07660869350106436,39.399897683086,33.92237514064799,0.0,33.0,87.0,0.8092136217752796,0.2513916227195683,43.896593294157235,37.93012983886678,1.0,36.0,97.0,0.780706354270536,0.05628681314924533,125.06229855141814,70.51295686885025,0.0,161.0,177.0,-1.1233805563939256,-0.6814717141112263,86.10407050141123,69.86374451732875,33.0,58.0,255.0,1.4765606987270667,1.0483730017574473,49.543062096251816,38.2413289787548,3.0,44.0,102.0,0.6644217910014276,-0.07426783088172861,43.757908650058646,38.841120763456686,1.0,36.0,99.0,0.7439698659033857,-0.13308001260304092,133.21079375361074,3.2386514544676985,128.0,134.0,137.0,-0.15295748786272215,-1.0353381458536781,126.95836761728027,2.1749085191691346,124.0,127.0,129.0,-0.4348548956864716,-0.5919643631158453,42.96663272312771,35.64593543674659,1.0,37.0,93.0,0.7580049527279974,0.11344323559632175,128.4077115052063,1.3899312950907272,127.0,128.0,130.0,0.44385485242200784,-0.3958602682119654,133.83910470755063,2.83110855207993,129.0,134.0,137.0,-0.3499159952342881,-0.5629418415746703
8.24.jpg,8,2,4,143.59051253771233,63.12671948737777,52.0,154.0,218.0,-0.48003442753687664,-0.6143679432182307,117.24737010517634,58.48150384296945,34.0,123.0,189.0,-0.28467893373244446,-0.7473145696581525,116.57066869744344,60.09551754840058,31.0,122.0,191.0,-0.2344042849372653,-0.8402049261577971,67.92018502632813,84.29321616398695,0.0,5.0,179.0,0.5244130431051949,-1.7192285093864959,67.55575445107753,51.0147575864646,33.0,53.0,106.0,2.665387137787933,6.795008354953433,143.59608696159614,63.11426364071953,52.0,154.0,218.0,-0.4792594222647741,-0.6162661917750802,129.66056461040793,61.19421955120762,39.0,139.0,202.0,-0.4633286693392926,-0.631495870066106,138.1025902129787,2.788471896018737,134.0,139.0,141.0,-1.514009326774588,2.404042135155139,132.34226272104635,1.9264778394716322,130.0,132.0,135.0,-0.05995248572080058,-0.47865482322118913,125.06262534308262,60.0023209747035,39.0,132.0,198.0,-0.3406171615461263,-0.7274992420585673,124.1561684844453,1.489546664528887,122.0,124.0,126.0,0.24170104231262524,-0.18085132794380865,144.1961489158492,4.180054235045146,138.0,146.0,147.0,-1.6068032435982704,2.5241643107829557
6.35.jpg,6,3,5,64.50674097586182,42.106313965099375,14.0,59.0,123.0,0.5902944512980572,-0.22358330350296685,43.07389385103713,32.57133372179102,5.0,38.0,88.0,0.7498528899935438,0.17160432296441686,23.792135528161218,24.175279321475067,0.0,17.0,58.0,1.2341188320552865,1.6154820029365684,14.538094535075416,13.015733988809808,9.0,14.0,16.0,9.989465567991996,110.8872505253768,183.83274919416354,47.215591688810385,129.0,177.0,255.0,-0.006773896413071665,-0.33750653267210895,64.51372111906696,42.095906824623654,14.0,59.0,123.0,0.5913414862154613,-0.22343133316750308,49.498410964297136,38.36660067077657,5.0,43.0,103.0,0.6417587997030917,-0.2726301455026219,134.88163431017938,3.5638739947802516,130.0,135.0,139.0,-0.05440963293411447,-0.7335675826738797,142.7211033193081,8.196071219711053,130.0,145.0,152.0,-0.3098237357187434,-1.1800462715857785,47.28130853079403,34.3422671512536,7.0,41.0,95.0,0.7333251204109916,0.10285127492872537,116.52700425678502,6.033554814568901,109.0,116.0,125.0,0.1696969985311138,-0.9135698585127057,143.12013729977116,7.441733295736129,134.0,143.0,153.0,0.14168643232774394,-0.7854970369440535
8.18.jpg,8,1,8,119.48349993872657,40.00478550443237,71.0,115.0,176.0,0.53150684320844,-0.15980639163860744,94.21814413457592,38.49749298389059,50.0,88.0,149.0,0.6945843708138308,0.17793841118911358,82.62980729017738,39.059115769474495,37.0,77.0,138.0,0.7067875522762571,0.23163573855791508,9.490205976008045,1.6124811274495459,8.0,9.0,11.0,29.850034274083132,3014.6817136087934,87.17801392365914,27.347826514126574,55.0,84.0,122.0,0.7831776038353094,1.1885077922700829,119.48350139761793,40.00478983256047,71.0,115.0,176.0,0.5315075250005157,-0.15980387997635326,106.39436313556602,40.047723232600575,58.0,102.0,163.0,0.5025963326038918,-0.1335417820619238,136.5787990989887,1.1571621373643088,135.0,137.0,138.0,-0.6991536111197325,2.08858264134507,138.72964068478416,1.234213367030004,137.0,139.0,140.0,-1.1453199270844359,4.102752578599026,100.45174862718324,38.99903054468142,55.0,95.0,156.0,0.6447063900201403,0.06648705354437912,119.23120315742995,0.604704930865458,119.0,119.0,120.0,3.379310808397818,21.578706978047144,144.73982715055175,1.8478894539820434,143.0,146.0,146.0,-1.1521753170716977,1.7062852118294671
10.72.jpg,10,7,2,214.54506369519675,30.10423447377629,173.0,218.0,252.0,-0.6477713794617016,-0.06978365231041295,189.9482628494288,35.6770007854974,142.0,192.0,235.0,-0.4321680548475706,-0.3264213458102434,157.05958890386685,45.428475330663474,95.0,160.0,216.0,-0.31381450097947877,-0.49286826170966647,17.142619274094564,1.8228129488270433,15.0,17.0,18.0,14.519096386607153,1003.8926355385117,72.53542625887735,32.11269336188067,35.0,68.0,116.0,0.6857036543172713,0.47207041933107785,214.54544884251558,30.104693934713698,173.0,218.0,252.0,-0.6477250480845758,-0.06984051413695447,199.24538260884788,32.43619291207915,155.0,202.0,240.0,-0.5398869120861776,-0.16768862022966768,132.04636599888346,1.8390434586834135,130.0,132.0,134.0,-0.3042412824694342,0.7677454563145325,148.11889721429557,7.042227554841466,139.0,148.0,158.0,0.042147538616606806,-0.5154627575841402,193.57054128759808,35.00512707476365,146.0,196.0,238.0,-0.478108474430206,-0.30369146934640323,110.02646866593139,5.746703486571043,103.0,110.0,118.0,0.1908583014131885,-0.47207645930446906,146.3916875288131,5.361511814005856,139.0,147.0,153.0,-0.6777898748870447,0.24022101178945254
10.66.jpg,10,6,6,230.49161818284384,34.11191540758547,188.0,243.0,255.0,-2.43026162879021,6.9209586881506375,176.81693490815792,38.81354807864669,125.0,182.0,223.0,-0.689517270118438,0.28315828883091454,181.68379016084762,37.66233521262992,131.0,187.0,225.0,-0.7865362933977451,0.5033275312961472,166.16580348927909,42.082789754901754,174.0,177.0,178.0,-3.6384766792987944,11.330039413466782,61.05724300656112,22.953934407398204,30.0,63.0,89.0,-0.03965340538051134,0.06829990164804522,230.5430081172715,33.85279634831047,188.0,243.0,255.0,-2.373133735208553,6.4299918321318295,196.330103834161,34.65527118106725,151.0,204.0,233.0,-1.2782941111046955,2.0978405728409557,148.41951053222303,7.511834260658108,138.0,149.0,158.0,-0.34861706919459506,-0.724168496908149,133.33213752871583,2.574737847990153,130.0,133.0,137.0,-0.39431338893549683,0.4496318052671504,193.43558508351666,36.33848362172504,144.0,201.0,232.0,-1.1848534896501484,1.6255237132417957,122.31833349867435,2.428948642240602,119.0,122.0,126.0,0.5186661568029626,0.005001300746417137,160.48503517873365,11.416924030039587,145.0,161.0,174.0,-0.44090347788474116,-0.48963671407686604
6.21.jpg,6,2,1,65.84727547175683,44.08875519824858,12.0,60.0,127.0,0.5517522958231932,-0.3493817026169115,54.32708344275019,39.60363075820666,7.0,48.0,110.0,0.6558287024075058,-0.13863017120909626,52.98916724536024,40.50548042401223,5.0,46.0,110.0,0.6675551856264351,-0.17785030278876457,19.908137987780325,48.89140548662696,0.0,5.0,20.0,2.868188695024405,6.353959611860271,76.13485213649777,55.27194560036967,34.0,56.0,146.0,1.9300668990754768,3.3670337633839447,65.85148145554564,44.082659778989466,12.0,60.0,127.0,0.5522969355038223,-0.3492921345791018,59.7027397007133,44.74901874247279,6.0,54.0,122.0,0.5383271466565963,-0.504344197278261,132.64017563106776,2.4135838220321024,129.0,133.0,135.0,-0.40082067789669096,-0.7064050067174699,130.63085185639062,0.9536204564819915,130.0,131.0,131.0,-0.5967338284784801,2.2534158656624452,57.59544991236926,41.003059976779475,8.0,52.0,115.0,0.6225879767252734,-0.2153843565311635,126.08907358453497,0.5323972799018595,126.0,126.0,126.0,1.9913285069465856,6.731306012175958,135.27949100253068,3.080649701732921,131.0,135.0,139.0,-0.23642277721670565,-0.7973625282675183
10.2.jpg,10,2,-1,203.85817564358317,30.335112186746034,163.0,206.0,241.0,-0.527063423046611,-0.12790331179198766,185.9279946803458,36.94929585955243,135.0,189.0,232.0,-0.46560263640771515,-0.3053861326118885,200.9861009784364,37.30611535826049,149.0,207.0,245.0,-0.7855162107357089,0.2463378914471921,150.3453077799943,15.754424205260813,141.0,149.0,165.0,-5.5566082836935085,51.853568302061554,25.926219245749028,13.165468674707922,13.0,23.0,44.0,1.2438640772145124,1.7561898958801212,205.3127082739622,31.398150669713328,163.0,208.0,245.0,-0.49540551592549215,-0.23558019885450632,196.88776907001045,33.21672510002927,152.0,200.0,237.0,-0.5825504318318568,-0.08398347265787853,137.17593806402584,3.13465879961876,133.0,137.0,141.0,-0.17437048906594174,-0.6182266040336368,122.80920680155789,2.4559935292099873,121.0,122.0,126.0,1.8909772976620183,5.016571867591049,193.00343355181914,34.95264572033382,145.0,196.0,236.0,-0.5179433153477678,-0.20983670263588294,131.62623539469934,2.0201370194477417,129.0,132.0,134.0,-1.717678544899925,4.159529712342378,137.53518001329914,4.666640965004148,132.0,137.0,144.0,0.5270624753834315,-0.2536324711935509
5.64.jpg,5,6,4,112.23053255370179,45.65658098999634,57.0,105.0,181.0,0.2601153576286651,-1.0251765321851911,21.727558360517342,17.948053988417445,1.0,18.0,49.0,0.7504961662150684,-0.2530022387704678,7.902023287796471,8.939891282567434,0.0,5.0,22.0,1.3823756837393584,3.598796104777091,8.266994139147112,28.74508203821476,0.0,4.0,6.0,5.727509788109175,30.979878081367325,239.9155374847546,14.766904104563324,219.0,242.0,255.0,-0.8865951180053377,0.5555665771761458,112.23053255370179,45.65658098999634,57.0,105.0,181.0,0.2601153576286651,-1.0251765321851911,59.82305544370722,30.683960275915616,20.0,56.0,106.0,0.24659418497526128,-1.0115394827217772,165.77748843099153,10.28792221927253,154.0,165.0,180.0,-0.1491186267209273,-0.465981761945951,158.02309668170298,12.991866231376644,140.0,158.0,176.0,-0.09856436465860648,-1.0287891847702988,47.20131290496393,24.474454399078436,18.0,42.0,85.0,0.4854301665636337,-0.8009350718929302,108.67336832727408,9.070633431440793,96.0,110.0,120.0,-0.29195525452334337,-0.9699751631496505,185.021817720278,19.473301182387615,161.0,182.0,213.0,0.11668541564501006,-1.014358893559237
5.58.jpg,5,5,8,56.192899288895454,34.885072852686235,14.0,52.0,104.0,0.5900694779603313,-0.11528950795686699,38.78539898132428,27.73289278252353,6.0,34.0,77.0,0.7534881483118318,0.2757689409990931,36.568628724686896,27.530686447386945,4.0,32.0,75.0,0.7925481955785599,0.34734637910554067,9.041281464530892,29.17115705889896,0.0,4.0,8.0,5.475648968695097,28.426224109291745,110.10563125907335,48.60017150270685,67.0,95.0,179.0,1.5361734414757744,2.0572164325996134,56.19465072217711,34.88234149977395,14.0,52.0,104.0,0.5904243002399805,-0.11526912939463507,44.34873256071455,33.204406390646085,6.0,40.0,90.0,0.6587309854370227,-0.16751375534219992,135.3408095273246,3.7052931273625185,130.0,136.0,140.0,-0.20226598903711185,-0.7821317168610298,132.3347087916144,1.9837595694644827,130.0,133.0,135.0,-0.21345064320558985,-0.7937426482571799,43.74873895819493,29.802600851950825,9.0,39.0,85.0,0.7017642494956793,0.13400029607653474,124.79529145444256,1.4197795936181152,123.0,125.0,126.0,-0.12394607050112286,-0.3849533159925018,138.92494623655915,5.030498080695057,132.0,139.0,146.0,0.12967813390567337,-0.7256839114659988
5.71.jpg,5,7,1,36.91587067247361,26.47593510570252,6.0,32.0,74.0,0.8524580178347985,0.6369237396605052,33.64455254545902,25.692207980414725,4.0,28.0,69.0,0.8843819271033122,0.6880124569371682,25.857327821657933,22.683578218705918,1.0,20.0,58.0,1.0850094588107801,1.3293123072337796,21.375543416746634,13.601727159030535,15.0,21.0,24.0,8.558655139621834,87.61138432195887,106.52119042346399,60.77743317609749,51.0,87.0,213.0,1.1881445250458988,0.6691211342104455,36.92029723678059,26.470287509467507,6.0,32.0,74.0,0.8533370696901786,0.6380038968856816,34.04309588838857,28.965275161133732,3.0,27.0,75.0,0.9073164357411282,0.409209562300072,128.01805565807928,0.9388161284253672,127.0,128.0,130.0,0.48839872144487617,0.9050713670688042,133.0014374646293,2.8028088075650794,130.0,133.0,136.0,-0.14644454039290863,-1.251040863052321,33.698693437661476,25.57826433946333,5.0,28.0,69.0,0.8944250391233797,0.7200397608133042,124.40778327304939,1.843726612471763,122.0,124.0,127.0,0.0017841308777422583,-0.6874661342692581,131.156759922246,1.1571559531957105,129.0,131.0,132.0,-0.8771491093001608,0.4883134332377801
5.65.jpg,5,6,5,85.9737647566861,47.31365275100118,25.0,83.0,150.0,0.2752248277811677,-0.7087226328840064,32.51720081542301,25.575845856712395,3.0,28.0,68.0,0.8478166757731564,0.4676334550979715,35.10307651009845,27.04191038030944,3.0,31.0,72.0,0.7480760034834434,0.1721528809404682,127.13605474927493,80.11276382240688,0.0,178.0,179.0,-0.939801845124587,-1.1139409645353189,173.33758357016004,37.789853921716386,133.0,165.0,236.0,0.5889648214533058,0.31897239382298714,85.97590495031017,47.30984663004224,25.0,83.0,150.0,0.2755849315933878,-0.7090539235424571,52.15357652079698,35.78226682787526,8.0,49.0,101.0,0.449643331906603,-0.554536226436189,151.87787960839466,10.464962299354035,136.0,154.0,164.0,-0.540939199840333,-0.7448760035656012,138.11229281311213,4.8492983782895696,130.0,139.0,144.0,-0.3304112444486497,-0.8567380462564835,48.80089634285114,31.863358360715893,10.0,45.0,92.0,0.5962809476867259,-0.18008411192682194,121.41822427634126,2.9705401953650847,118.0,121.0,126.0,0.19227415823417568,-0.8023655402016869,160.59405326704132,14.749936998668794,139.0,162.0,180.0,-0.19927040354458186,-0.9964267351051705
10.3.jpg,10,3,-1,232.25237118475596,23.87873897690819,199.0,239.0,255.0,-1.2020803164788127,1.1435141910872844,193.69817093927315,35.013315063756906,146.0,197.0,238.0,-0.46953887563725555,-0.29374911207547916,154.6574902400168,46.32305158895237,91.0,157.0,214.0,-0.31439602481583784,-0.4695579544158619,15.48556621518842,2.3467300754073057,14.0,15.0,18.0,12.377109852939245,644.4470199142083,88.62627434160233,37.90077675874775,39.0,88.0,139.0,0.33810420688192794,-0.08606702175041248,232.2525545187701,23.87889282225818,199.0,239.0,255.0,-1.2020637226250894,1.1434630269457138,205.88574789579235,29.955736582512337,165.0,210.0,242.0,-0.6560950882761653,0.006798545301050396,136.79999085761415,4.599523577517481,130.0,138.0,142.0,-0.4816148691663569,-0.5683597768009383,153.1587210580269,8.898228875823834,141.0,154.0,165.0,-0.08674704295953582,-0.5899130517376499,200.7837363763862,32.652565144934606,156.0,205.0,240.0,-0.6273925861705334,-0.10029584477847964,105.25449387168369,7.390084499877503,96.0,104.0,116.0,0.35579897446411407,-0.5062099642412599,155.60542872926672,9.8702141098288,140.0,158.0,167.0,-0.7194249095540703,-0.41558015503633294
10.67.jpg,10,6,7,227.11658251231526,33.715454346849995,186.0,238.0,254.0,-2.4176708539821967,6.899593624960804,181.2418117658204,36.257613036471376,133.0,186.0,223.0,-0.8425863997803389,0.7965901028239153,185.3246139636226,35.509564601130904,138.0,191.0,225.0,-0.9520403586942701,1.08374038000788,164.90580570291777,44.33784975629185,174.0,177.0,179.0,-3.3921169849518105,9.597850802569786,52.78326212580523,18.98538141895046,27.0,54.0,76.0,0.13568818642730524,2.2540503677734174,227.16842411898446,33.46336171023612,186.0,238.0,254.0,-2.365262005582453,6.467870272968391,198.35353258810156,33.12690387940952,155.0,205.0,232.0,-1.4050648296872665,2.693028487841686,145.3048588480485,6.114702344839026,137.0,146.0,153.0,-0.4114255840822831,-0.47148129700089125,132.422732569155,1.9917016641669378,130.0,133.0,135.0,-0.5016573785254975,0.852543344861898,195.43721153846153,34.72595684540971,149.0,203.0,231.0,-1.3132189847141915,2.190000560481683,123.19024488442592,2.0220469292998136,121.0,123.0,126.0,0.4126627572387947,-0.03839246657111772,155.78294950738916,9.373654922666784,143.0,158.0,167.0,-0.5414591546999391,-0.199707352613542
6.34.jpg,6,3,4,68.04548805393569,44.0674480153534,15.0,62.0,129.0,0.5441505054763893,-0.3521771472028097,42.93093624664748,32.569699332285865,5.0,37.0,88.0,0.7459803608740878,0.1476646284861718,18.396285032356488,20.336837029356552,0.0,12.0,47.0,1.507755695964414,2.912243984284137,14.780449299968012,12.901713540956523,9.0,15.0,16.0,9.880217181955459,110.27144817345268,202.7956472527743,40.50391896883967,153.0,200.0,255.0,-0.5449140570326477,1.1383862493630144,68.05283531409168,44.05638885760979,15.0,62.0,129.0,0.5451942439281351,-0.35215957556621547,50.41634162545213,38.784797176054944,5.0,45.0,105.0,0.6148762623587487,-0.33925898652449593,136.2514844615044,4.216146103832261,130.0,137.0,142.0,-0.1304876207099564,-0.834075029099631,146.21193474570015,10.973205761454809,130.0,147.0,160.0,-0.14392750746842906,-1.282741617532647,47.64551954922369,34.413048913881376,7.0,42.0,96.0,0.7192846702686159,0.05904364516297367,113.64068797519747,8.333076108868223,103.0,113.0,125.0,-0.009921028625145897,-1.0865938087966494,145.91113801333628,9.168699288031892,134.0,146.0,159.0,0.11830624542167663,-0.9417744117640146
10.73.jpg,10,7,3,216.8876366738055,29.628146863676427,176.0,221.0,254.0,-0.7104669023150146,0.037326748658258246,190.28443956202136,35.37833848477421,143.0,193.0,235.0,-0.43266266394299235,-0.306055529227379,150.7290046081515,47.575992785999475,86.0,153.0,212.0,-0.28204315836235394,-0.5233850351084035,17.868247035046462,1.899062223231768,16.0,18.0,19.0,15.811849413902817,1084.139495211234,82.42241761640494,36.380543984178104,39.0,78.0,132.0,0.6225954486554758,0.3548239860479909,216.88811616276558,29.628694269318288,176.0,221.0,254.0,-0.7104122477523409,0.03724701588051138,199.72571772591905,32.129169382483035,156.0,203.0,240.0,-0.5499000849280884,-0.13985027293886665,132.03577590650647,1.8944723433328252,130.0,132.0,134.0,-0.5414375821645718,1.0061914161022676,151.77079990040636,8.416998214045929,141.0,152.0,163.0,-0.026557597704711163,-0.605840160572193,193.75399493083881,34.91160983304612,146.0,197.0,238.0,-0.4906391402093562,-0.2814228343291547,106.7842041942154,6.890490701357152,97.0,106.0,116.0,0.25368175045226005,-0.5470633702041967,148.29382752791832,5.872802384012325,140.0,149.0,155.0,-0.8204889958766995,0.35010853498057726
8.31.jpg,8,3,1,156.84497480008326,44.86281018034631,99.0,155.0,220.0,0.19326202575815832,-0.69788537218141,116.44461464843636,40.76627218370481,66.0,113.0,173.0,0.4016153465977487,-0.31527283283342467,64.49296960253963,38.00561578799745,20.0,59.0,118.0,0.6985480101114365,0.23526423135734476,16.95356786470825,0.8065062678267233,16.0,17.0,18.0,0.9300122178121614,10.080262968222533,159.49810830420412,34.47446701930647,118.0,157.0,205.0,0.34977343517495496,0.38498594449830703,156.84497480008326,44.86281018034631,99.0,155.0,220.0,0.19326202575815832,-0.69788537218141,131.52717622824065,41.270326349744785,79.0,129.0,188.0,0.2287819803430951,-0.5168755471552808,138.06644083028425,1.6737480287072581,136.0,138.0,140.0,-1.2349678454342277,7.6916624084273995,162.45241582683155,2.874888980550417,159.0,163.0,166.0,-0.827664372155963,1.622972990485815,122.61752245233802,41.60209057049075,71.0,119.0,181.0,0.357491651157056,-0.4345701051039921,99.32312741568094,2.976031777834264,96.0,99.0,103.0,0.6380719477166451,-0.2753014575969108,158.04878921743122,4.122400557272053,153.0,159.0,162.0,-0.4969271104981149,-0.03456584475189439
8.25.jpg,8,2,5,135.18596925824127,63.73054635445542,34.0,146.0,210.0,-0.4311196076514985,-0.8059742359833932,104.68008603568643,57.60348188682394,14.0,111.0,175.0,-0.23047459825863134,-0.8815852012038308,100.92743425749238,58.50383156193268,9.0,106.0,174.0,-0.15525673102524806,-0.9698440491469458,11.461440528780036,36.4272112306208,0.0,3.0,8.0,4.3095769192717714,16.71247005119401,88.42234467183698,58.10397965443736,43.0,69.0,178.0,1.84770153500889,2.5581641662101857,135.18797280237467,63.72639248278925,34.0,146.0,210.0,-0.43089248898438237,-0.8064711135258622,117.80605401010331,61.403559703847854,16.0,128.0,190.0,-0.3982859328510616,-0.8372670970242182,139.45558842924086,3.3102391068374653,134.0,140.0,143.0,-1.4631367081465119,1.9276753423602466,134.80485626029733,2.4843654591991435,132.0,135.0,138.0,-0.45264304927501287,0.13958639713914334,113.3495537737629,59.460383461507526,20.0,121.0,185.0,-0.2848839417987677,-0.8816811383566008,121.92164732176724,1.9510270693599825,120.0,122.0,125.0,0.9749644804284524,0.8298080286746465,147.2115402196896,5.318309461650048,139.0,149.0,152.0,-1.3811450553269604,1.4707534969100173
6.08.jpg,6,0,8,59.9842021517675,39.916373002275265,13.0,54.0,115.0,0.6282140847191389,-0.13440989048480123,39.15659204923661,30.4036828536583,4.0,34.0,81.0,0.8226442644625035,0.39470216302070815,30.149949716877817,27.379141472120168,0.0,23.0,69.0,1.0312621883254012,0.9251741594990803,10.629969227118261,15.657674351391503,6.0,9.0,12.0,9.126025628216489,86.6054522286936,152.76550801514912,52.445702433021474,98.0,139.0,255.0,0.5861805714268212,-0.3127102113274667,59.99125200111265,39.90609761508058,13.0,54.0,115.0,0.6292963741176193,-0.13409535666279648,45.51677870952306,36.3786874160011,3.0,39.0,97.0,0.7103814446155965,-0.12399252497492386,135.856538459294,4.273464650667433,130.0,136.0,141.0,-0.06027268492815625,-0.9386324971265521,136.8634166457559,4.6189120003066515,130.0,138.0,142.0,-0.41249951935416496,-1.0294027813971112,44.34931257039151,32.816071095191994,6.0,38.0,90.0,0.7746121130830959,0.22983057849466038,121.16748364582786,3.2892149317205863,117.0,120.0,126.0,0.38240825933790246,-0.6963494161620871,141.72170139800696,6.8530539604225655,133.0,141.0,152.0,0.14252433063475883,-0.802104997690674
12.1.jpg,12,1,-1,211.82151874480877,26.405783123610714,177.0,213.0,247.0,-0.36812834656352883,-0.3499766201070025,208.07192480290377,28.482464875068622,170.0,210.0,246.0,-0.4382061227897002,-0.24749570702042822,213.25459648037597,27.982713829366517,176.0,216.0,250.0,-0.565635245253342,-0.04721123668658489,137.14789268006123,21.308951319830683,126.0,133.0,160.0,-4.010556282367935,25.002942088810155,7.310834797087664,3.856615070929763,3.0,7.0,11.0,1.6033728764534094,5.174297220239058,213.89582688989648,26.871583070858055,178.0,216.0,250.0,-0.4379532246421662,-0.323692784833689,213.87966577771553,25.745233951464375,180.0,216.0,247.0,-0.49587303671892313,-0.13964217919694732,130.2922368500396,1.2385662270174846,129.0,130.0,132.0,0.3883598388259911,0.3292056836690036,126.01990462740888,0.9426357913768862,125.0,126.0,127.0,0.9111842711247237,1.5428151142319733,209.73499870644966,27.774118125502465,173.0,211.0,246.0,-0.43128345936883145,-0.2649318611460423,129.6241375520581,0.7223652372674967,129.0,130.0,130.0,-2.045045319246407,4.826668200866834,129.99587911820717,1.774914581862145,128.0,129.0,132.0,1.333154477381355,1.9432931609668254
4.25.jpg,4,2,5,57.050718844402425,42.98922501001451,4.0,52.0,116.0,0.5817856164083296,-0.2944414140481113,43.30905349073799,36.70598565881703,0.0,37.0,94.0,0.7515085168921688,0.06616646603300858,43.333281785838636,38.090039074429775,0.0,36.0,97.0,0.7848979697388956,0.0553205507247414,65.32541301214381,82.17931231970076,0.0,6.0,177.0,0.589327697087265,-1.6308433591699933,100.95635775128432,70.18228895530049,43.0,74.0,255.0,1.202415493992862,0.2971861848794122,57.07232551173046,42.96141148767491,4.0,52.0,116.0,0.583911218090279,-0.2929114113018487,48.72451900351884,42.05217870792633,1.0,42.0,108.0,0.6608873348820096,-0.3262031769658935,133.89676592963474,3.4973775879333284,128.0,134.0,138.0,-0.24976174469290435,-1.0025575214885547,130.24079731330568,1.3320219837000558,128.0,130.0,132.0,-0.03736209604713043,0.2214986914076742,47.411287734225006,38.71560594871096,2.0,42.0,101.0,0.7021960176438299,-0.058588980306440774,126.228888869437,0.8248440669421467,125.0,126.0,128.0,0.9752244042597531,1.0868372602887018,136.45520911748744,4.321754100133162,130.0,137.0,141.0,-0.2809783428434775,-0.7830845314516588
4.31.jpg,4,3,1,36.26288930515922,28.895416335445884,3.0,31.0,76.0,0.8214738747509384,0.45336503469663514,30.184947547992664,26.51779785743954,0.0,25.0,67.0,0.9322025688509141,0.7304122886489206,21.821309637047282,22.349309436949753,0.0,16.0,53.0,1.24737768123983,1.7867951368138595,18.67385948736503,21.240669365670456,0.0,17.0,21.0,5.557401658644359,33.82117433372076,136.65402342785003,70.49306488476792,66.0,117.0,255.0,0.4317136236796232,-0.7396447180172303,36.28655641338367,28.867127023700778,3.0,31.0,76.0,0.8249592699557585,0.4585576052183411,31.372791967927732,29.732758255752245,1.0,24.0,74.0,0.9730257343747084,0.5282835151103167,129.11944575744667,1.1082177024212096,128.0,129.0,130.0,0.2971317456261101,-0.16332423160803122,133.8405781878235,3.9575358692809037,128.0,134.0,139.0,-0.0962835888711237,-1.3373145810380127,31.02864484554231,26.747211203828854,1.0,26.0,68.0,0.9300243509018391,0.7260305139736118,123.60184374689986,2.8412284235898038,120.0,123.0,128.0,0.13000089270799517,-1.1573658249318008,132.6519897332952,2.2679015831058833,129.0,133.0,135.0,-0.27450051151808774,-0.1553937989204628
8.5.jpg,8,5,-1,119.36781179912428,66.81090758147775,31.0,116.0,213.0,0.15862585032343887,-1.02048359890734,83.04676233103606,55.581434253409505,13.0,77.0,163.0,0.3996605357201413,-0.7645612905107302,80.1827679643019,55.95503122337974,10.0,73.0,161.0,0.4196917657949829,-0.7828845476378632,9.434479730163455,33.689269059106316,1.0,2.0,6.0,4.768119002525637,20.88284464783004,105.98208432781094,49.024381927820976,61.0,92.0,174.0,1.5226407849072934,2.0367181098851868,119.36995199274834,66.80715161174284,31.0,116.0,213.0,0.15885259616260983,-1.0207520197427287,97.0009132659909,61.141221454282345,14.0,94.0,183.0,0.1973358976398611,-0.9850289798477361,142.4969193077463,5.151919688367038,135.0,144.0,148.0,-0.8169825068950285,-0.0516589677718402,135.67304299450095,2.4834796604199156,132.0,136.0,138.0,-1.0409521074111951,0.9873788655255629,93.58754126231061,58.87272004053741,18.0,88.0,178.0,0.32002016357032026,-0.8756217431497944,121.42705494573897,2.2396477654640203,119.0,121.0,125.0,0.9532957818666384,0.10498136747877185,150.6470547901239,8.40262902931666,138.0,153.0,160.0,-0.5491761135337484,-0.7110728562057553
7.48.jpg,7,4,8,123.37639591588227,52.32397776072233,58.0,118.0,198.0,0.2698999400117478,-0.7848656602541109,67.36326297586605,31.81643103667841,30.0,62.0,113.0,0.4748446541839341,-0.49024656596187954,40.69178683068496,22.24762879244843,16.0,36.0,72.0,0.7305699397775169,0.3477784481525861,9.513608052302228,3.806770874301863,8.0,10.0,11.0,38.775691997311995,1690.327749385327,172.122687414047,23.967739334383335,146.0,170.0,202.0,0.7223100510471534,1.5354423468931584,123.37639737477363,52.32397462280899,58.0,118.0,198.0,0.269900291987224,-0.7848662695429951,87.74605807554723,39.72996754577011,38.0,84.0,144.0,0.25163918784896866,-0.7479975619654895,149.31893942488557,7.361501079296447,139.0,150.0,159.0,-0.1378925048978726,-0.7417939580318027,153.9027872605716,9.944174456390673,140.0,155.0,167.0,-0.20995722917205498,-0.7783523029467934,81.08377780890079,36.507591461110465,37.0,76.0,134.0,0.4088188145609015,-0.6185773332163573,108.11956100986406,8.566187988486961,97.0,108.0,119.0,0.0011137934559703494,-0.945479975218833,165.08873366284826,14.863270521132204,146.0,165.0,186.0,0.05623899323673334,-0.8759467025679131
9.65.jpg,9,6,5,195.39169093289294,50.97760854055129,119.0,206.0,252.0,-0.7250409049363155,-0.38390957535855685,119.30101986231956,47.2878176252559,57.0,118.0,181.0,-0.014677898658543142,-0.9542229019990898,127.13485359538913,46.66293763905873,64.0,128.0,187.0,-0.10350856865842978,-0.9325754577220393,175.5987805613425,15.091333603968922,176.0,177.0,178.0,-11.481528791154776,130.31544294008452,105.17401558874047,26.63630092340877,69.0,108.0,135.0,-0.04904953641361921,0.4849016510604689,195.39169093289294,50.97760854055129,119.0,206.0,252.0,-0.7250409049363155,-0.38390957535855685,148.19616788143688,46.701267249160836,83.0,152.0,205.0,-0.37337973964600296,-0.730716168978887,158.833214190539,5.715667090431214,151.0,160.0,165.0,-0.9963085486278626,0.6776332201344792,136.8166217328128,2.165076307292822,134.0,137.0,139.0,-0.5977441018901742,0.3322318683878547,142.95958287378255,47.890385707024,76.0,146.0,203.0,-0.2596980050666676,-0.896485144701193,120.26541707758773,1.7320445580914214,119.0,120.0,123.0,1.3610536646132687,1.4413137086703438,173.94663715815744,8.82120250656756,161.0,176.0,183.0,-1.0422302668868548,0.7151344463194031
9.71.jpg,9,7,1,185.9068502730072,39.49533460396284,132.0,188.0,239.0,-0.2047515500489532,-0.6817199333597781,161.8147757489462,39.70144646535473,108.0,163.0,214.0,-0.11031779004937156,-0.6092127444323832,121.91034820818963,45.20642977802189,62.0,121.0,183.0,0.05702776108085134,-0.6573444812628226,18.5932999928028,1.380372122806556,17.0,19.0,20.0,-0.45258381163317785,1.6162439301727662,94.05097123260758,30.321120599005294,59.0,91.0,134.0,0.6136405503651775,0.4398858878135776,185.9068502730072,39.49533460396284,132.0,188.0,239.0,-0.2047515500489532,-0.6817199333597781,172.07424638535352,38.189190312398,120.0,174.0,222.0,-0.2151210571144874,-0.5702785441420519,131.1443407658985,0.9906999309353581,130.0,131.0,132.0,-0.4065408044796,2.87166912645756,152.2747758656575,4.423655020131349,146.0,153.0,157.0,-0.8173618817857855,0.20169711247075295,164.49180151685798,40.24635350369668,110.0,165.0,218.0,-0.12208821363154053,-0.6519105949656838,106.87987439917991,3.2020171943793434,104.0,106.0,111.0,1.185406644345048,1.2288703629046278,146.5476541999537,1.7390494695073024,146.0,147.0,147.0,-3.409944469902164,19.3596201164522
7.74.jpg,7,7,4,77.78035709770099,49.13436986455314,16.0,73.0,146.0,0.4352023042802027,-0.5542105528153365,60.45030529733179,42.406573895619694,8.0,55.0,120.0,0.5446977235184053,-0.37933786120946156,35.701482136361605,31.462700232614345,0.0,29.0,80.0,0.9576906481321327,0.6083448167728518,17.602914086860448,12.392286044757144,13.0,18.0,19.0,9.827968187487091,111.73793723531712,159.8952233951709,48.6719756776563,109.0,148.0,255.0,0.5390028980806405,-0.14263068948337,77.78775610837812,49.12296255745283,16.0,73.0,146.0,0.43612872284516285,-0.5544139600056788,66.68499082843633,47.32051564406553,7.0,62.0,132.0,0.4244305674826575,-0.6685421382066421,131.80193847757877,1.8574069995740883,130.0,132.0,134.0,-0.11134704147227084,0.04502691250190205,144.8773198804098,8.651696313092883,131.0,147.0,155.0,-0.49837751577694284,-0.9916875469560802,62.81530240872689,43.0770557200234,10.0,57.0,123.0,0.5439539686212399,-0.38107975816324746,114.71229495281945,6.874743910341916,106.0,114.0,125.0,0.25646169695234344,-0.9909655478727473,141.12526819286154,5.90334234822852,133.0,141.0,149.0,-0.144382573270343,-0.8711536441201062
4.8.jpg,4,8,-1,38.897140378416964,30.480874431380894,3.0,34.0,81.0,0.7825618233294683,0.3188069268434539,27.79275183868941,24.961544974615478,0.0,23.0,63.0,0.9873419020922456,0.9316416996518888,23.83501640766482,23.716281854052546,0.0,18.0,57.0,1.171565564717905,1.4748429711885596,11.683260583284218,23.877687334094972,0.0,8.0,13.0,5.68635009498844,32.57439809155763,133.45332714763396,69.25903683074439,66.0,113.0,255.0,0.5281450335675424,-0.6355498855540489,38.91992145328922,30.452911218487586,3.0,34.0,81.0,0.7858627715703372,0.32309887582813923,30.44655691913268,29.05555686884663,1.0,23.0,72.0,0.9964722799917783,0.6050377791191912,132.21870775293772,2.8635003550558933,128.0,132.0,136.0,0.0698573847898707,-0.8971400341717684,132.1405058268121,2.607281556947984,128.0,133.0,135.0,-0.2191752087108988,-1.2044789924270713,30.656006547504422,26.44514745714685,1.0,25.0,68.0,0.9372840038957232,0.7560658130766913,124.96548457562795,1.7594113560021623,123.0,125.0,128.0,0.39332975012442545,-0.8859548752111772,135.25542124029107,4.0122763521383975,129.0,135.0,140.0,-0.005491616292597817,-0.7312886265699818
9.75.jpg,9,7,5,193.16796799775915,38.168506994747986,140.0,195.0,244.0,-0.2978131710913348,-0.6269495235863491,158.35861203021267,40.159977354861745,104.0,159.0,211.0,-0.10970647729721729,-0.5974675665385156,115.01393678915518,45.177558505342155,56.0,114.0,176.0,0.07867804583430472,-0.6426144629375865,16.56345350707757,1.0106874769265786,15.0,17.0,17.0,1.5222761125355389,14.08697503139734,109.61196845293324,33.425635442786266,70.0,107.0,153.0,0.4759145226564784,0.24597592465893436,193.16796799775915,38.168506994747986,140.0,195.0,244.0,-0.2978131710913348,-0.6269495235863491,171.309236338455,38.0452287933286,119.0,173.0,221.0,-0.23397538424254297,-0.5567109048996914,135.28117650834778,1.6650843349205553,134.0,135.0,137.0,-1.5174525314589358,6.118139728779795,155.72658333479222,4.683299838797867,149.0,157.0,161.0,-0.9431427572231232,0.378426329126778,163.80677907910888,40.09684472180826,110.0,165.0,217.0,-0.1456712413108544,-0.6385371010754874,103.9561432942545,3.201992160368136,101.0,103.0,109.0,1.5037511325044437,2.173765062462838,153.64498851366204,2.998787818763987,150.0,155.0,156.0,-2.880442366533971,11.410316176642171
7.58.jpg,7,5,8,83.794729952511,48.07832154224359,23.0,81.0,150.0,0.35785459961008687,-0.5874733278051165,59.38332324499889,39.35428308438311,11.0,55.0,114.0,0.5221220357404418,-0.32221859894295823,58.063371964272534,39.86673267575922,9.0,54.0,113.0,0.5422419114593208,-0.32733556527102037,26.13842179080239,59.9938094815802,0.0,2.0,179.0,2.138434525521519,2.589626191879982,98.23792377156074,46.243381547957036,60.0,83.0,157.0,1.8670627370485757,3.436284409277535,83.79635294407126,48.07556129464602,23.0,81.0,150.0,0.3581081562479241,-0.587633482205133,69.06153736374597,45.382403312502944,10.0,66.0,131.0,0.3607846501942382,-0.6601422359432751,138.218379961123,4.131835860781435,132.0,139.0,143.0,-0.5333030316467403,-0.4661234479243923,132.9097394257031,1.7405910538138107,130.0,133.0,135.0,-0.7350115261251982,0.13471230819204383,66.55452867793608,41.97479144999602,14.0,63.0,125.0,0.4695849119646466,-0.4237620771758621,124.160808050983,1.4192656478090537,123.0,124.0,126.0,0.40495685841779777,-0.3902539998704482,143.12675229448095,6.115454230009676,134.0,144.0,152.0,-0.213828894236446,-0.8217088469423928
7.64.jpg,7,6,4,169.4776833388771,54.72159052641563,99.0,167.0,246.0,-0.04513854024264711,-1.063553649941914,33.919766810805136,28.561092249822998,0.0,29.0,75.0,0.5991275165598845,-0.5499424930585621,17.185191182849664,13.49388344030655,0.0,15.0,36.0,0.6641487510512417,0.3530784425990934,31.312334537405,64.20651479248346,0.0,4.0,178.0,1.849768212846936,1.431013027947273,233.53021023597083,16.46512034655512,212.0,233.0,255.0,-0.3651998559539986,-0.3651840573508278,169.4776833388771,54.72159052641563,99.0,167.0,246.0,-0.04513854024264711,-1.063553649941914,94.5542401218466,36.34308865559462,48.0,93.0,145.0,0.011608516650299877,-1.004483502939735,180.10176739825206,9.655937537434722,167.0,181.0,192.0,-0.47821444156111664,0.04883052315716396,170.80344356716444,12.887145057641794,154.0,171.0,188.0,-0.22354147486675852,-0.6064064036683847,72.5317527704347,33.70778160200427,31.0,69.0,121.0,0.27486591788988557,-1.0339089714016112,100.77422489102082,12.133633200880128,84.0,102.0,116.0,-0.36833065739553383,-0.7267311934455405,213.02451521040132,20.038849723479505,187.0,213.0,239.0,-0.36095281725637834,-0.4541055446951203
8.1.jpg,8,1,-1,111.6326453201683,39.5573468906987,65.0,106.0,168.0,0.6255701291586372,-0.02470125597548467,94.37195553688174,38.508033821236666,50.0,89.0,149.0,0.7056965516082165,0.20483938877721286,83.57746324080071,38.88745045343443,38.0,78.0,139.0,0.7147202468957751,0.27912375540738354,11.543589728626756,1.4195166261794723,10.0,11.0,13.0,19.546359052504222,2180.9403526601463,72.1156983518418,25.41579793841255,45.0,68.0,104.0,1.1716490202403453,2.2015568006807227,111.6326749842926,39.55742851813145,65.0,106.0,168.0,0.625581873614216,-0.024656926519496913,104.39745647154481,40.13213416861658,56.0,100.0,161.0,0.5315134210149349,-0.094466135260181,133.23016685826772,0.8746754581007423,132.0,133.0,134.0,-0.26197102755784335,1.1912391298123746,136.91577771553176,1.1279504176481963,136.0,137.0,138.0,-0.3889829059838905,2.3860072567662174,98.29966114816695,38.84305264633077,53.0,92.0,154.0,0.6832548859866736,0.1367969917724463,120.64478037849477,0.6846163005214709,120.0,121.0,121.0,1.2103740899201234,6.174333607869178,139.52027324062564,1.215161626561857,138.0,139.0,141.0,0.0661288686289651,3.2080725888772124
4.35.jpg,4,3,5,37.45056962181049,29.636435046402266,3.0,33.0,78.0,0.8033779004887387,0.40979312550730196,30.563948229620333,26.655097475774717,0.0,25.0,68.0,0.9260951553514825,0.7383465844647175,22.974089220245563,22.90784075281457,0.0,17.0,55.0,1.1993218156538465,1.6389952353284558,17.24647375802761,21.030062122706063,0.0,16.0,20.0,5.78247202668391,36.011591099597936,132.09302969907236,69.72026840995487,65.0,112.0,255.0,0.5359647217684178,-0.6027388826670808,37.47332496739745,29.609031011549614,3.0,33.0,78.0,0.8066620674195795,0.41452834252402315,32.074356930193645,30.08390162079001,1.0,25.0,75.0,0.9546432439760549,0.4946517767548144,129.6269909697104,1.3039935642902496,128.0,130.0,131.0,0.07427600622271728,-0.500795940319116,133.55461971900297,3.722348939264426,128.0,134.0,138.0,-0.09820506079377302,-1.2952853564616025,31.766572672916514,27.124186577851354,1.0,27.0,70.0,0.9119667334799495,0.6924627966274111,123.82174355945966,2.7089800316673713,120.0,124.0,128.0,0.07863152795551775,-1.1109553147696019,133.0631234467656,2.626730791396016,129.0,133.0,137.0,-0.0864378371906201,-0.4097642134239545
12.5.jpg,12,5,-1,242.7209320759635,14.699509265149334,221.0,248.0,255.0,-1.4487139160682754,1.8305877914756765,213.62639008031684,27.518038367041832,175.0,218.0,246.0,-0.7573122926545368,0.10339026818191588,212.6299604737701,29.2231008992948,172.0,218.0,246.0,-0.87031012576696,0.3805362371095491,55.518329997335094,80.4029813789177,0.0,3.0,179.0,0.8441126947096169,-1.2804774917857442,33.166552873140645,19.374807097972088,10.0,32.0,58.0,0.6945291895375143,0.47544431877916304,242.72184777344,14.700151056498195,221.0,248.0,255.0,-1.448616753584605,1.8301973154831614,224.04356590006788,22.106525431146604,193.0,229.0,249.0,-0.9076040848545597,0.42779835316591264,138.1208321905351,5.2886846464921415,131.0,138.0,145.0,0.07235492924442731,-0.7508843666863503,132.39399403605213,3.187267096616094,129.0,132.0,137.0,1.0396325517162495,1.4912718685664696,222.22755155235765,23.64664111057756,189.0,227.0,248.0,-0.9216276195659197,0.42617954797273416,123.44828667798767,3.01792596255321,119.0,124.0,127.0,-0.6991059559249647,0.2558283787676512,145.99613393789792,9.164119519893642,133.0,146.0,158.0,0.06610622236187136,-0.8129679998266561
10.88.jpg,10,8,8,210.38803008817538,27.98162327896333,172.0,212.0,247.0,-0.3622990543957403,-0.5063025886090364,171.65905952082227,33.46504025313197,128.0,171.0,217.0,0.0386477299561367,-0.6091198739443215,169.48156204470433,36.773795287767896,121.0,169.0,219.0,-0.06692631365556556,-0.5849501051581951,54.62398534105962,80.0491538052954,1.0,4.0,179.0,0.8831237419258118,-1.216630056679964,52.63337330695658,18.429332398435072,30.0,52.0,77.0,0.1652751331032943,-0.02537542251151592,210.38808358085856,27.981696433206594,172.0,212.0,247.0,-0.3622910712698035,-0.506305528954472,187.33067134289976,30.18331556523646,147.0,188.0,227.0,-0.12838543629654914,-0.5805559014891726,141.92598606466973,2.9511762800198365,138.0,143.0,145.0,-1.5027084409347453,2.4399174003811686,134.6831910427961,3.2332924446388684,131.0,135.0,139.0,0.2454609198569147,-0.03224761522104247,183.02327126236898,32.080770357685516,141.0,183.0,226.0,-0.09068262121165169,-0.6274829996172646,121.45636407314687,2.6863209561570165,118.0,121.0,125.0,0.2131858721477883,-0.3667418884482432,151.96459659708728,5.08231690157548,146.0,153.0,156.0,-1.5794073869727232,2.556188891168314
10.77.jpg,10,7,7,197.00270527087721,33.41505148355515,152.0,200.0,239.0,-0.4716505021172897,-0.3348824416119953,203.38550134315264,32.155032748614765,159.0,207.0,242.0,-0.651998457011715,0.03951845757864092,138.34689907778613,48.899165070822306,73.0,140.0,202.0,-0.22658131804127332,-0.5104323311830767,32.89556039907487,1.2804484846873325,31.0,33.0,34.0,3.1661035419934254,127.1104414904049,87.51562083608091,39.45360862515454,41.0,83.0,140.0,0.7601079885440274,0.7028482406416883,203.39865811172774,32.15946300996371,159.0,207.0,242.0,-0.6501824462415934,0.03408845909466862,203.71181838164208,30.75594792316815,162.0,207.0,241.0,-0.6497675322062717,0.051547908886688365,115.80287119545449,3.325654622043336,112.0,115.0,121.0,0.6837761339450352,-0.3947926890200466,159.82860360754654,9.633846086144802,147.0,161.0,172.0,-0.37418449113613667,-0.5239055421754957,194.0642495754626,34.341348859421565,147.0,197.0,237.0,-0.5343095561944033,-0.1887349754920411,100.58095388152636,7.859773351022147,91.0,100.0,111.0,0.48458205095231494,-0.3016131991019999,130.83116979744753,1.6841538918124017,129.0,131.0,133.0,0.5152321699926433,1.629350577122243
6.24.jpg,6,2,4,73.749374621904,46.20256411622193,15.0,70.0,136.0,0.4375477207801026,-0.4271262283458461,59.59014052041572,40.71776710359875,9.0,55.0,115.0,0.5650385044175525,-0.17744819960721703,58.737253666193986,41.72573252097677,7.0,54.0,116.0,0.5851119655785473,-0.21577526980105066,43.39915510738413,72.42073485559482,0.0,5.0,177.0,1.2967272982406046,-0.2986350957243671,75.0734683099619,52.10996293782162,38.0,58.0,128.0,2.2770133019259777,4.928072974541392,73.75408003283478,46.195307925434506,15.0,70.0,136.0,0.43817677509764597,-0.42719182632285246,66.28054675357768,45.975295209873956,8.0,63.0,128.0,0.4271663323788865,-0.5510760187099937,133.8263034221701,2.817870806012869,130.0,134.0,137.0,-0.43145648744164705,-0.6290069858095042,130.78462921789807,1.0995859159687407,130.0,131.0,132.0,-0.4531740500655923,0.8584305514981243,63.713214540672915,42.44987794589592,11.0,60.0,121.0,0.5272775594894668,-0.2657609859382597,125.91497143490719,0.6883589978702269,125.0,126.0,127.0,0.9613467360617552,2.398210397160181,136.79381099381624,3.739727396354835,132.0,138.0,141.0,-0.30499095302457524,-0.7546753476307346
10.63.jpg,10,6,3,245.13006259616526,15.111409043781089,228.0,251.0,255.0,-2.93304487217468,12.206844937815736,138.6136014386614,37.815210051170794,93.0,133.0,194.0,0.1702529407402953,-0.7072000197227064,91.33410119648543,24.92019469803363,59.0,91.0,125.0,-0.2790455038674572,-0.29076560886472214,9.62277446123142,4.1389085701409565,6.0,8.0,16.0,0.9816381782465949,-0.15602111648329764,160.9888064128974,22.780008959943807,130.0,162.0,189.0,0.1507803208252096,-0.35875891492550194,245.13006259616526,15.111409043781089,228.0,251.0,255.0,-2.93304487217468,12.206844937815736,175.62164236153663,24.947602883362595,146.0,174.0,211.0,-0.24370302875547742,0.1959610886529517,164.20493581850613,14.65149392040399,141.0,169.0,180.0,-0.6692971106814377,-0.8428874936615536,171.38950308215115,2.2707356405690935,168.0,172.0,174.0,-0.4095160218447402,0.727464876245234,165.07687530758292,28.17471330863969,130.0,164.0,204.0,-0.24330504278969725,-0.0814561962117688,91.81389506486231,2.387449639242629,88.0,92.0,94.0,-0.34270994668852683,3.1420874978744084,198.21027341569263,17.244216452454268,171.0,203.0,217.0,-0.6317088253411106,-0.8811606272080184
8.21.jpg,8,2,1,111.04068443051202,35.00259069849559,72.0,104.0,162.0,0.6894666358816831,-0.08858468825924071,92.70499715018524,33.01505556990233,56.0,86.0,141.0,0.7649148060275471,0.2602424135830721,80.48273772204807,34.518002144297235,41.0,75.0,130.0,0.7163999727507728,0.3129751272108807,12.042489313194642,2.697938729687303,9.0,12.0,15.0,19.624755718681566,1176.6429581709265,76.91904958677686,25.324987860885464,51.0,72.0,110.0,1.3340489218496367,2.8050084604224352,111.0406982046167,35.00263071939387,72.0,104.0,162.0,0.6894731065750452,-0.08855991625425697,103.17804977676451,34.75737336078765,63.0,97.0,153.0,0.6132851977866236,-0.04637800443025597,133.4312363446376,1.3082355889248052,132.0,133.0,135.0,0.23885870781191523,-0.21441108869396563,137.9500664956778,1.7886136080960857,136.0,138.0,140.0,0.3843044708650374,1.9296406752031494,96.7760639308445,33.75341477253494,59.0,90.0,146.0,0.7350090813035105,0.1510492471853544,119.90716300940439,0.973145442458534,119.0,120.0,121.0,0.9021706666300549,3.84104719087665,140.41616034957727,1.9769293664404273,138.0,140.0,143.0,0.5853017270628317,-0.3253901067097842
6.18.jpg,6,1,8,44.64362146600723,32.88265845713807,7.0,39.0,90.0,0.8231584601147791,0.4090451253243179,44.030204965429,32.811217843557245,6.0,38.0,89.0,0.7817714758488468,0.27933895365525174,38.34591766934869,31.65292593447863,2.0,32.0,83.0,0.8728335039855047,0.4478557259654603,27.13113850545016,13.049671299353465,21.0,25.0,34.0,7.401520430914837,77.13947670094616,67.40082133805763,62.317083756343045,20.0,44.0,153.0,1.8391344599973116,2.7117684641295776,44.765073201938925,32.91346402673977,7.0,39.0,90.0,0.8166301684852355,0.38907940536003505,45.30418444428041,36.56971355196454,5.0,39.0,97.0,0.7458123121533554,-0.037925982433832495,127.00027410742845,0.923118495033662,126.0,127.0,128.0,0.14485968314992537,-0.9090512795800008,131.41542973844147,1.489154052415812,130.0,132.0,133.0,-0.3915044275734962,-0.4309756500342443,43.64489062769125,32.66417613212017,6.0,38.0,89.0,0.8021396355503407,0.3341887863870139,125.7598592554317,0.792108974770043,125.0,126.0,127.0,0.9606358569129865,1.5126786404850225,128.99800792303338,0.6794338391695944,128.0,129.0,129.0,1.8111988488796265,6.02190177108309
8.35.jpg,8,3,5,158.01933079680757,44.91753645160948,100.0,156.0,221.0,0.17981812861130886,-0.7068167584119598,113.05452655085014,40.29491662023301,64.0,109.0,169.0,0.4307862591416993,-0.2805440402118724,68.70924489728432,38.759691150549756,23.0,63.0,124.0,0.6605737196504915,0.1590705799296721,14.937397512882011,0.8839153504570076,14.0,15.0,16.0,0.7745907752198067,6.234847006127502,153.25577186051441,33.87703828217035,112.0,151.0,197.0,0.39935030284549683,0.5500734694525375,158.01933079680757,44.91753645160948,100.0,156.0,221.0,0.17981812861130886,-0.7068167584119598,129.80882638998307,41.04858118526737,78.0,128.0,187.0,0.24099811322691142,-0.509947500830326,140.86520427396812,1.8630743375710355,139.0,141.0,143.0,-1.1187283899425675,5.84918990985641,159.45856991688208,2.5096484201909566,156.0,160.0,162.0,-1.0518245405685214,3.2475610576551306,121.45475637486895,41.39968791065125,70.0,118.0,180.0,0.3654686094274522,-0.4238146098707736,101.88641217765796,2.5744224214857003,99.0,102.0,105.0,0.4779296460094941,0.04414259462214254,160.10575649352543,4.464528159146857,153.0,161.0,165.0,-0.5519873224584727,-0.1219691587927274
10.7.jpg,10,7,-1,213.49172857229001,30.545094425161523,172.0,217.0,252.0,-0.6318861442210612,-0.10056933828990688,190.09194954570123,35.644788223646884,142.0,193.0,235.0,-0.43256644079211193,-0.32665361600731835,157.0653077579952,45.44271127869819,95.0,160.0,216.0,-0.31310085778399416,-0.4936586875906115,17.51140123597276,1.9238269080700212,16.0,18.0,19.0,18.331301262292474,1266.7901555550814,71.65337178970957,31.775200891795528,34.0,67.0,115.0,0.7049224466808869,0.5181789598690987,213.49220757495297,30.545670410761964,172.0,217.0,252.0,-0.6318288608246174,-0.1006367243976638,199.0890123110979,32.5439509266928,155.0,202.0,240.0,-0.5382834449854119,-0.17094895556448853,131.5574025120164,1.6461348628930268,130.0,132.0,133.0,-0.3700069613293394,0.9578084724470544,148.01219146879237,6.989458880085889,139.0,148.0,158.0,0.040370453751943584,-0.5132191618407624,193.33582220199227,35.11763026934341,146.0,196.0,238.0,-0.47351221164056817,-0.3103142991010701,110.14718365886063,5.693443617014087,103.0,110.0,118.0,0.19094031099646092,-0.4670145722595591,145.68191791693656,5.049656826291129,139.0,146.0,152.0,-0.7110504253735737,0.36963570462507844
5.61.jpg,5,6,1,74.82687287609733,44.36904430321488,20.0,71.0,136.0,0.44242617796795886,-0.503860784848901,19.69281389020189,15.326586021551726,1.0,18.0,40.0,1.1556831208506446,2.1545591859248177,31.20742857754202,23.472439389900945,3.0,28.0,63.0,0.7925385129048694,0.48659357122764924,139.02315990032855,69.43153305784197,0.0,173.0,178.0,-1.4731058080746275,0.18263446242226422,191.98091624212927,34.55242859932691,151.0,189.0,250.0,-0.055790847396226674,0.8738476965880535,74.82962045482397,44.364520419026086,20.0,71.0,136.0,0.4428796477243385,-0.5040593404407074,41.01681566810416,29.006835572142,6.0,38.0,81.0,0.5660285579519319,-0.2646651299450742,152.9697732299271,14.42343005125274,132.0,153.0,172.0,0.053516534368205436,-1.0870269850412069,134.35883475429353,3.7493841322885957,130.0,134.0,139.0,0.5017949725234713,0.03989510643770089,37.49756997329256,23.87381489551361,8.0,35.0,69.0,0.7197778241635271,0.4342378439282202,125.15690571087886,2.0309532424661323,123.0,125.0,127.0,-0.39121523441790557,1.9054939184555897,160.74039320039915,19.26378039369264,138.0,159.0,189.0,0.3299276031022669,-0.9357723357503636
5.75.jpg,5,7,5,39.609103122462535,27.882338806274173,7.0,34.0,78.0,0.8060400523754858,0.46206588067549204,32.86576905095839,25.299747504733325,4.0,28.0,68.0,0.896693276486322,0.7230792085901583,23.910810265495435,21.49749688221699,1.0,18.0,54.0,1.1379151220001649,1.553388965640516,17.597629979577274,13.759845600300588,13.0,17.0,21.0,9.053807139608619,93.01207414923697,128.57030880145666,57.41754395381056,73.0,112.0,234.0,0.8810859671244005,0.1309326138246374,39.61402032430304,27.87570672641131,7.0,34.0,78.0,0.8070528510885389,0.46304229734975877,34.108786693240816,28.92267846347454,3.0,27.0,75.0,0.9000060296741941,0.3890870928638197,129.34368445658325,1.1632412584563636,128.0,129.0,131.0,0.20716085764596562,-0.36969907730757035,134.30309638050244,3.7058788381342107,130.0,135.0,139.0,-0.06766568174379085,-1.24035209548482,33.86113038557122,25.645428480731955,5.0,29.0,70.0,0.8906093459874403,0.6956922018632774,123.26440392706873,2.617281116640111,120.0,123.0,126.0,-0.01192765422541408,-1.017817836704181,133.14409881646614,2.259593096351102,131.0,133.0,137.0,0.13790127525481422,-0.047949664114159685
5.74.jpg,5,7,4,43.16666371398342,30.580116104752083,8.0,37.0,86.0,0.7826830648112648,0.28429183606265696,33.40347826086956,25.921003003369627,4.0,28.0,70.0,0.8872434831594006,0.6235893882031149,20.04206195713688,18.108241199541283,0.0,16.0,45.0,1.205880162535393,2.2022135399783824,17.464589453999654,14.49100978815393,12.0,17.0,20.0,8.638567601960128,83.92932136319575,154.6818026131247,51.04473484106586,104.0,143.0,255.0,0.4628651304137213,0.19006408811911513,43.17324229226643,30.57124637539068,8.0,37.0,86.0,0.7838956589751825,0.2853048214887295,35.385357643758766,29.9443173564044,3.0,28.0,78.0,0.8717054439312865,0.25960605863097896,130.1647926970301,1.6106571220210775,128.0,130.0,132.0,0.20448397001583132,-0.3560493529804223,137.39306021013263,6.702011387443839,130.0,136.0,147.0,0.3831252138189926,-0.9760791075702513,34.79710046504761,26.35477213857088,5.0,29.0,72.0,0.8720211021791456,0.5874540802834431,120.90113530670997,4.855808952084396,114.0,122.0,126.0,-0.5178436370792188,-0.5791850514028463,135.39362958588617,4.05954077814725,131.0,135.0,141.0,0.46256205197215683,-0.38358444353675036
5.48.jpg,5,4,8,93.22133424368154,63.69237760325752,10.0,89.0,182.0,0.3039579592212757,-0.9067252110417598,48.07076595686739,40.53323367688169,0.0,43.0,105.0,0.628555357257723,-0.26956892815525135,21.718899354002907,28.483756252719452,0.0,10.0,63.0,1.702857808675017,3.0879858004873233,14.022038499170376,24.685338753935152,0.0,11.0,14.0,5.307700787300206,28.543047107586503,212.4236742081624,45.069521784580154,155.0,220.0,255.0,-1.3690272735141022,3.2477536232333266,93.26086144616983,63.6357974655436,10.0,89.0,182.0,0.3067272163687775,-0.9073346370662949,63.448914973866394,50.01679951436777,2.0,60.0,133.0,0.41213492626978326,-0.8080883039341842,145.0560510923206,9.498438896245185,130.0,146.0,157.0,-0.22564600019954226,-1.0243451918917454,150.9486343804283,14.622221248622107,129.0,155.0,168.0,-0.3195713991183135,-1.341943620743915,58.56613008642472,45.522393778995365,3.0,53.0,123.0,0.5628314052078327,-0.46604984457659127,109.88023328645428,11.4467118196494,97.0,108.0,127.0,0.23443051888169286,-1.3134811576109597,158.39795930276665,17.325539356075215,133.0,159.0,181.0,-0.08536425839093449,-1.1165775960585218
10.6.jpg,10,6,-1,227.67924474166924,34.33925309620175,184.0,240.0,255.0,-2.2516716392916747,5.819238257480933,179.32342016654704,38.107710984259874,128.0,185.0,224.0,-0.7702639824643246,0.4620811946212968,183.5670866328593,37.248625861401734,133.0,189.0,226.0,-0.872634803102572,0.7098045572446976,164.7201938769357,44.876753172856596,174.0,177.0,179.0,-3.3541633380861184,9.306508994503305,55.70239929272947,20.449982799014084,27.0,57.0,81.0,0.0025492519660744134,0.646659528136162,227.7038912522929,34.21942543067125,184.0,240.0,255.0,-2.2257898236371485,5.606764596642515,197.18782642694163,34.52310202964316,151.0,204.0,233.0,-1.29639464837659,2.087958337633615,146.30457129018515,6.486560597596397,137.0,147.0,154.0,-0.36525578987096624,-0.6903566387086606,132.75559047168875,2.1138791978780804,130.0,133.0,136.0,-0.3365321212655379,0.23951964054128494,194.2808574974372,36.17112437883902,145.0,202.0,232.0,-1.2079789057709378,1.6455018274031108,122.86271832309191,2.1127262083576617,120.0,123.0,126.0,0.35709663113690243,-0.3760078126945512,157.28697122482683,9.85873764767313,144.0,159.0,170.0,-0.46118339833765687,-0.5014149490664113
8.34.jpg,8,3,4,160.98636228357347,45.39179281531065,102.0,159.0,225.0,0.1398608043679717,-0.73898246208894,113.59234587785383,39.94662935010235,64.0,110.0,169.0,0.4080544888891332,-0.2902676258853485,52.533264181882906,36.849685596156824,9.0,46.0,105.0,0.8249243384447166,0.40936441439104465,16.929144078165454,0.9110271996793342,16.0,17.0,18.0,0.5354984396950827,5.662134044582704,181.61511430900097,36.30158080606397,135.0,181.0,232.0,0.01055554184826694,-0.16063695459424476,160.98636228357347,45.39179281531065,102.0,159.0,225.0,0.1398608043679717,-0.73898246208894,130.57089190782142,40.72543634753674,79.0,129.0,186.0,0.2125235620630575,-0.5288347113118115,140.70142961627266,2.1091104291640983,138.0,141.0,143.0,-1.2181500312839115,6.813141664438309,168.0667418482014,3.759673573726398,163.0,169.0,172.0,-1.1838097067284046,2.178211025171798,120.80372513319678,41.08341947030061,69.0,118.0,178.0,0.3518754968060786,-0.44943018089267106,94.4882286919191,3.6436521833869815,91.0,93.0,99.0,1.0484625989425977,1.1773589066784949,163.20704829319436,5.179210896956979,156.0,164.0,170.0,-0.5836923674021022,-0.044167890796958265
8.08.jpg,8,0,8,142.4849384056068,43.098434802028635,88.0,139.0,203.0,0.32267853816982495,-0.5322562349672775,106.98025828212624,40.911437727217766,58.0,102.0,165.0,0.5231507909892117,-0.2013563867225452,103.32926788941215,43.00807293552508,51.0,98.0,164.0,0.45482254165401687,-0.25451988555284144,13.06676470416601,41.03436139740444,1.0,3.0,7.0,3.7771438858746023,12.31036429931018,77.14142492836844,24.56883393374662,49.0,74.0,108.0,0.9837985305415607,1.685159939035315,142.4849384056068,43.098434802028635,88.0,139.0,203.0,0.32267853816982495,-0.5322562349672775,122.87685984333451,41.845254238177915,71.0,119.0,182.0,0.3330632871507558,-0.42821501650957394,141.73575246698528,1.598591088411605,140.0,142.0,144.0,-0.6009545039719134,1.2585607795623979,135.78425720060144,1.833641531583707,134.0,136.0,138.0,0.37664728719392165,1.1270024812959614,117.19366491016147,41.77032678991531,66.0,112.0,176.0,0.45187952216929794,-0.32711538891163405,121.10994253913233,1.0317178403627592,120.0,121.0,122.0,0.9387294144790388,3.0617343863788795,150.26368391465292,2.5640012749316683,146.0,150.0,153.0,-0.6936058386712713,0.26426397996814677
6.25.jpg,6,2,5,83.81679728607304,51.03738197647423,18.0,81.0,153.0,0.3305390164217626,-0.6288551364583608,67.69783004499222,45.08680203746738,11.0,64.0,129.0,0.4546186178768332,-0.42790161617554645,64.68912046357732,45.300846676170735,8.0,60.0,127.0,0.5028191659078319,-0.42254296444620465,8.186358295937085,21.69700669215049,1.0,5.0,11.0,7.027535727435956,49.51326540330335,80.8078382342357,52.66871911923684,41.0,63.0,143.0,2.0903894749055887,4.038080480018968,83.82278263102303,51.027875467325075,18.0,81.0,153.0,0.33126159106214775,-0.6291346411100549,75.33361003639448,50.25965617458653,9.0,73.0,143.0,0.31090926287738996,-0.7238475298743778,134.1766770928769,2.809137482601725,130.0,135.0,138.0,-0.5035627539449407,-0.5347665367417429,132.2929235015727,1.596113063018059,130.0,133.0,134.0,-0.9415935933547519,0.9034215593166568,72.19709914042122,46.89532918622312,13.0,69.0,136.0,0.420805456112037,-0.4985367745131084,124.6904320069093,1.162939202753041,124.0,124.0,126.0,1.1950956673520687,1.0738159776679224,138.20349637903163,4.229322775860931,132.0,139.0,143.0,-0.36983772519964886,-0.7146303496546107
10.76.jpg,10,7,6,216.67386726811895,28.764421118306107,177.0,220.0,252.0,-0.6779484506252863,0.014539735478440452,190.11379644380642,35.711189050128965,142.0,193.0,235.0,-0.44516108926639925,-0.31024847773374375,162.16016681936395,43.807032151278726,102.0,165.0,218.0,-0.3342245130001518,-0.47665420004184655,15.487470554709398,1.889862199373812,14.0,15.0,17.0,20.64380717584539,1406.712437878444,67.87301031533451,30.16285337870932,32.0,64.0,109.0,0.640065668985707,0.3255315127096394,216.67418287494968,28.764792174214822,177.0,220.0,252.0,-0.6779092181262639,0.014487146171023202,200.122813365001,32.03630783137498,157.0,203.0,240.0,-0.5530923915047229,-0.14215903931507112,133.46818012056278,2.4819302197403363,130.0,133.0,137.0,-0.004685363281136569,0.2211912755074401,145.88803835522643,6.327350885881861,138.0,146.0,155.0,0.06226414658787153,-0.519092758053822,194.87854340396314,34.446746240197996,148.0,198.0,238.0,-0.49457575185399044,-0.2743450376570933,111.91065311648372,5.201785579693531,105.0,111.0,119.0,0.1837025202782813,-0.4949153174905061,147.11837249970336,6.059671902581603,139.0,147.0,155.0,-0.4682257262499601,-0.13054758801894817
6.31.jpg,6,3,1,63.28569621810487,41.509168301087925,14.0,57.0,121.0,0.6037788074859859,-0.1902465053620248,44.93636770748751,33.61161633254834,5.0,39.0,92.0,0.7277110670543381,0.10842054851292016,21.517425752319088,22.690158851472514,0.0,15.0,53.0,1.3316257386994506,2.0238332960445415,16.738690977092098,12.689120150803213,11.0,17.0,19.0,9.667719341148588,108.29582317776965,190.07919637804187,45.9129041530845,135.0,184.0,255.0,-0.15907642906554886,-0.1412012104875342,63.29274279668315,41.49871373775049,14.0,57.0,121.0,0.6048478856604143,-0.1900470970918251,50.3512487389582,38.85243421747314,5.0,45.0,105.0,0.632101640528765,-0.29079387076002616,132.89466646982112,2.5850081654555797,130.0,133.0,136.0,0.041313330286137324,-0.43850083610913027,144.36719913387958,9.391620201988074,130.0,146.0,156.0,-0.24217243985072334,-1.2208932760881088,47.75526340395167,34.596774223313396,7.0,42.0,96.0,0.73049976757587,0.0978893923030082,115.15156516817991,7.039008518791982,106.0,115.0,125.0,0.08545246483803846,-0.9705531670112464,141.62878078787432,6.6353425655746285,133.0,141.0,150.0,0.15784671139299516,-0.7391178191167036
12.4.jpg,12,4,-1,236.57525125866817,18.639109103301028,210.0,241.0,255.0,-1.0562354118574737,0.6967394497539692,195.83525553339032,31.931629300582777,153.0,197.0,239.0,-0.27305523373072954,-0.4313173400600965,176.11158877172983,40.21491512984594,122.0,178.0,230.0,-0.3501684487720086,-0.2773008935467791,10.280670181438207,7.165063406917066,8.0,10.0,12.0,18.730894475695273,406.1583737985999,67.22513869098509,31.97601155170356,24.0,67.0,109.0,0.36323915107784727,0.07423065910894966,236.5760430322029,18.63979553275331,210.0,241.0,255.0,-1.0561487292166862,0.6964901621982307,209.45134131281466,26.275595808230168,174.0,211.0,244.0,-0.4467534954606882,-0.2606188715990263,139.9981552199107,5.46180041876461,131.0,141.0,146.0,-0.47517297301942185,-0.47647111850586477,143.6993967892087,7.414782360344687,134.0,143.0,154.0,0.4625563233164863,0.15057907873830656,205.77782891612046,28.503951973068812,167.0,208.0,243.0,-0.45625120139781883,-0.2821549670752801,113.42206896551724,6.347856363834677,105.0,113.0,122.0,-0.17210079811069778,-0.16188308139713303,155.0261537000095,10.853911297736632,138.0,158.0,167.0,-0.5170933862569338,-0.4371729256155108
4.08.jpg,4,0,8,38.09925178325154,30.062736611376224,3.0,33.0,80.0,0.7981470477041971,0.3672311805372921,28.88599396213496,25.762644279877723,0.0,24.0,65.0,0.9702922355194322,0.8648386326743989,25.591472974523867,24.978112756173655,0.0,19.0,61.0,1.111320908232417,1.2288404001671793,11.698620277811818,23.77471136482993,0.0,8.0,14.0,5.700265930567725,32.848548316867166,121.0643896290331,72.02189212629762,53.0,98.0,255.0,0.72400838318536,-0.549282469847626,38.120321578559356,30.03710813305748,3.0,33.0,80.0,0.8012076150144276,0.3714092684398076,31.1455759605827,29.635386945697224,1.0,24.0,74.0,0.985248766197816,0.5678675999208878,131.45706336840507,2.352308879097529,128.0,132.0,135.0,0.00810093665288375,-0.8741271668002715,131.38985175718602,2.0319622716405425,128.0,132.0,134.0,-0.2763120434625052,-0.8866950790782848,31.247679876441627,26.945113457271916,1.0,26.0,69.0,0.927450984896632,0.7164583307236434,125.55466222774656,1.3270912055306143,124.0,125.0,128.0,0.617646258159633,-0.5291036026468405,134.08162643044298,3.2091934861940183,129.0,134.0,138.0,-0.10564877949819881,-0.7213720145806968
4.34.jpg,4,3,4,39.872568096257474,31.455335193488818,3.0,34.0,84.0,0.7798950715632221,0.244872520128399,29.309180384340937,25.987326580594846,0.0,24.0,66.0,0.9506394208058101,0.7793255229587253,19.843463989567187,20.597208099164003,0.0,14.0,49.0,1.3275028510213054,2.2817959989652437,15.975190571098151,21.688388253023277,0.0,14.0,17.0,5.721160817797952,34.50453957197803,155.14983637213652,64.43062254252847,90.0,141.0,255.0,0.07389339122491374,-0.41227482896934164,39.89937304692306,31.4227367143468,3.0,34.0,84.0,0.7835580342526393,0.24951201681042745,31.658747570187742,29.92923237297531,1.0,24.0,75.0,0.9626831222795431,0.47670779831905863,131.11343175610835,2.1885305907895303,128.0,131.0,134.0,0.09908685315041281,-0.7582263385649481,135.2769144460028,5.34061032242265,128.0,135.0,142.0,0.15144115448029025,-1.2460836903340449,31.37660933540021,26.939681353818013,1.0,26.0,69.0,0.9223287552155723,0.6827404481192376,122.49307202086563,3.8086434075851012,118.0,122.0,128.0,-0.09278702742039205,-1.0680332914201318,135.48386309391992,4.439574615603061,129.0,135.0,141.0,0.201931922522841,-0.6902690280910031
7.71.jpg,7,7,1,68.86961644773571,44.7557016631931,14.0,63.0,131.0,0.5300222941343269,-0.3509612008093339,61.47215948989378,42.67653684630541,9.0,56.0,121.0,0.5521159724525254,-0.33594955829166695,45.94853663470722,37.33023078588217,2.0,39.0,99.0,0.7684843845940705,0.04435142001073311,20.49425488582716,12.708428023442968,16.0,21.0,22.0,9.3063429982236,102.31711481843729,113.50815228491565,57.0957242763548,61.0,96.0,208.0,1.1905699971675405,0.6572895716304199,68.87515488563264,44.747445388009226,14.0,63.0,131.0,0.530770878228292,-0.3509155028078803,65.45982748123379,46.81092623100166,7.0,61.0,131.0,0.45647551693940697,-0.6025927913835307,128.36261814588525,1.0257424087046694,127.0,128.0,130.0,0.3879290284191678,0.5044696114701943,138.0904181960711,4.403732195579424,130.0,140.0,142.0,-0.8872254711410426,-0.335449006984077,61.87688707597323,42.7008431135768,10.0,56.0,121.0,0.5695387123064464,-0.3104476414733095,120.33544191764462,3.2686860733668834,117.0,119.0,126.0,0.7340082931088777,-0.278105867013545,134.17420475832006,2.1898127054739542,132.0,134.0,137.0,-0.07570836527067112,0.0963045083234415
7.65.jpg,7,6,5,148.66891044157722,52.04327068696834,79.0,148.0,219.0,-0.008035357058467746,-0.8257581795913222,54.67276629143981,33.56479692530376,16.0,49.0,103.0,0.7036468960689813,-0.045290893944020194,67.48749341067403,33.953653541068746,27.0,63.0,115.0,0.5338284268355958,-0.26460116505753195,175.5799258494152,5.9120912302738695,174.0,176.0,177.0,-28.701826963906967,849.1846729598723,169.72902746411614,27.6869530212247,134.0,170.0,204.0,0.12301439928082018,0.22778237428967207,148.66891044157722,52.04327068696834,79.0,148.0,219.0,-0.008035357058467746,-0.8257581795913222,93.18741647846969,39.99985697748966,42.0,91.0,148.0,0.18902566817799218,-0.6622048466896397,168.08333333333334,7.596566804787935,157.0,170.0,176.0,-1.0985487028148373,0.9775764580978743,141.513838557137,3.5244487286705284,137.0,142.0,146.0,-0.48723205007481757,0.3221763821823149,84.23604424525715,38.73759337751564,37.0,80.0,139.0,0.4093985801056391,-0.5376839216408271,119.9355982135389,2.8605570229637958,116.0,119.0,124.0,0.2724592636606307,-0.698790465565033,184.52791442726843,13.481680314335856,165.0,189.0,199.0,-0.7953346750304015,-0.14055207730744534
9.48.jpg,9,4,8,199.64044066299803,51.50428690980226,123.0,212.0,255.0,-0.7302603439592124,-0.42206148135046995,129.1760541462665,43.018154542286446,72.0,130.0,185.0,-0.14453593902622447,-0.83748665518385,98.9892844429661,38.5424745295904,51.0,95.0,152.0,0.12400229946440675,-0.8623385098753049,8.956209430662785,2.0514448148841296,8.0,9.0,10.0,58.5125701046058,4796.450180446928,132.26114690257913,23.060211818739685,101.0,134.0,158.0,0.12444333541052253,1.4963410382363058,199.64044066299803,51.50428690980226,123.0,212.0,255.0,-0.7302603439592124,-0.42206148135046995,153.80862263148987,43.76804216621681,93.0,159.0,206.0,-0.46926500121910575,-0.5929987176274358,152.04346134618714,5.102777726583515,145.0,153.0,158.0,-0.7119495296789892,0.07514916045079545,155.6752609956642,5.541500616012997,148.0,157.0,162.0,-1.0391317992849087,1.090262800355739,146.81878575499573,44.5886149428851,85.0,150.0,202.0,-0.3384288491658777,-0.8039738722233798,104.35931861992768,5.2804034837460145,99.0,103.0,112.0,1.149807551357283,0.9878495935346852,174.3110225077759,10.000740199531755,160.0,176.0,186.0,-0.8535185859266822,0.31322824635440716
9.74.jpg,9,7,4,195.75657960003034,38.269996767690856,142.0,199.0,247.0,-0.35110802943667524,-0.6064678293468728,159.14912544325983,39.65567633881905,106.0,160.0,211.0,-0.12753399437247964,-0.568668154927269,105.21158447272748,46.51773551873093,45.0,103.0,169.0,0.12194403033433711,-0.6273497186349548,17.931713672146262,1.1891534671192483,16.0,18.0,19.0,0.28852101564855787,4.896608884635012,125.18280395028876,38.02441969088548,79.0,123.0,175.0,0.4314295563613962,0.20051019362168665,195.75657960003034,38.269996767690856,142.0,199.0,247.0,-0.35110802943667524,-0.6064678293468728,172.1283897340733,37.64461624896315,121.0,174.0,221.0,-0.258258017912352,-0.5314677857488745,134.93432168359953,1.671737298358708,133.0,135.0,136.0,-1.7840771129092772,7.673305691506272,161.32279235696544,5.715497260115772,153.0,163.0,167.0,-1.055260500968855,0.5309124678895549,163.89444045680807,39.9381683341403,110.0,165.0,217.0,-0.16543923653410506,-0.6243758505503987,99.19706412702858,3.959410791606149,96.0,97.0,105.0,1.5405761896474348,2.2447911891113472,156.00375761784437,3.38742244705041,153.0,156.0,159.0,-2.7825952907061176,10.63042956993884
9.76.jpg,9,7,6,191.11050178082004,38.297624604436955,138.0,193.0,242.0,-0.272528197791977,-0.6380890508934844,158.96997796101454,40.2636018081545,105.0,160.0,212.0,-0.11294982469709952,-0.6050183640940494,120.44229355228374,44.72974180251149,62.0,119.0,181.0,0.06223473994547649,-0.6639400072374002,16.292931282326602,1.0165650846148098,15.0,16.0,17.0,1.3091070044563708,13.31946780552357,100.34978719638039,31.030129956375955,63.0,98.0,141.0,0.4810828299907046,0.20848402247800024,191.11050178082004,38.297624604436955,138.0,193.0,242.0,-0.272528197791977,-0.6380890508934844,171.38692619371355,38.23119486897749,119.0,173.0,221.0,-0.23209922816436374,-0.5637338792423958,134.6912412053166,1.5190793688966442,133.0,135.0,136.0,-1.316223250248874,5.3378560070598535,152.83473338274112,4.289876223486699,146.0,154.0,157.0,-0.8736601697131885,0.20451717755290177,164.22992711378768,40.11885831626858,110.0,165.0,217.0,-0.14314048370259183,-0.6382451655379304,106.25962479259428,3.1198267058354396,103.0,105.0,111.0,1.2127847849367503,1.1808326901352135,151.6500917156368,2.7604111130786375,149.0,153.0,153.0,-2.9118429877811414,10.929112813148334
7.73.jpg,7,7,3,73.61299940282714,47.5694899890642,15.0,68.0,140.0,0.49162265942119693,-0.46151804143144526,61.046862021945614,42.55118842414127,9.0,56.0,121.0,0.543668330796495,-0.3750215312648173,35.7064978048548,31.434297115545675,0.0,29.0,80.0,0.9649674248234085,0.6351297640748097,20.024651859891964,12.40259939279357,15.0,20.0,22.0,9.387080719497748,105.10149754705142,154.31695144226,50.14009714568741,102.0,142.0,255.0,0.6298716940344123,-0.11615541500367765,73.62008377926779,47.558845659319644,15.0,68.0,140.0,0.4925161943012925,-0.46156680486357216,65.9265535734085,47.062273918950424,7.0,61.0,132.0,0.4426330636966578,-0.6420157472915515,129.43642394604825,1.35094966983579,128.0,129.0,131.0,0.38022769996390715,0.5060842735901869,144.4036995539683,8.440543784054064,131.0,146.0,154.0,-0.4833038608846615,-0.9927397393497008,61.913718733526686,42.70778177196069,10.0,56.0,122.0,0.5616612825684381,-0.34348801797581086,115.17177619050398,6.660232695214618,107.0,114.0,125.0,0.2476402947365997,-0.9823291413688056,138.26771823555845,4.734209661988068,132.0,138.0,144.0,0.059431026805003104,-0.7580308207043509
7.67.jpg,7,6,7,127.79964412776776,53.55859730306927,58.0,125.0,202.0,0.17597412827365558,-0.852947301823944,57.31597641653488,31.50390714858659,21.0,52.0,102.0,0.690307613868829,0.08403067958204691,63.344839123186844,32.468695245646664,25.0,59.0,109.0,0.5934235926650074,-0.1257545288984807,174.39303651702332,22.34656575869154,176.0,177.0,178.0,-7.643333284146735,56.57519971531128,146.01501345097833,21.55315050340974,122.0,144.0,171.0,0.9447959912649359,2.9969631127752576,127.79964461406487,53.5585962289415,58.0,125.0,202.0,0.17597424451591787,-0.8529475273608935,84.82072316272085,40.536468990439914,33.0,82.0,141.0,0.2720157685771041,-0.6550777267588033,158.63619188506271,8.980212518382729,146.0,160.0,170.0,-0.4860649200594453,-0.5802788029370753,139.0401083275464,4.1269520607202965,133.0,139.0,144.0,-0.26941673436097024,-0.639555015281656,79.08639992297054,37.85808136201225,33.0,74.0,133.0,0.46091372166672506,-0.44527299125850917,120.43741745106392,3.202259092661986,116.0,120.0,125.0,0.13262002263694417,-0.8602296784036292,170.7254507488003,15.091286534116588,149.0,172.0,189.0,-0.23990440375725755,-0.9759088366135091
8.2.jpg,8,2,-1,135.8240011399259,42.5060191982196,83.0,132.0,196.0,0.3785732590562236,-0.48635402850508047,106.47892514486558,41.30814986671104,57.0,101.0,165.0,0.5238785083358066,-0.22948635880982016,121.95100503467275,45.9848886465803,64.0,118.0,186.0,0.30623935410033115,-0.4234547050110975,159.3227571957823,27.394278181316754,158.0,163.0,170.0,-5.3776066708327095,28.00600566958895,60.27938776479529,17.504535268297506,40.0,59.0,81.0,0.8843021954947885,2.077834278232837,135.82778379405337,42.51441171370471,83.0,132.0,196.0,0.3794497085995002,-0.48416031602896004,121.9529386339888,42.343308667752794,69.0,118.0,182.0,0.3387707373755503,-0.44127970233574,142.47361546499477,1.6434492389216522,140.0,143.0,144.0,-0.6318716547811353,0.6558048322594345,124.12746888952218,3.1480985160864914,121.0,124.0,129.0,1.334840558442038,1.9463819777543119,116.978403153795,42.13579386831103,66.0,112.0,177.0,0.4555443280400834,-0.33848088478985927,130.1994143630664,2.154221752366454,127.0,130.0,133.0,-1.018426505962572,1.096536862160554,144.70064595801273,1.5429728555522233,143.0,146.0,146.0,-1.3105895299873784,4.304550189066504
4.22.jpg,4,2,2,34.56710754363544,28.24175636322699,2.0,30.0,74.0,0.8546644897156609,0.5237889438110788,28.076523228468222,25.274496366817974,0.0,23.0,63.0,0.9926683599575805,0.9488217606150271,39.0376004932998,33.13511257888904,2.0,32.0,86.0,0.8349514497970605,0.25563406879414075,129.69681417030904,42.57476506253981,120.0,138.0,165.0,-2.4270984965124733,4.742202328848703,94.13143833071706,65.08817650833143,42.0,74.0,223.0,1.37808307417929,1.2350657998502363,39.401042912803035,32.82866280940562,2.0,32.0,86.0,0.85111876964648,0.307133906866365,30.735324039222782,29.494512725727436,1.0,23.0,73.0,0.9990940718249679,0.5963482958310862,133.2729989359819,3.784441025532106,128.0,133.0,138.0,0.15818325875277228,-1.1340218255263022,122.30709079556263,4.83521598530342,115.0,124.0,128.0,-0.45651639522737875,-1.0049244024900028,31.28626366251758,27.02237451770538,1.0,26.0,69.0,0.9266682039893076,0.7015422318304583,131.69137590961876,3.3619501802840026,128.0,131.0,137.0,0.6443878975276222,-0.7052103298136654,131.14414916483332,1.497998364969142,129.0,132.0,133.0,-0.8337560829354493,-0.34729162557405857
12.6.jpg,12,6,-1,237.1862719673221,16.863793883153942,214.0,240.0,255.0,-0.9993193825574489,0.7454773879415408,200.2521843830151,30.936546076376356,159.0,202.0,241.0,-0.3602596008184445,-0.35913416537726084,190.8569188752731,32.83657507251618,147.0,192.0,234.0,-0.3596666174862688,-0.32289649474369364,7.129272347297426,6.307000847241692,4.0,6.0,11.0,18.08274160158024,453.56278924883054,51.161284791488555,23.365488967820635,20.0,51.0,81.0,0.28580960620519597,-0.1686259600235105,237.18693502422343,16.86441289677349,214.0,240.0,255.0,-0.9992232493354041,0.7452170070897894,213.16207134036287,24.89932731070734,180.0,215.0,245.0,-0.48682016711470316,-0.19319270501505592,139.8685874418163,6.153411564022653,131.0,140.0,148.0,-0.016476646302181843,-0.5858381315836132,137.8085613185143,3.8801159814571418,133.0,137.0,143.0,0.26444102583582346,-0.07005823025392743,210.22584544504608,26.63364168655939,174.0,212.0,245.0,-0.48592698513300986,-0.22357958557955948,118.60606203096799,3.4506736008716365,114.0,119.0,123.0,0.021645433069059083,-0.15831776431613376,151.66640923339983,10.330890474334128,137.0,153.0,165.0,-0.19867922323486634,-0.6228216432824047
6.27.jpg,6,2,7,79.40609553987734,49.28524775761522,16.0,76.0,147.0,0.3656432058941612,-0.5628739504359568,69.48870477679935,46.0549252566842,11.0,66.0,133.0,0.44408000591316665,-0.45042581659371717,72.05671294270059,48.17162916075391,11.0,68.0,138.0,0.4355644014172157,-0.5211110542798894,131.767050549613,70.8882778696693,0.0,170.0,177.0,-1.2387376883560128,-0.4379221897010952,50.25278064693079,49.025102727010825,22.0,34.0,85.0,3.078377548709669,9.443210364963994,79.4101284018915,49.27906811771828,16.0,76.0,147.0,0.366114624776992,-0.5629654284318906,75.99860724504902,50.71059691613947,9.0,74.0,145.0,0.31114745520297993,-0.7225946847947302,132.55919111282287,2.1009430212883213,130.0,133.0,135.0,-0.5563562877531673,-0.38398982571882945,128.01854250917643,1.3390840948464167,126.0,128.0,129.0,-0.06025255734337953,-0.8599160274427233,72.75043231813946,47.20679164398231,13.0,69.0,137.0,0.41763584805149606,-0.49475085213742,127.66041677608352,0.8266412776864338,127.0,128.0,129.0,0.2174574929994803,-0.530336335126429,133.9088192900451,2.262350832039575,131.0,134.0,137.0,-0.3984707275251953,-0.20730188665730465
6.33.jpg,6,3,3,80.1847986023966,50.591828676427525,17.0,75.0,151.0,0.455203414523973,-0.5380098356926246,53.61183041755862,38.69497157353303,7.0,48.0,108.0,0.6103803673883217,-0.23045969365599683,24.440875962697767,25.000638334025115,0.0,17.0,60.0,1.2597127001677213,1.613108637854264,15.610714795403656,12.027059255289208,11.0,16.0,17.0,10.345615585187822,123.21192614214607,194.82856278142762,41.494855686488535,145.0,190.0,255.0,-0.2215674435270777,0.3574045494536331,80.19181663837011,50.58095707799673,17.0,75.0,151.0,0.4560801294974839,-0.5382116024723893,62.14892645358136,44.93770256449846,6.0,57.0,125.0,0.47254724748340327,-0.5989272331237734,136.0782116581777,3.9114808574942233,130.0,136.0,141.0,-0.15279763211131253,-0.6652894565139285,148.88488423021087,11.524700067587473,131.0,151.0,163.0,-0.3408288822180262,-1.1533855307735237,58.23345340911887,40.49287511222573,9.0,52.0,115.0,0.5994525493599973,-0.26961156315007306,111.38342855736818,9.108899574698517,100.0,111.0,125.0,0.13996166218529887,-1.0911606157861253,147.27223395093625,9.585135497803208,134.0,147.0,160.0,0.042906120530369324,-0.9521307945776707
10.74.jpg,10,7,4,218.91851702720734,28.754437009954767,179.0,223.0,255.0,-0.7496151581167086,0.11984484682880714,190.01841558562816,35.44898392988716,142.0,193.0,235.0,-0.43422292311894356,-0.3029311167059876,150.71080542474164,47.56098216312905,86.0,153.0,212.0,-0.28358070666851526,-0.5204684430727595,17.277181091211833,1.9244171494098032,16.0,17.0,19.0,18.040964591290003,1232.7753199423885,83.95598135731362,36.93393837170819,39.0,80.0,134.0,0.5888632523670854,0.27822277370610715,218.91893037975916,28.75489635651854,179.0,223.0,255.0,-0.7495686973193347,0.11976926014807754,200.0485275895808,31.908962159448954,157.0,203.0,240.0,-0.5556535762927229,-0.12938694634020464,132.99543658782818,2.302522280929565,130.0,133.0,136.0,-0.4305229679739585,0.5958991950366284,151.98118030146532,8.536982671761265,141.0,152.0,164.0,-0.023110466446662647,-0.6139311285795506,194.18675803216954,34.688687419057544,147.0,197.0,238.0,-0.4999637820173418,-0.2675682390933414,106.56146698334335,6.993571037583078,97.0,106.0,116.0,0.25432583886392335,-0.5522865657799638,149.72165276829497,6.540574758739416,140.0,150.0,158.0,-0.7318818445169283,0.15044727128676794
8.22.jpg,8,2,2,150.3799947753396,42.76652567649464,96.0,148.0,210.0,0.24575255170830468,-0.5663720331668483,103.24217250878692,41.85834021699769,54.0,97.0,163.0,0.5483137396906803,-0.1760230760115622,151.71981333713308,48.11933353693974,88.0,151.0,217.0,0.02610829012056829,-0.5954349187484969,149.61864538804977,4.540476106301466,146.0,148.0,156.0,1.7288336620676164,3.4542262814362097,89.53205566638168,20.571719516136966,63.0,90.0,114.0,0.1511619706827535,0.8432651770313804,153.81937826541275,45.161721834100675,96.0,152.0,217.0,0.21315946432389524,-0.6874874563120965,126.84661821981571,42.318828955169,74.0,124.0,186.0,0.2858799653915857,-0.4601155016207694,155.3883817801843,3.1273345118198894,151.0,156.0,159.0,-1.2984219343144126,3.254464455867314,109.2871102878313,4.538074625503184,105.0,108.0,115.0,1.5747848537924423,2.418588459025276,122.90017716348437,42.747264468248055,70.0,119.0,183.0,0.38699299251653907,-0.4010219792667349,142.17481618694785,3.884088807539595,137.0,144.0,145.0,-1.380997238931306,1.3477992071747122,152.12841930274533,2.156081746126881,149.0,153.0,155.0,-1.840171366046836,7.711393986754313
10.48.jpg,10,4,8,223.1301846567423,36.658729510129696,170.0,237.0,255.0,-1.338014609101932,1.5376810344240415,165.64262510966,38.13192002225054,114.0,170.0,212.0,-0.5230908002157173,-0.20098845829322132,141.81805971339594,36.54804522398476,93.0,144.0,188.0,-0.32676782011733035,-0.479630708207226,8.931509427355964,2.003738892099878,8.0,9.0,11.0,32.915911488925005,2713.332649154205,95.3186544547734,20.230127461114215,66.0,99.0,117.0,-0.15245200501701775,1.2181145449361148,223.1301846567423,36.658729510129696,170.0,237.0,255.0,-1.338014609101932,1.5376810344240415,185.15835828037558,35.375612907693636,136.0,192.0,224.0,-0.8716439020470579,0.5149073500668018,146.29477337581625,4.670492576181519,139.0,148.0,151.0,-0.957091824426444,0.2844113716362471,148.8117164537658,3.2407730307123583,144.0,149.0,152.0,-0.7787303631748176,0.5360996174918693,180.13409399928807,37.095007590123004,129.0,187.0,222.0,-0.7704496745199458,0.15422201312894357,109.14344889698087,2.9154963933045654,106.0,109.0,113.0,0.9246812422215402,1.472181691524261,165.68389228324278,7.3318682777316235,155.0,167.0,174.0,-0.8338418947981666,0.19494658596803927
10.4.jpg,10,4,-1,229.26726702764321,25.192548609658807,194.0,235.0,255.0,-1.0450413443297093,0.7040547082062871,179.1658848674836,38.92892479307672,127.0,181.0,230.0,-0.30156650990273876,-0.5380062488917132,162.67773012254204,48.823495498161556,95.0,167.0,224.0,-0.4533540113321082,-0.32602805953049385,8.83160444571103,17.92985277459781,4.0,7.0,10.0,8.949538439066481,79.79821043930475,77.98663009404389,39.573552231466934,29.0,74.0,131.0,0.6696518093127882,0.4469879635173406,229.26753348532344,25.192787793944433,194.0,235.0,255.0,-1.0450174434739268,0.7039898743335118,196.5364738292011,32.886458551023246,151.0,200.0,238.0,-0.5013569241722327,-0.29065854724676976,144.4344267122637,6.0496917561452985,135.0,146.0,151.0,-0.6238699822219513,-0.46209562894414047,143.92161537000095,8.768921841711377,133.0,143.0,157.0,0.6744747627781009,0.13604123366962684,192.27494490358126,35.605834076861875,143.0,196.0,237.0,-0.4972663751376581,-0.3359778087042846,113.46704664196827,7.037184200950925,103.0,114.0,122.0,-0.3808249911379187,-0.1999371592821224,160.4257509261898,11.32607524996904,143.0,162.0,174.0,-0.6527820808492317,-0.39604409118441364
5.76.jpg,5,7,6,39.13350212839251,27.678720298530592,7.0,34.0,78.0,0.8073150780404199,0.46788166702594003,32.962303092935706,25.34723654956399,4.0,28.0,68.0,0.8964518213929306,0.724210370940336,24.99622401023597,22.01245248224913,1.0,20.0,56.0,1.1022091207717304,1.4174827661726574,17.472021849856056,13.977928973649032,13.0,16.0,21.0,8.987973355936296,91.10917419635803,119.36008956472527,57.81615790665767,66.0,102.0,223.0,1.0427426231254766,0.46313257732756785,39.13789768952535,27.67284150274715,7.0,34.0,78.0,0.808209940989556,0.46877519427067815,34.11532245761669,28.940251844556197,3.0,27.0,75.0,0.8996902931344823,0.3891574044534649,129.25449964321743,1.1056273520025384,128.0,129.0,130.0,0.14396727280440186,-0.33032079280628457,133.6478462636254,3.288908230563384,130.0,134.0,138.0,-0.06764937587211277,-1.2242258139504165,33.89477129007653,25.677394203632343,5.0,29.0,70.0,0.8896721884809056,0.6948575301371047,123.8095475012918,2.3303169931184984,121.0,124.0,127.0,-0.10381289283185305,-0.8987661811430265,132.69899165866983,2.011361889645946,130.0,133.0,135.0,-0.0001195503121215044,0.12965725808647077
5.62.jpg,5,6,2,75.8227816584288,44.3192445189635,21.0,72.0,137.0,0.4236937812181526,-0.5084151838818842,13.732199580228325,12.20618058908396,0.0,12.0,29.0,1.5131420098434651,3.8743134939215533,31.782873685295737,23.299420544197588,4.0,29.0,64.0,0.7596029555304977,0.4357541227107178,155.77589240384447,50.59504800350513,165.0,172.0,177.0,-2.7183535190580996,5.4408420212856825,209.10836304608736,32.65299929616073,168.0,210.0,255.0,-0.6935150721568976,1.990750969193095,75.82548547041466,44.314740762075566,21.0,72.0,137.0,0.4241480806747284,-0.5086353695955435,39.35722997379831,27.767656724490344,5.0,37.0,77.0,0.560484112878375,-0.27610665866446116,155.72703024184528,15.577992884391712,134.0,156.0,176.0,-0.008969184650111971,-1.060626980576445,133.1410402673467,3.3764998515472837,129.0,133.0,138.0,0.6385501928773791,0.611223387919535,34.364254535693235,21.449734885782544,8.0,33.0,63.0,0.784826252000251,0.7772758636250394,126.85132438157595,2.145068243548716,125.0,126.0,130.0,1.07155381963637,2.887187676198815,164.36241098331223,21.353936569351717,138.0,162.0,195.0,0.3133720160678839,-0.9363252706155745
5.63.jpg,5,6,3,111.71653789518935,45.633520292609155,56.0,105.0,181.0,0.25926543922423606,-1.0215309053107333,29.984349986091903,22.32366031687122,3.0,26.0,64.0,0.6111111441826638,-0.46762689719828376,4.408975391420552,6.555616210303311,0.0,1.0,13.0,2.26539018323327,11.537713113618587,7.970015892189874,17.830620519484473,1.0,7.0,10.0,9.175282823990345,84.87341422167478,245.8067678942751,12.570200132796064,228.0,252.0,255.0,-1.6630927421188648,3.2197969173596412,111.71653789518935,45.633520292609155,56.0,105.0,181.0,0.25926543922423606,-1.0215309053107333,62.47301829060727,32.45330890753613,21.0,58.0,111.0,0.25418604897443825,-0.9848414669942995,162.3126914794909,8.667963827438282,152.0,161.0,174.0,-0.1689950859968647,-0.19969438421673935,160.21033031245562,14.461829030499786,140.0,160.0,180.0,-0.04870617777616877,-1.0357387481870852,51.498331514582105,26.75564527774761,19.0,47.0,92.0,0.42631404398213435,-0.8298306723375548,104.84962914981647,11.894779737913804,87.0,107.0,119.0,-0.39409861122647816,-0.8394495612491912,180.79963342923114,17.42121251936439,160.0,178.0,205.0,0.15294403617297414,-0.9787695532608245
5.77.jpg,5,7,7,38.53637312074014,27.588412351837626,7.0,33.0,77.0,0.8265819124055772,0.5495204684442494,37.01048202554071,27.758032526483646,5.0,32.0,76.0,0.8299883878864548,0.48822839439145005,23.30947122364115,21.365727047650704,0.0,18.0,53.0,1.1705323042543356,1.6772400603593667,26.349901823281908,12.617567847375243,20.0,26.0,30.0,7.790829078314709,82.9517502960075,129.56052213282155,58.89176282780403,72.0,113.0,255.0,0.8391777155672051,-0.010775074643401883,38.5582810462341,27.58246135755167,7.0,33.0,77.0,0.827394286863435,0.5500013903053769,37.12078344528924,30.773910982868983,3.0,30.0,81.0,0.8411301824867145,0.2247936946913427,126.06492901257351,1.7043481751691,124.0,126.0,128.0,0.05456382840956229,-0.7643483692957003,136.2331596171354,4.944619400078002,130.0,137.0,142.0,-0.07242816601871883,-1.2488513973949629,35.87609704485618,26.942776242375118,5.0,30.0,73.0,0.8636302415366545,0.6061947067001907,121.98976157082748,3.328556503675432,118.0,122.0,126.0,0.049219410424104826,-0.9548223516011105,130.65428606579562,1.0167459835785577,129.0,131.0,132.0,-0.9387778351743868,0.20722656553080476
2.8.jpg,2,8,-1,23.336663960040354,18.99061247520738,3.0,19.0,49.0,1.1129332199705848,1.4483716713023602,20.336899190472675,17.696961974010353,2.0,16.0,45.0,1.1838469486797767,1.6995855511599887,21.646328092320562,18.313021862287755,3.0,17.0,47.0,1.1651917676514274,1.6040601835508195,145.85282350335868,55.430612732456325,0.0,165.0,173.0,-2.22057353161869,3.0112597671276315,48.57972097143279,50.116872948939644,0.0,34.0,102.0,2.4524912892598563,6.7740081155707195,23.344554021800644,18.99002121027864,3.0,19.0,49.0,1.1128585451934447,1.4475648309790614,19.774276715632,19.897380415695572,1.0,12.0,48.0,1.3734639170595313,1.9754704058691104,129.57994980438474,1.2664887863921104,128.0,130.0,131.0,0.23390641639435097,-0.5115749705052086,127.49036687089392,0.6827329810880256,127.0,128.0,128.0,-0.727691243105968,-0.21173132713602438,21.397505966880736,18.042534515034404,2.0,17.0,46.0,1.1688975369139982,1.6570046022850091,128.12496050786152,0.33286348477409716,128.0,128.0,129.0,2.233759940224008,3.2257975575268087,129.92820501464038,1.3072728325410061,128.0,129.0,132.0,0.21090215960870826,-1.186744109812869
10.5.jpg,10,5,-1,222.4731466730469,28.965067154785743,181.0,228.0,255.0,-0.9160774458737648,0.3113962675852213,172.88974136773982,41.262000713881534,115.0,177.0,225.0,-0.386769436418471,-0.523537409845511,168.75075181534714,44.8461694555033,105.0,174.0,224.0,-0.47058573180434615,-0.44369902781941795,23.480293781815988,57.0295382512325,1.0,2.0,177.0,2.3425342042386803,3.4955438389773583,65.51720470579997,30.34676308106282,30.0,61.0,108.0,0.6489331431886644,0.18819052040524387,222.47315007712672,28.965070767595577,181.0,228.0,255.0,-0.9160770579228554,0.31139561064073806,191.11684212266746,35.51485840763222,141.0,196.0,234.0,-0.5612363074133988,-0.28950244458797547,145.89059044251093,5.887999629373708,137.0,146.0,153.0,-0.4917221629428554,-0.4488550790546051,137.5317508252462,4.953400115474383,132.0,137.0,145.0,0.5953185252448774,-0.2239193493428422,187.24133321273166,37.804435980363984,134.0,192.0,233.0,-0.530511542986836,-0.37213327651672357,119.00162860905408,3.805256110135881,113.0,119.0,124.0,-0.18408269641875166,-0.5063030842196032,158.89049950494953,9.377584656344153,146.0,160.0,170.0,-0.6457465354132423,-0.2727791039823262
5.88.jpg,5,8,8,55.423399450289736,36.85939356572808,12.0,50.0,106.0,0.6588792256235885,-0.012730395357371638,34.60321850885742,27.32474068233088,4.0,29.0,73.0,0.8997357715608884,0.6994818455367207,30.990835244481016,27.65852792544654,1.0,24.0,70.0,1.00464897445957,0.8436307501126961,9.178710301134629,25.288442396146255,1.0,5.0,11.0,6.17255662908301,37.246160483591176,140.76591504583837,54.55925635196444,84.0,127.0,238.0,0.7154449081243509,-0.23139650076246943,55.42947232872129,36.85052444469568,12.0,50.0,106.0,0.6599159386274946,-0.012346023718911248,40.81570019977086,33.376324573439604,3.0,34.0,88.0,0.7852789721654133,0.07845705476625531,136.69873455763496,4.931008268136319,130.0,137.0,143.0,-0.043937579765370355,-1.0446832511659652,133.74689353399899,2.641674074639233,130.0,135.0,136.0,-0.6402885230746698,-0.738400417842092,40.423113993880435,30.127778588738092,6.0,35.0,82.0,0.8244599433524161,0.427776755200997,123.5585321802256,1.8407645721239714,122.0,123.0,126.0,0.6990195655594791,-0.23917236944280118,141.1611126672619,6.517161908174318,133.0,141.0,150.0,0.12463347107386318,-0.7907539053411994
8.23.jpg,8,2,3,130.3647240429372,45.538367216976475,75.0,125.0,196.0,0.4416545908955439,-0.4841948651197465,95.19149282796619,40.53855376929606,48.0,89.0,154.0,0.658161542122472,-0.022852126824723484,72.12637978531396,39.26180693301388,27.0,65.0,129.0,0.7852373876676798,0.28159735023764343,11.96627101738387,1.0673981214926644,11.0,12.0,13.0,0.16631205743741814,0.6323166972171981,123.6994585351952,30.513042459453107,87.0,121.0,163.0,0.5900613128430472,0.9658128087798894,130.3647240429372,45.538367216976475,75.0,125.0,196.0,0.4416545908955439,-0.4841948651197465,109.51219293245939,42.62572107292065,58.0,105.0,171.0,0.45724672668795446,-0.3418811533599686,139.32923719958202,1.8844749108512626,137.0,139.0,142.0,-0.09038003295656197,-0.16325100238809886,146.93782464139832,1.9189686982468328,145.0,147.0,149.0,-0.3454190991818879,0.5900431360007392,103.094970076945,41.825530149957814,54.0,97.0,164.0,0.5988592828296337,-0.1656411245338143,112.75968319559229,2.1034135641780045,111.0,112.0,116.0,0.46420377182804035,-0.8166976497023994,151.92872043317183,4.309709828884041,146.0,153.0,158.0,-0.1512754332775622,-0.8850707755679417
8.37.jpg,8,3,7,157.82335062605893,44.82634460360573,100.0,156.0,221.0,0.17994531012552006,-0.7073164570946471,119.05403052778799,41.14346092952886,68.0,116.0,176.0,0.37622156822408115,-0.3483541288767893,63.82613710855513,38.04934439524537,19.0,58.0,118.0,0.6968135823448756,0.22760139109655553,17.675231817836988,0.7723176868692736,17.0,18.0,18.0,1.3213276092306565,14.613741166963752,161.28361285691778,34.834947991487454,119.0,159.0,207.0,0.32937622012416673,0.33157844604807085,157.82335062605893,44.82634460360573,100.0,156.0,221.0,0.17994531012552006,-0.7073164570946471,133.55608318793048,41.42374085103826,81.0,132.0,191.0,0.20822845870302586,-0.5315668427525688,136.97541768059617,1.6456128003894195,135.0,137.0,139.0,-1.3823627254274242,8.631867239777636,163.73235714049514,3.00904144391561,160.0,164.0,167.0,-0.8721684939035333,1.5856938767298017,124.36130757514749,41.81498367905395,72.0,121.0,183.0,0.33961688786716226,-0.4558579505359259,98.1964392352297,3.1226905973573693,95.0,97.0,103.0,0.6429466430073719,-0.12744527999034005,157.38887964924362,3.9340764017864354,152.0,158.0,162.0,-0.5612245987657696,0.20331857386136987
6.32.jpg,6,3,2,61.96626411751679,40.922121790317554,13.0,56.0,119.0,0.6062998519718901,-0.18238516148918382,43.637811569597204,32.86527705255612,5.0,38.0,89.0,0.7504390827141981,0.17249295738493498,26.745955562117075,25.55962333089434,0.0,20.0,63.0,1.1298944799276003,1.2606884870677444,14.758573361875937,12.80184078229606,11.0,15.0,16.0,10.096243468679843,113.31704439745889,169.1457291897345,49.99916688541311,114.0,159.0,255.0,0.2805728469138809,-0.40327012008846674,61.97309515021776,40.91205759084422,13.0,56.0,119.0,0.6073345938315667,-0.1821575303840719,49.19368076572919,38.291667437064,5.0,43.0,103.0,0.650663111396812,-0.2542007889482685,133.60740975861813,2.95564855573399,130.0,134.0,137.0,-0.08765290797131871,-0.67191804147827,140.8363780418789,7.0614580777275355,130.0,142.0,149.0,-0.30945551171431335,-1.1578681866658753,47.18842351320095,34.34792427079722,7.0,41.0,95.0,0.7337322719786206,0.1105996469467172,118.03667970768436,5.215952248563884,111.0,118.0,126.0,0.1539918643670025,-0.9028640578949672,140.96659186535766,6.339652252318692,133.0,140.0,149.0,0.13190871909742677,-0.7687508111317736
10.75.jpg,10,7,5,218.9086296341684,28.249018215087812,180.0,222.0,254.0,-0.7241546519333787,0.08684350884380665,189.33139884339093,35.84901580179366,141.0,192.0,235.0,-0.436645623240645,-0.3157399198770041,157.0272462550259,45.36945083308877,95.0,160.0,215.0,-0.3163203415241347,-0.48770244831825504,15.752178611096522,1.7559730312121902,14.0,16.0,17.0,13.159205964251202,866.5122520709812,76.08294283674617,33.451470082267655,36.0,72.0,121.0,0.6087002771979512,0.29552766782094686,218.90894135062217,28.249370561919076,180.0,222.0,254.0,-0.7241179832901553,0.08678687339927293,199.9030873058945,31.99114754153929,156.0,203.0,240.0,-0.5526326818874298,-0.14292548339972955,134.1180437628504,2.779411338563864,131.0,134.0,138.0,-0.11309406469926857,0.17233073738225446,148.56414404898763,7.272231680147298,139.0,148.0,159.0,0.0449211055048267,-0.5341644922900137,194.50232012355838,34.527400172162274,148.0,197.0,238.0,-0.49727814131531406,-0.27432885622440706,109.53987490492891,5.969108910794697,102.0,110.0,118.0,0.1911039090573601,-0.49596206330020953,149.42888828588045,6.742301381138541,140.0,150.0,158.0,-0.5482702340812907,-0.09338658401272948
6.26.jpg,6,2,6,63.741274370780154,42.78199147321241,12.0,57.0,124.0,0.5491605180508539,-0.41304550085658853,31.197923900336324,26.055881851819084,2.0,25.0,68.0,1.0104761135832858,1.0032395661512323,44.92791617793806,34.45879349636691,5.0,38.0,93.0,0.7524176991313157,0.08284271237765983,159.8480005407624,36.67789583299851,165.0,167.0,173.0,-4.022697895538172,14.400499682164746,145.54371422068942,44.308691993716764,104.0,135.0,212.0,0.7242578395244247,1.4082777157090405,63.745813954393114,42.77537548620145,12.0,57.0,124.0,0.5497736281764083,-0.4129942686300474,42.80259254720486,34.93979705134542,3.0,36.0,92.0,0.7405426611927677,-0.10715269672667027,144.47997477090541,9.569928751278967,130.0,145.0,157.0,-0.13694188171271202,-1.198696931726014,126.06166101589413,2.1474553816843396,123.0,126.0,129.0,-0.32035787060626364,-0.6026084121839075,42.49939796416574,31.810372836535524,6.0,36.0,87.0,0.7936736735475857,0.2351430169666684,129.0796457422742,1.394649514480495,127.0,129.0,131.0,0.27157029600449056,-0.5207194207313739,146.65450729348422,10.456437952927558,133.0,146.0,161.0,0.0924041927960473,-1.110926040154281
12.7.jpg,12,7,-1,218.39507750603494,26.07496532722587,183.0,220.0,254.0,-0.4591018061681905,-0.34534926920724685,207.3398915362904,28.340998040306904,170.0,209.0,246.0,-0.37691052310905715,-0.31422128934287263,190.61220965630466,33.194677109670344,146.0,192.0,235.0,-0.348369518153114,-0.33511300682980494,18.089046838193386,3.449395893167808,15.0,18.0,20.0,18.8352476926594,771.8203670677464,33.96041930482854,14.182511791496442,17.0,33.0,53.0,0.7477059574195305,1.0194339413119486,218.39544466036037,26.075448824467784,183.0,220.0,254.0,-0.4590443925347021,-0.34538956732897264,213.31040685562226,25.849590255415073,179.0,215.0,248.0,-0.4516189469465692,-0.227533001714042,129.11595608931526,0.9286298588065285,128.0,129.0,130.0,-0.45918953853510175,0.34941993479492295,137.70655129753797,3.462167299315505,134.0,138.0,143.0,0.313116417245137,0.021546300500423943,208.77603683408904,28.17928533260323,171.0,210.0,247.0,-0.39924356454913845,-0.33587487774822966,119.17503438120637,2.8539976930332407,116.0,119.0,123.0,-0.058741255765442944,0.3748523201690812,136.52610442938868,2.492553496421408,133.0,137.0,139.0,-0.6697686750979627,0.8794687205774072
4.37.jpg,4,3,7,36.768683049044036,29.3467904545267,3.0,32.0,77.0,0.8123745180690641,0.41391118846382335,31.813902845616227,27.702935031470876,0.0,26.0,71.0,0.9027441012952901,0.6226191474281566,21.639669882063224,22.353576883445037,0.0,15.0,53.0,1.2674633045997898,1.8637543639524488,20.977678962203044,21.054470212723672,0.0,21.0,24.0,5.3118834088241265,32.00695634354544,139.89915073071006,70.0621050893117,69.0,121.0,255.0,0.37971920272471393,-0.7616068512928362,36.79416453182231,29.31653290954155,3.0,32.0,77.0,0.8159861934124398,0.4192765225432127,32.777419863097634,30.79218698006709,1.0,25.0,77.0,0.9392513811366283,0.4218912314742518,128.31012091291586,1.0300408200894202,127.0,128.0,130.0,0.4097459449848537,0.5694549895420478,134.694775612783,4.6153485162107,128.0,136.0,140.0,-0.08013388635306849,-1.3841334016465434,32.0639145167471,27.529721340719675,1.0,27.0,71.0,0.9140575097732178,0.6661895084249276,122.99868067591409,3.242121202708267,119.0,123.0,128.0,0.16402662648802288,-1.2296119661128715,132.18862492681228,1.9228198968348862,129.0,133.0,134.0,-0.5891710010543649,-0.09618010264870769
4.23.jpg,4,2,3,36.43268626638578,28.922931443903227,3.0,32.0,77.0,0.8184632122596648,0.442570133092167,27.978322819589604,25.042662233718136,0.0,23.0,63.0,0.9874180948877676,0.9350704197959239,25.22544199545215,24.590225498511764,0.0,19.0,60.0,1.1115276856002416,1.2333015488000028,11.566918374055854,24.662344208896894,0.0,8.0,14.0,5.549567851827487,30.91832675105811,116.64169871364686,73.06442357560225,48.0,92.0,255.0,0.7812899832967547,-0.5004979990813996,36.45229084847176,28.89925694559747,3.0,32.0,77.0,0.8214160497379834,0.44682504799376943,29.935384242806208,28.736616568199768,1.0,21.0,71.0,1.0164117813749267,0.6693595699686812,131.22318995349053,2.2356185327840437,128.0,132.0,134.0,0.007492342209080106,-0.8975016443455313,130.9286529180745,1.6958643722713338,128.0,131.0,133.0,-0.3976515875867192,-0.654963860539961,30.177769316207893,26.148839996381444,1.0,25.0,67.0,0.9439266277072043,0.7799349790096874,125.89259009626738,1.0941769379931523,125.0,126.0,128.0,0.8706829149783133,-0.21449084575665633,133.56738910966777,2.903995325066848,129.0,134.0,137.0,-0.10617343346009074,-0.5919613391997918
8.3.jpg,8,3,-1,155.71012898544805,44.87795987620402,98.0,153.0,219.0,0.20765060081224826,-0.6853259497573934,113.52466839399403,40.34755497848788,64.0,110.0,170.0,0.42931447465463063,-0.27948722077272947,65.29452828206789,37.997140429978614,21.0,60.0,119.0,0.6966750034251927,0.22818783870586534,16.050864247241236,0.8503579663302072,15.0,16.0,17.0,0.7135035742835613,6.492115872858427,157.3809374446837,34.11042751059728,116.0,155.0,202.0,0.37459893710176595,0.43470082582676506,155.71012898544805,44.87795987620402,98.0,153.0,219.0,0.20765060081224826,-0.6853259497573934,129.2968488919234,41.0873769572992,77.0,127.0,186.0,0.24859656176260175,-0.5003673446950483,139.28524681524016,1.7389581507846912,137.0,139.0,141.0,-1.0237711600367512,6.1053203261960824,160.97719363767752,2.708041751665151,158.0,161.0,164.0,-0.8165289878242498,1.8183953863526359,120.6415839475266,41.34803963191081,69.0,117.0,179.0,0.37808037164478797,-0.4085753270144594,100.56496880890273,2.9005500733005625,97.0,100.0,105.0,0.5144980314049404,-0.4130258457826108,158.78842428062066,4.341060122635953,153.0,160.0,164.0,-0.45477542814179084,-0.25532450005015983
7.66.jpg,7,6,6,160.22898904664368,53.57968622449764,88.0,159.0,234.0,-0.06268680164975243,-0.8652211162343382,23.974364361034763,30.143733765941803,0.0,8.0,70.0,1.3826311701153005,1.426696628390344,62.42060907741656,31.69952318834358,27.0,54.0,108.0,0.7660666099460861,0.09301928212091282,171.39749148493743,2.7665218336398176,170.0,171.0,173.0,-46.733169599442455,2897.8393773558396,225.62617659588125,31.734541672003242,178.0,238.0,255.0,-1.0052822600887332,0.29413354690252236,160.22898904664368,53.57968622449764,88.0,159.0,234.0,-0.06268680164975243,-0.8652211162343382,89.16089334726088,36.74849884980865,42.0,85.0,140.0,0.21549230654731516,-0.6256357233304981,181.51740846429314,10.940866873621422,166.0,184.0,193.0,-0.9207427232111557,0.34469806627437727,142.92815981279506,4.7237502414462265,137.0,143.0,149.0,-0.10012865674772796,0.2026154608364923,69.0916485277841,35.96633026350713,31.0,57.0,123.0,0.7757716296380565,-0.23170631009600307,124.84206577071285,3.0467610695123786,120.0,126.0,128.0,-0.7547896311623288,-0.5403341852107677,207.92956423887694,19.15997611432343,178.0,214.0,226.0,-1.0229157523758465,0.23461605294705334
7.72.jpg,7,7,2,70.69468662041008,45.65555936795474,15.0,65.0,134.0,0.5184856322771317,-0.3811705479673346,60.1685058423736,41.98669247478491,9.0,55.0,119.0,0.5661607156844487,-0.3084886162776028,40.65710022972676,34.41711192514684,1.0,34.0,89.0,0.8535953919164798,0.2779620588784919,19.579409401873995,12.144294181108853,15.0,20.0,22.0,9.695989711031652,111.7228155234994,135.22984784735718,54.30958897374904,81.0,120.0,234.0,0.8941606179048708,0.048262554636948174,70.70075317697908,45.64643434764656,15.0,65.0,134.0,0.5193011988872931,-0.38116734823826937,64.67934102849895,46.33702486363704,7.0,60.0,129.0,0.46528199193033126,-0.5882053961125737,129.21624514432327,1.1542063778137492,128.0,129.0,131.0,0.29653938011267156,0.3792507098153335,140.85470122877555,6.036225658752301,131.0,143.0,147.0,-0.6826926825676535,-0.6898847552982517,61.090124472610775,42.19596512189114,10.0,55.0,120.0,0.5781982128766324,-0.2917476869731308,118.03902874794053,4.692892236913287,112.0,118.0,125.0,0.4032268115086755,-0.7016098762013896,136.42717311593907,3.4174384640752375,132.0,137.0,141.0,-0.08790040354818525,-0.46151145018400364
9.77.jpg,9,7,7,160.53558381914416,43.22126989009723,103.0,160.0,219.0,-0.0027739266097545788,-0.7593327664082059,160.24218520528547,40.53795506277782,106.0,161.0,213.0,-0.11084591840369012,-0.6093518706214844,91.70242847055665,44.69297870563707,36.0,88.0,154.0,0.2796032400370121,-0.5311104493892986,29.834037491562746,1.8522521873897106,27.0,30.0,32.0,-0.6195448796678599,-0.0037886747926672015,120.29715234132611,37.9621343554158,76.0,117.0,169.0,0.7033491568108755,0.6132196797976341,162.03530176681468,42.27940972749503,106.0,162.0,219.0,-0.0343414405451004,-0.6710388066771737,163.94415412506396,39.80512807276919,110.0,166.0,216.0,-0.1654544633163147,-0.5962803581889426,117.92801149217354,2.361573437481665,115.0,117.0,121.0,0.6643762708328182,-0.23633236286899306,163.61643460568112,4.137976653339617,158.0,165.0,167.0,-1.606583309010941,2.875620162157877,152.50274368834968,41.772107871985924,97.0,153.0,208.0,-0.0324830804176615,-0.6691718982828445,98.08169548463398,2.7999330922770094,96.0,97.0,102.0,1.9367064419868698,5.125897859255067,135.0461209051351,2.002523608646318,133.0,135.0,138.0,0.4272332078448764,-0.9711493265030757
9.63.jpg,9,6,3,222.24061543818289,33.913328375399,174.0,233.0,255.0,-1.0564882986301949,0.6466529120951034,95.61674486324353,37.11568932162869,53.0,88.0,151.0,0.3994353036535396,-0.686157486556247,36.38088200681205,18.936878197468502,16.0,31.0,65.0,0.56638906336785,-0.3829157358201716,9.364701929043415,3.011458315120058,6.0,9.0,14.0,0.8236040534684526,0.40127185235370355,214.7205556819928,17.43663987172638,189.0,218.0,234.0,-0.35558563033133384,-0.14977462083729343,222.24061543818289,33.913328375399,174.0,233.0,255.0,-1.0564882986301949,0.6466529120951034,143.59880633508985,30.813952143000357,103.0,144.0,183.0,-0.278162827501484,-0.4637867328670753,174.07659520044194,9.102260262367695,159.0,177.0,182.0,-1.3369858920093793,1.1095711504974215,183.16753227553983,7.57411002795074,172.0,185.0,191.0,-1.090335814455074,1.4619452989788497,126.71082244514082,32.844216569740745,85.0,125.0,172.0,-0.04317802129226677,-0.7470940176562406,83.53372713674092,9.258462104928807,73.0,82.0,97.0,0.5630916417325544,0.002704615781651931,211.7864659621194,11.139712271637135,196.0,214.0,224.0,-0.7617128125820274,0.18691615445489873
9.88.jpg,9,8,8,160.22877458961386,40.99536080000701,109.0,156.0,219.0,0.2781799196525229,-0.6591507592935497,114.41540958861209,39.47989113485355,68.0,109.0,170.0,0.5583651331826551,-0.13714385837472243,118.41186010593496,41.8008781088208,68.0,114.0,177.0,0.39192869441518574,-0.3002596712239267,153.40088972921032,59.546685752651264,3.0,176.0,179.0,-2.151749382339656,2.6352284083365474,78.04889668909469,19.17526683621168,56.0,78.0,99.0,0.5614341415971631,2.0540215307428875,160.22877458961386,40.99536080000701,109.0,156.0,219.0,0.2781799196525229,-0.6591507592935497,133.98880544030314,39.458588838694766,86.0,130.0,190.0,0.3544710273126562,-0.4272690059528048,146.81952687180623,2.1030580173921054,145.0,147.0,149.0,-1.5989290039333608,6.570801501557344,133.2190617772409,2.053292596451234,131.0,133.0,136.0,1.2820578669577478,2.762395502022649,128.58685752856022,40.107356441685695,80.0,123.0,186.0,0.4470645801647191,-0.35320030300862815,123.31358043062582,1.329610148623963,122.0,124.0,125.0,-0.9985527231148696,1.804995177748391,155.81655705529587,3.018271351526505,153.0,156.0,159.0,-1.1918116384687274,5.0429666051413005
4.jpg,4,-1,-1,34.02316233181414,27.27144836679806,2.0,29.0,72.0,0.8429678699559076,0.5394726508894996,28.19589166467285,24.96780956688973,0.0,23.0,63.0,0.9670752515897535,0.8800996510624679,22.1754560008092,22.374652041244754,0.0,16.0,54.0,1.2173206091389097,1.6736036917110342,16.871451246768554,21.12646585702634,0.0,15.0,20.0,5.823237341088268,36.34672931369044,125.75648914876606,72.85830216593509,55.0,104.0,255.0,0.6005170596239883,-0.6821341514623369,34.04330329962322,27.24753741146765,3.0,29.0,72.0,0.8461084583895236,0.5444143203739897,29.212556094372765,28.08153405480056,0.0,20.0,70.0,1.0245990344082507,0.7025215466121137,129.4094072232629,1.189626156440009,128.0,130.0,131.0,0.07724070836491187,-0.5442374335155447,132.4311087185293,2.8772546849154708,128.0,133.0,136.0,-0.19599615033362797,-1.305190327134989,29.25376102192422,25.387616772878516,1.0,24.0,65.0,0.9543778337234262,0.8311519992971963,124.79987852297948,1.9512070298147588,122.0,125.0,128.0,0.27102993967967015,-0.9604911045954756,132.24928173915413,1.9920938607427638,129.0,133.0,134.0,-0.49697900258424915,-0.11985570792415157
11.2.jpg,11,2,-1,206.1937389569678,29.683293389765094,166.0,207.0,245.0,-0.2531911005361974,-0.7103318472498148,186.88510829296095,34.148659795808484,142.0,187.0,233.0,-0.13958809363844185,-0.6694528281722341,191.90226940248883,32.5668168097262,149.0,192.0,235.0,-0.2412101746527525,-0.48334769573394576,164.7313208891422,34.89633102724975,169.0,172.0,176.0,-4.407575885419293,17.62265143769989,25.24299610525316,10.281585407410086,12.0,25.0,38.0,0.3200563272490588,0.4929826768622654,206.19484943478673,29.68488207295785,166.0,207.0,245.0,-0.2530302371367775,-0.710330670749391,197.43743041702288,30.741660511639544,157.0,198.0,238.0,-0.2350207941723686,-0.6086701492859263,135.7998190367626,2.5702371105654604,132.0,136.0,139.0,-0.6198719726748129,0.05771023476610626,127.86938491498053,0.9976942743368828,127.0,128.0,129.0,0.9412614797257445,2.433123795065546,193.27282559133656,32.57428158356174,150.0,193.0,237.0,-0.18468096706250886,-0.6670011084587228,127.32671083879548,0.788112455068846,126.0,127.0,128.0,-0.4576953093325114,1.2821707361049635,139.24896979196353,3.217489532706264,134.0,140.0,143.0,-0.71368087965392,1.004331878279329
9.38.jpg,9,3,8,222.31703848944443,31.332157403385427,177.0,230.0,255.0,-0.9188069914148546,0.15237128102717,169.9398479640685,38.97482008232451,117.0,172.0,219.0,-0.24051790737228945,-0.5649524729769753,122.20013947001395,45.39884620814654,62.0,122.0,181.0,-0.025508100751886024,-0.6750166256496417,14.531474122185069,1.6607543710496924,13.0,14.0,16.0,4.265864107394485,119.38672415144063,119.53678254154437,36.486062314034825,72.0,120.0,166.0,0.02561893332841075,-0.2199268385673543,222.3170404346329,31.332159261707773,177.0,230.0,255.0,-0.9188068438576583,0.15237097915223652,186.882753764426,34.524673623790704,139.0,190.0,228.0,-0.46906005105515763,-0.38795310014150974,141.82120119278957,4.911712647937696,134.0,144.0,146.0,-1.2678297604026154,0.9721933127941087,160.30988165473295,6.657538043620758,151.0,162.0,167.0,-0.8712932877538269,0.2121284108214616,180.18554666604422,37.088869038598006,129.0,184.0,225.0,-0.41461667318409495,-0.5046892970433223,99.45416552386844,4.9728972265217335,95.0,97.0,107.0,1.3181501310241204,1.5490572263868803,164.91706980697896,8.251819238311638,153.0,168.0,171.0,-1.6250350220188514,2.20938806042649
7.15.jpg,7,1,5,65.61986023965946,34.3214695362872,25.0,60.0,113.0,0.6901211341167232,0.15207015378103472,56.82756280603331,29.57839938222515,22.0,52.0,98.0,0.699740632676817,0.24042326550508664,52.674667454048866,27.907322476319976,21.0,48.0,91.0,0.7582371358069833,0.42981215778347526,15.811614871681307,28.727785823789834,6.0,11.0,20.0,4.903083931346849,22.69123394867989,50.70985408823602,18.160558701915207,33.0,49.0,70.0,2.061267154928942,14.49034133395288,65.62334243744003,34.31618878998135,25.0,60.0,113.0,0.6908493268774154,0.15223697955809046,61.698392756083756,34.31510899548167,19.0,58.0,109.0,0.548801592510008,-0.15871825236494574,130.98913068083954,1.9951002861057276,128.0,131.0,134.0,0.5346978777680207,0.19168513927531583,131.91612952437194,2.094890626593176,129.0,132.0,135.0,0.09389919840480698,-0.2287721996844847,58.979032504121456,30.77812447751867,23.0,54.0,102.0,0.7030075007200307,0.22348634069983753,125.12999926182918,1.6947095399193717,123.0,126.0,127.0,-0.7344334608520038,0.24312923675446374,133.9282424152949,3.4704674641277804,129.0,133.0,139.0,0.7445169495621419,0.27929321369253923
7.01.jpg,7,0,1,65.1073403632445,34.204763154218796,25.0,60.0,113.0,0.7034246429279137,0.17030470869732328,56.22131868217371,29.37703513958201,22.0,52.0,97.0,0.7031530300103058,0.23266324986153464,49.398860897626676,26.854069535574514,19.0,45.0,87.0,0.7940936084912126,0.5191116511985574,15.060735592475233,14.458391267204332,11.0,13.0,19.0,9.56620653819452,96.27953759021396,62.73136752585642,20.49447128200457,43.0,60.0,85.0,2.0069157122027925,12.05187075598815,65.10947618019448,34.20152418518073,25.0,60.0,113.0,0.703878495961525,0.170402161046312,60.863407892407736,34.08687524824031,19.0,57.0,108.0,0.5583270331544031,-0.1566960885963935,130.5247632219324,1.9333079594256164,128.0,130.0,133.0,0.6434504550000022,0.4380021602519655,133.57617455343336,2.5976568910357805,130.0,134.0,137.0,0.07116470961654853,-0.5066352845656303,58.093925370898816,30.500998310817046,23.0,53.0,100.0,0.7117886414563694,0.2304950874820948,123.92543071335898,2.2514307954130226,121.0,124.0,126.0,-0.5071402360931284,-0.5949248046133402,134.2498599464295,3.6172062830755043,131.0,133.0,139.0,0.8116584885821388,0.4146267953257361
9.04.jpg,9,0,4,194.1434910230835,38.70031273277517,140.0,196.0,245.0,-0.3038908479070102,-0.7221893355099183,138.64366248693835,42.07468419917181,84.0,137.0,196.0,0.10294352773982757,-0.6849272897168883,120.36477343972642,46.95538593549573,58.0,119.0,184.0,0.07090703619175039,-0.6877563194096581,7.398024603400779,2.156201937229678,5.0,7.0,10.0,31.692860360352878,2474.8367517993097,103.4801847629904,34.098473792039265,63.0,101.0,149.0,0.39274447736453844,0.06683188255897932,194.1434910230835,38.70031273277517,140.0,196.0,245.0,-0.3038908479070102,-0.7221893355099183,159.293724707894,39.59690919944346,106.0,160.0,212.0,-0.09221677642370309,-0.7097410293719695,147.1867583357082,3.259664036415963,143.0,148.0,150.0,-1.9439505050769748,4.917166259793968,146.64777476963997,4.852982186726133,140.0,147.0,153.0,-0.2834265498514697,-0.2711435422712851,153.20188325258857,41.46588545841551,98.0,153.0,209.0,-0.027454491176442716,-0.7511703490562613,111.89797853139545,3.080568957119383,109.0,111.0,116.0,1.0440629493567657,1.098295983619514,163.85437874038186,4.893970426337055,158.0,166.0,167.0,-2.5187139058544044,7.912966277956386
4.87.jpg,4,8,7,38.45075025919636,30.27191354101487,3.0,33.0,81.0,0.7923810414696012,0.3422861052882915,28.833913485797208,25.68598104173566,0.0,24.0,65.0,0.9626426789391106,0.8299761804056893,23.763045892831787,23.79007439014036,0.0,17.0,58.0,1.1786627977108184,1.4735950574573957,13.310146686663204,22.447599061046187,0.0,11.0,15.0,5.854417189783999,35.11927761072284,132.74065628714095,70.05778213815707,64.0,112.0,255.0,0.5264906950863609,-0.6725487078048391,38.47366409318231,30.243978371169046,3.0,33.0,81.0,0.795690592174581,0.3467179849975728,31.099338344138854,29.558277103545247,1.0,24.0,74.0,0.9809111895609494,0.5479012253779962,131.32821943282195,2.272877618052445,128.0,132.0,134.0,0.04441861954423703,-0.8170129299496618,132.53001620342002,2.863465635882452,128.0,133.0,136.0,-0.25545098579776593,-1.2687641585844576,31.12330355249772,26.817277105873867,1.0,26.0,69.0,0.9260636752324191,0.706362011525727,124.64879232973279,1.997595153559983,122.0,124.0,128.0,0.32795081939415927,-0.9656992176895014,134.48189224044864,3.487343794648656,129.0,134.0,139.0,-0.05356464949767795,-0.7341021339757376
4.78.jpg,4,7,8,35.30846681922197,28.244406417027744,3.0,30.0,75.0,0.8241597475508511,0.44276425000845654,30.137773676828818,26.397021941626015,0.0,25.0,67.0,0.9281435725766869,0.7118973468695495,25.068485027435347,24.526156771410736,0.0,19.0,60.0,1.1227809770831458,1.2670194752559025,16.64357520730297,21.12846830701939,0.0,15.0,20.0,5.913227569889572,37.23463576746433,113.05952511011049,74.53958336634834,43.0,88.0,255.0,0.8160245411801,-0.4894082265786235,35.32625821215029,28.22327112427028,3.0,30.0,75.0,0.8268011059882784,0.44673037635586743,31.271459855810633,29.63058732261665,1.0,24.0,74.0,0.9699292439150986,0.5076360480984312,129.2846302994513,1.1060980979971378,128.0,129.0,131.0,0.07886147736973656,-0.44898640837798753,131.7621293767378,2.304781390188037,128.0,132.0,134.0,-0.2881026204632875,-1.0944181854465491,31.036401663344897,26.708833207375573,1.0,26.0,68.0,0.9218078130645273,0.6915495850411562,125.40055116754017,1.441315547841032,124.0,125.0,128.0,0.5853575091909842,-0.6786297496758227,131.83918456730888,1.674326277775838,129.0,132.0,134.0,-0.858623762108403,-0.021033251627170735
3.71.jpg,3,7,1,34.824675573927806,24.404663155418103,7.0,31.0,68.0,0.8178791192174353,0.48367605460649976,35.358431633079896,25.015779601777858,7.0,31.0,70.0,0.7943021007908447,0.3752319744852479,32.87088703525996,24.411458958129007,5.0,29.0,67.0,0.8167076216682281,0.4342062555260102,34.65949213848084,15.671373705204262,20.0,30.0,50.0,3.864215870006676,31.965472286114867,34.7686464407864,44.93402233640647,9.0,20.0,73.0,3.3250059882751657,12.126456222948988,35.45091705420634,24.9255450828119,7.0,31.0,70.0,0.8039395319427852,0.39467315012121196,35.47276838660466,28.146453606528556,5.0,30.0,75.0,0.817591147228756,0.1579627114286759,127.20949140031003,0.8384157328557129,126.0,127.0,128.0,-0.32609735280361796,-0.6226093578844534,129.57503407888586,0.7590131076349037,129.0,130.0,131.0,0.17472645262020903,0.12487998794184785,35.02876110331931,24.731462504476628,7.0,31.0,69.0,0.8021905880295969,0.4173741327119753,126.92580103836028,0.4117898915353606,126.0,127.0,127.0,-0.5076512248908447,2.5684451540044657,127.7959144706085,0.5898826637699309,127.0,128.0,128.0,-0.19021576859635606,0.7303406503073768
4.44.jpg,4,4,4,38.19191764461017,30.139860996246444,3.0,33.0,80.0,0.8182807520235926,0.3801842648272804,28.538409691707077,25.447556847899587,0.0,23.0,64.0,0.9591813989161838,0.8070446502787529,16.669229452487798,18.78411663599717,0.0,11.0,43.0,1.5220933028973185,3.1738817642995505,18.05625144673393,22.031406371256836,0.0,17.0,20.0,5.412844575716916,31.497146527704366,171.63253784850482,62.76567950046098,104.0,163.0,255.0,-0.2863552652772927,-0.22661975224980058,38.221044896895286,30.104484295945507,3.0,33.0,80.0,0.8225567890181883,0.3859423081730684,30.396572383381088,29.035108781327295,1.0,23.0,72.0,0.9961855851389636,0.5815215084634509,130.31109253456114,1.7620086246879572,128.0,130.0,133.0,0.24694274405275865,-0.3829047618847983,136.4107980330254,6.217447633106656,128.0,136.0,145.0,0.14305442135044288,-1.2931435196944205,30.065414743361558,26.015953139009966,1.0,25.0,67.0,0.9557540229481288,0.7959446557093313,121.5644509024702,4.394923495181456,116.0,121.0,128.0,-0.05919674447854244,-1.0225327080961328,135.15586065836848,4.073345793230795,129.0,135.0,140.0,0.19076108808124498,-0.5384191066673267
8.87.jpg,8,8,7,138.79110864072175,43.48576807970682,85.0,135.0,200.0,0.3688858952190072,-0.4870062722306221,102.51242245992425,39.42301646821259,56.0,97.0,159.0,0.5739382819305161,-0.07143413512477714,90.19632592800079,40.80019069382829,42.0,85.0,148.0,0.5818306150839163,-0.03266003006347873,7.796952959507012,2.144773047405405,5.0,8.0,10.0,26.56052839428101,2100.532111124831,96.93629848139136,26.27235746297753,66.0,94.0,130.0,0.7972496692823916,1.3804232995311585,138.79110864072175,43.48576807970682,85.0,135.0,200.0,0.3688858952190072,-0.4870062722306221,118.03142451987885,41.006958068411905,68.0,114.0,176.0,0.37991521744386064,-0.3490919308187235,140.90372630030987,1.866513889330119,138.0,141.0,143.0,-0.2147764024990376,-0.12151203110873077,140.86235262765786,1.51242009731764,139.0,141.0,143.0,-0.9349038954900438,2.882988822040274,111.97805243839102,40.75812087309851,63.0,107.0,170.0,0.5065335933943652,-0.22214403799767712,117.59719231494935,0.8571870484161356,117.0,118.0,119.0,0.870818726527517,4.642682682451463,151.47923462668916,3.380715328615762,146.0,152.0,156.0,-0.3418230112414992,-0.6680699938491892
9.4.jpg,9,4,-1,206.91025173363732,37.150451518548245,154.0,211.0,255.0,-0.525996998316685,-0.5304018793999798,134.39984658497198,40.76580475762771,82.0,133.0,190.0,0.1487879532070928,-0.5705385034487707,105.87471026883253,49.29087116078635,41.0,105.0,171.0,0.05146451509984668,-0.5795514045228716,8.353774579652322,2.0685821954959622,6.0,8.0,11.0,9.829950837111303,754.7123022293353,131.85582739621924,42.53686507744026,81.0,129.0,187.0,0.4096449194236656,0.283729437254419,206.91025173363732,37.150451518548245,154.0,211.0,255.0,-0.525996998316685,-0.5304018793999798,160.09437636553625,37.73349527196528,109.0,161.0,210.0,-0.133250989852555,-0.6363987099047597,153.1950332478389,4.455536423087164,148.0,155.0,157.0,-2.1411478845658287,5.4475834126584495,155.24830721003136,7.240092415901431,146.0,156.0,165.0,-0.354426696776961,-0.3157661289267235,152.85177875938064,40.36711843982037,99.0,153.0,206.0,-0.0792382880548749,-0.6909301357938378,104.79032962857414,4.884989362830596,99.0,104.0,111.0,0.7409984360057799,0.5365837799386428,175.45543032202906,7.0427282862023395,167.0,178.0,181.0,-2.3579310014816133,6.708262079768684
6.82.jpg,6,8,2,49.26266609478125,34.26495237881796,9.0,43.0,97.0,0.7181829936198041,0.11280569884068203,35.21933410362797,27.697295105461798,4.0,30.0,74.0,0.892674464727768,0.6343116380126865,32.696510234609185,27.433857180559826,2.0,27.0,71.0,0.9499021905854947,0.7598513908780133,8.479085333473387,22.86832086269472,1.0,5.0,11.0,6.679764835616464,44.3045865113646,111.98384618227583,55.276447076709886,63.0,94.0,200.0,1.273632528443584,1.0766908210669666,49.2675081552027,34.2582254958704,9.0,43.0,97.0,0.7190017095806687,0.11332269875708967,39.37137246663516,32.83311782773396,3.0,33.0,86.0,0.8216330369917889,0.14290442211633092,133.77024989836391,3.385144183370339,130.0,134.0,138.0,-0.07681546596276705,-0.914588260603773,131.84811238909995,1.9029564368681058,129.0,132.0,134.0,-0.24443139952749066,-0.7397916389592796,39.133258540836316,29.604488178878587,5.0,33.0,80.0,0.8391979828081881,0.4534261639162067,125.17276142846862,1.2982249834839432,124.0,125.0,127.0,0.1340078190904915,-0.24951611826908993,136.90829165767016,4.537830792248583,131.0,137.0,143.0,0.19377251881439242,-0.7113667442986271
8.44.jpg,8,4,4,192.37303980241285,43.73659624925283,131.0,196.0,252.0,-0.3234180589424957,-0.8058613809463391,94.3934012539185,32.22807079881043,59.0,90.0,138.0,0.8431342725023717,0.8527052400355295,32.75705756625819,40.301039804388616,0.0,14.0,94.0,1.4382790087313746,1.6729264953932113,11.589564453310535,2.3876855989687966,8.0,12.0,14.0,10.045783180714565,740.0466353512866,219.0300512966657,40.84923246799515,159.0,236.0,255.0,-1.274879543717695,1.1982762504888091,192.37303980241285,43.73659624925283,131.0,196.0,252.0,-0.3234180589424957,-0.8058613809463391,130.32365013774105,34.18763428745322,87.0,129.0,176.0,0.1620833700173939,-0.43762898533345096,163.751537000095,6.697687760607398,154.0,165.0,171.0,-0.9812828557344214,0.9525767176238564,177.03828821126626,8.436278665130574,166.0,179.0,186.0,-1.1087106046564852,1.6525000508838188,116.64473876698014,35.50222096189995,74.0,113.0,166.0,0.4464832705336606,-0.2874902810287274,86.75130426522276,7.822848171178037,77.0,86.0,97.0,0.5370465261383319,0.3337907870657344,194.41108292960956,12.309871924563037,176.0,198.0,208.0,-0.9497996754541139,0.3334639957123602
10.06.jpg,10,0,6,243.95133332944295,23.92014123307338,224.0,254.0,255.0,-3.780552879797017,17.2350768586129,208.89495690434924,32.42871803304879,167.0,215.0,244.0,-1.2419044777139254,2.1418110091870233,204.2220714701151,33.3562228711716,161.0,211.0,240.0,-1.2474550200330747,2.085984294044853,7.176024482142197,21.05188087053905,1.0,4.0,10.0,7.685623286624295,59.07809658236,42.54196987292084,22.046194630451005,14.0,41.0,73.0,0.33771370068533035,0.3034109715906239,243.95827376193617,23.876288893529384,224.0,254.0,255.0,-3.7630054566641644,17.012104621229202,220.79738868172632,27.425700926636186,188.0,227.0,247.0,-1.9198397282258017,5.529571393335047,139.74710896362302,6.922737694388455,131.0,139.0,149.0,0.14088130176252772,-1.102753759450475,135.04890495614572,3.3195121619918977,131.0,135.0,140.0,0.21799450348275143,-0.8409719269673666,218.85260480189228,28.99484319863998,184.0,226.0,247.0,-1.8681201676307535,4.978577542099962,120.9746434955815,3.140365339932131,117.0,121.0,125.0,0.017926604752138746,-0.9545965925849025,150.02309181873179,11.534934609375766,134.0,150.0,166.0,0.07174555039296376,-1.1320997657509444
6.41.jpg,6,4,1,84.04413924437209,52.319413759231075,19.0,78.0,157.0,0.42976359135342274,-0.6116377078505848,46.792440608532765,32.646879821619855,6.0,43.0,92.0,0.5465997420608302,-0.20829572652963213,29.354596674894815,27.629051153821027,0.0,22.0,69.0,1.0906268580006264,1.00517813108329,11.896483391008172,18.537359062221622,6.0,10.0,14.0,7.828864030170167,62.75629548176423,183.9917903320242,41.70271407097109,136.0,177.0,255.0,0.12417923650826357,0.03609939804383222,84.05230271412148,52.3066164787558,19.0,78.0,157.0,0.43076212528704005,-0.6119768936493482,59.288392185010764,41.713630575136406,7.0,56.0,117.0,0.4219814148678012,-0.6418380466892626,142.28651702331697,8.30664179511014,132.0,142.0,154.0,0.2274311356312643,-0.94104589496868,145.0163687610511,8.576288069592938,131.0,148.0,154.0,-0.6075085079039012,-0.9307074149051577,55.94954910531056,37.70535432979694,10.0,51.0,109.0,0.5433568590199299,-0.33589046733062977,114.99587717301868,6.264912573280853,108.0,113.0,125.0,0.5059673737330663,-0.8435934769019142,152.64316976243413,13.65585892334025,135.0,152.0,172.0,0.2635990119759105,-0.9156479490813769
6.55.jpg,6,5,5,54.56552221502503,34.02096969316209,14.0,50.0,101.0,0.6072569090001213,-0.09058545151100716,36.170939273160876,26.282233033350334,6.0,32.0,72.0,0.7830653427611456,0.34461492735571,32.2203266360494,25.24229279935639,3.0,28.0,67.0,0.8585686560642043,0.5077695732775087,7.523333994697416,18.037215606811994,2.0,5.0,9.0,8.75103303684207,77.23735964900338,125.5852989462914,48.90785427290416,80.0,111.0,200.0,1.2459173904009135,1.075867775170349,54.56765560048941,34.017666507005906,14.0,50.0,101.0,0.607697377060638,-0.09054268172480606,41.6537861148556,31.755071509898876,6.0,37.0,86.0,0.6975254076408625,-0.10285561997756343,135.57236684698563,3.930293818915762,130.0,136.0,141.0,-0.1327745734283788,-0.8633123860506422,133.5769064305986,2.767043291514273,130.0,134.0,137.0,-0.2051047613123466,-0.9738346546143131,41.23252248151584,28.407824206974237,8.0,37.0,80.0,0.7289149482302523,0.1910374931195249,123.77874210496626,2.078186510998258,121.0,124.0,126.0,-0.11174127220134973,-0.7565635439181824,139.70170729192805,5.531803193210598,133.0,139.0,147.0,0.17195436323771185,-0.7159785054028118
8.78.jpg,8,7,8,140.46217191964814,42.47258988263497,87.0,137.0,200.0,0.32899776947911014,-0.5171289379149049,117.70808410605946,41.16263424614472,67.0,114.0,176.0,0.4103947456809158,-0.3376997214316364,85.52205843735229,40.54237605570555,37.0,80.0,143.0,0.558491161293929,-0.0817110879869496,17.578118283021034,0.7968243519474004,17.0,18.0,18.0,0.22825273334827406,4.334043129736207,108.33011745048036,30.21072663200322,73.0,105.0,147.0,0.761107142713904,1.178575090761945,140.46217191964814,42.47258988263497,87.0,137.0,200.0,0.32899776947911014,-0.5171289379149049,128.6457602671911,41.493082711452935,77.0,126.0,187.0,0.2723942404138003,-0.47103488001768046,132.22871428877102,0.9583872449907544,131.0,132.0,133.0,-0.055585854265304484,2.0153218759957694,149.2087250456633,1.6865652554706294,147.0,149.0,151.0,-1.34656991765311,4.943624929259569,120.78920916417196,41.47314508747032,70.0,117.0,179.0,0.4010369941383008,-0.3762683226218848,110.68247569973292,1.3050238588807315,109.0,111.0,112.0,0.5701745733488423,2.498244429572755,145.26531155111275,1.5996164313171615,143.0,146.0,147.0,-0.8321860736551212,2.535182853295047
10.12.jpg,10,1,2,169.43582169658973,36.8303410147991,121.0,169.0,218.0,-0.07070857028962847,-0.6551827076659209,155.41547734397264,41.447040678310046,101.0,154.0,211.0,0.015133666410276104,-0.6405538046520358,152.01252778569392,45.878780809106395,91.0,152.0,213.0,-0.06657011274716647,-0.6081453192745849,38.199965802222856,62.99111977654257,0.0,8.0,170.0,1.4936506533119744,0.3579249309988968,32.025435546689465,23.28670869162926,8.0,26.0,64.0,1.3957894635170793,2.1642663149238954,169.68456017858838,37.22022052142357,121.0,169.0,219.0,-0.03687168660575281,-0.6329367869677776,165.60889284696495,39.27206193863459,114.0,166.0,217.0,-0.10638017372902303,-0.6000264786603191,132.70063455875368,1.7624470497109466,130.0,133.0,135.0,-0.8097369028212841,0.6988514297456163,131.896215445996,3.7331659609363776,128.0,131.0,137.0,0.7121485721336378,0.4735269898247765,159.21855466894652,40.547126145552774,106.0,158.0,213.0,-0.021026690156537086,-0.648522061562018,124.63798565593237,2.971470300176466,120.0,125.0,128.0,-0.502336616638454,-0.0006489337678319274,136.9667678350907,3.94266630293365,132.0,138.0,141.0,-0.6883246456762036,0.5483622802224675
5.04.jpg,5,0,4,50.0387646886045,33.298252928639585,10.0,45.0,95.0,0.6766491014533957,0.16527400042498552,38.10002499567196,27.698859530061487,6.0,34.0,76.0,0.8115144088548986,0.5901898021870298,25.40908189048978,21.22027928533379,1.0,21.0,54.0,1.1266383849538002,1.8298741165786545,15.900203077677212,13.74924414308803,11.0,15.0,18.0,9.397648085962212,97.25775330671603,142.25462760339164,48.292785811686485,97.0,130.0,223.0,0.7971396931744887,0.8377486045436355,50.04506320889963,33.28915855067969,10.0,45.0,95.0,0.6778220023142068,0.1659302387595032,41.29882568971521,32.24797068050519,5.0,36.0,86.0,0.7471493005650743,0.1129858908862742,131.25155955486306,1.9878769812761619,128.0,131.0,134.0,-0.057955059380937764,-0.5789119722320528,137.5047277805983,5.887958645225882,130.0,138.0,145.0,0.019594102869404703,-1.2142099768189212,40.22027314336623,28.568231501129613,7.0,36.0,79.0,0.7896345104017952,0.5196783750843337,120.87989336476758,4.304722709428886,115.0,121.0,126.0,-0.17892959536846795,-0.898168945110978,136.64496079472622,4.555214360429582,131.0,137.0,143.0,0.2607277564661777,-0.6921478221916337
5.38.jpg,5,3,8,54.673083339484755,35.994364066670634,12.0,49.0,104.0,0.6455091031968901,0.0015373109769520887,38.71408872813169,28.89934317422419,5.0,34.0,78.0,0.7977229667197058,0.4264866108492624,23.361201742083118,21.842959610542568,0.0,18.0,54.0,1.2051190550849056,1.8160800688546148,14.964563864078148,12.543099277770343,11.0,15.0,17.0,10.176070193908602,115.9607228253302,167.1653354986344,48.35936769951001,115.0,157.0,255.0,0.31336255801706925,-0.07871315538860113,54.67967668118403,35.98466049778377,12.0,49.0,104.0,0.6466735479175494,0.001959429177612826,43.0996752048424,33.919364882547555,5.0,37.0,90.0,0.7184166185994901,-0.041202349415355055,132.79965994931226,2.662310764604693,130.0,133.0,136.0,-0.0689814103872175,-0.6586104053083992,139.61762801112178,6.792267184459676,130.0,141.0,148.0,-0.14843087176232503,-1.2506734735459373,41.728037695922836,30.12516863081385,7.0,37.0,83.0,0.7787713869195796,0.35796894245817246,119.08116532565636,4.922245213391326,112.0,119.0,126.0,0.01739407890597769,-0.9316305048924742,139.36347826086956,5.6669218701184345,132.0,139.0,146.0,0.17618755833931743,-0.7472854505654514
5.05.jpg,5,0,5,48.57343670064911,32.70858959999218,10.0,43.0,94.0,0.6637603100565731,-0.020864400372389014,29.986207154792265,23.968746851516958,3.0,25.0,63.0,0.963487457840617,0.9395218374672325,24.044175716656067,21.70207496863174,0.0,19.0,55.0,1.127473464922529,1.4754894497474913,9.07960246183054,16.496297681603778,5.0,8.0,11.0,8.894691397479937,81.75033796901707,151.79528009741503,50.369558881557886,101.0,140.0,255.0,0.573949052905611,0.08705344980616436,48.579585927728466,32.699742462023124,10.0,43.0,94.0,0.6649039700712115,-0.02038540621440088,34.81787589308466,29.336227434869734,3.0,27.0,77.0,0.8690977177908457,0.2809724385303922,135.45070697875272,4.354985883251569,130.0,136.0,141.0,-0.09497731177622185,-1.1339323415545084,134.76740992318452,3.9706664085709984,130.0,135.0,140.0,-0.07586433672912146,-1.2567905613390027,34.86590600071194,26.233991784563962,5.0,29.0,72.0,0.8671087071020324,0.582640457118552,122.83057651496142,2.8154115587393336,119.0,123.0,126.0,0.04758079688834756,-1.0894333014448974,140.0350654264145,6.2543020655465416,132.0,140.0,149.0,0.11444958455060154,-0.9411598771881691
5.8.jpg,5,8,-1,46.450402070458615,31.733762761670246,9.0,41.0,91.0,0.725906878776408,0.18678623678922435,30.485782617406713,24.18306355386565,3.0,25.0,64.0,0.9518032164416714,0.9283166279089854,27.45370986346722,23.779732293951117,1.0,22.0,61.0,1.0482298022571188,1.175498734436534,8.032022665336157,20.738732741822812,1.0,5.0,11.0,7.394720459644467,54.87199134046574,129.86610343734256,53.43053183579279,79.0,115.0,219.0,0.9585999783270711,0.4234896023095356,46.45512741957132,31.727068547044794,9.0,41.0,91.0,0.7268173961747454,0.18734435927831594,34.65366454057566,29.316000202729573,3.0,27.0,77.0,0.8894164265951083,0.365415168063457,134.63369280416427,3.9678074374614845,130.0,135.0,140.0,0.0102103021693934,-1.0126024072600803,132.55052724333726,2.377368064711768,130.0,133.0,135.0,-0.2216529848796354,-1.0990982197784283,34.92921556384206,26.35005756154343,5.0,30.0,72.0,0.8793029974309419,0.6546493792153418,124.63597207876457,1.6144785581642718,123.0,125.0,127.0,0.1025283503010774,-0.5906114429155465,138.1263224850172,5.217003714495755,132.0,138.0,146.0,0.21627952991734642,-0.7602051346803376
5.11.jpg,5,1,1,40.723004187990796,30.561043498386447,6.0,35.0,83.0,0.8728687797783912,0.6107599560613379,40.40856544294859,31.01457958126922,5.0,34.0,83.0,0.8510316008775333,0.5043883439319736,42.22825279280436,33.63845676167675,4.0,35.0,89.0,0.8394938102157589,0.3348121062546161,80.12779110231885,58.6158360129775,0.0,114.0,165.0,-0.17889749798095583,-1.5749005985975482,35.133159822521,48.21564320471015,0.0,21.0,77.0,3.105983353714617,10.414459873862386,43.08139495301397,32.98533122230708,6.0,36.0,89.0,0.8669077522095785,0.4434959624643575,41.70868711448796,34.85397002387746,3.0,34.0,91.0,0.8151421973417564,0.13413378043198287,128.62584202346287,0.8809367336250035,128.0,128.0,130.0,0.44835327869564423,-0.24632971904649148,126.95967332504684,2.104462466232682,124.0,127.0,130.0,-0.40488712072480504,-0.6292930356184208,40.688961930716275,31.13010753598899,5.0,34.0,84.0,0.8578256921797036,0.5219672166778282,128.66850681496783,1.4005209259077906,127.0,128.0,130.0,0.43891904165532114,-0.6678382076715055,128.0340422572745,0.8746865955071813,127.0,128.0,129.0,-0.5897336054848392,0.6333765698454967
6.54.jpg,6,5,4,76.01067001304102,44.41938027249052,21.0,72.0,137.0,0.4389415448504929,-0.43915932312836103,49.86372825471814,34.139587449788,8.0,46.0,97.0,0.6089074580246422,-0.11660154067967543,39.812511995275706,30.67874060022808,3.0,35.0,82.0,0.7566425343989942,0.17287631578422058,8.932758052213282,10.71008727340951,6.0,8.0,11.0,13.803854734759648,202.50877837299882,140.91093083339484,46.207544587372745,96.0,128.0,216.0,1.0611362433426248,0.5845053682871866,76.01288698604857,44.41569073635198,21.0,72.0,137.0,0.43931627589559213,-0.4393184826003269,58.878379961123,40.41759817336632,8.0,55.0,114.0,0.4613215325912859,-0.5135287431058253,137.98875076892793,4.402667111742823,132.0,139.0,143.0,-0.3120052570453738,-0.6664354374626558,138.4755060160921,4.774822079725443,131.0,140.0,144.0,-0.504950229222591,-0.7388221124739256,56.536084249895424,36.71967516522645,12.0,52.0,107.0,0.5650033389671617,-0.22080154680462183,119.93712605496911,3.6351095342955113,115.0,119.0,125.0,0.24674890338880567,-0.6269801504324279,145.0892817597992,7.543933250821896,135.0,146.0,155.0,-0.01124244897131652,-0.8191942865239015
10.13.jpg,10,1,3,177.09809293721514,35.87777156773091,129.0,178.0,224.0,-0.16426481711967106,-0.6446352231768282,152.79500388065102,41.03038025005403,99.0,152.0,208.0,0.021540961164362955,-0.6347946204408337,136.43616037300933,46.833487432115376,75.0,135.0,199.0,0.013326112916334053,-0.6033805741362728,12.543150602327612,9.75657989524079,10.0,12.0,14.0,13.425482777047739,197.2857453956681,64.69084049648991,32.37841944016056,26.0,61.0,108.0,0.7184283066339522,0.6791631577955721,177.11145978614599,35.89913970398129,129.0,178.0,224.0,-0.16215022583697414,-0.6433741204140762,164.73323782457902,38.658065215104614,114.0,165.0,216.0,-0.11066710399920872,-0.6030792156894744,134.67651029296485,2.224422924286961,131.0,135.0,137.0,-0.9339668936857675,0.7811604534495942,140.2366535755482,5.008192061859989,134.0,140.0,147.0,0.052580204907189995,-0.19451599011223708,158.21500703185635,40.05478247902396,106.0,158.0,212.0,-0.03463238801765601,-0.6451413641904984,117.40791429110524,3.837416090333269,112.0,117.0,123.0,0.3090247145422268,-0.03122809653295544,144.5256910768369,4.740796151044071,138.0,146.0,149.0,-1.2330954671830685,1.3683967320347987
10.07.jpg,10,0,7,213.59857485766082,30.535671820699292,172.0,217.0,252.0,-0.6340568430950285,-0.09796970161050877,189.85194781448348,35.66613127548105,142.0,192.0,235.0,-0.42671695685574923,-0.33343145418040887,157.11000235367806,45.43512653053202,95.0,160.0,216.0,-0.3129963159698359,-0.493733444385831,17.337754260449067,1.9346343753980038,16.0,17.0,19.0,18.25869414679796,1250.2209045594727,71.68803893878297,31.76156140331572,34.0,67.0,115.0,0.7015345406828902,0.5129739211459041,213.59905775070075,30.536250579272572,172.0,217.0,252.0,-0.6339994732771388,-0.09803787996826996,198.9600594449599,32.55493776515304,155.0,202.0,240.0,-0.534534098120285,-0.1764823173987904,131.72920204478214,1.6666233754073754,130.0,132.0,134.0,-0.42946480080228683,0.961122054786864,147.92279449667276,6.977443470463081,139.0,148.0,157.0,0.048606760026570266,-0.5090921275742839,193.2345936209489,35.126479922198804,146.0,196.0,238.0,-0.47089292450036724,-0.31409099307049315,110.22033198531771,5.68200771620075,103.0,110.0,118.0,0.1849540052909317,-0.4666800427349602,145.86230399794587,5.081211846837583,139.0,146.0,152.0,-0.7332961761053154,0.38086537710926294
8.45.jpg,8,4,5,155.4593825401349,37.33995417141242,112.0,151.0,205.0,0.6764753816141634,0.30046349139370454,88.5319065260758,42.14304192887037,49.0,78.0,144.0,1.5988507808835348,2.7616424186766517,41.00542177258478,49.853108590830345,0.0,23.0,110.0,1.8158214331011486,3.1033993831840325,12.451592571482854,2.9781437190724143,10.0,13.0,14.0,35.06601236427955,1864.776056323851,199.79812814667048,55.366721921003034,116.0,217.0,255.0,-1.2049187032783668,0.8519781148417014,155.45940961337513,37.34001801769731,112.0,151.0,205.0,0.6764821726895074,0.30048003550064584,113.49292153510022,39.405384000962876,73.0,106.0,165.0,1.2446757042680832,1.6781728283088366,152.38473021753586,5.374011063806838,146.0,154.0,157.0,-2.1863462866933223,6.174807621796463,165.8692998955068,8.485104782329795,154.0,169.0,173.0,-1.5913637271612162,2.3861797437132752,103.14312957157784,41.11881638265139,63.0,94.0,158.0,1.391077783128854,1.984781154529549,97.45429419587727,6.449365213990058,92.0,96.0,106.0,1.4397829896366188,2.2719119728571364,173.8640785598936,8.423327960299462,165.0,176.0,182.0,-2.0799406880737266,6.093316058268201
6.68.jpg,6,6,8,115.20849794490837,58.599608361795916,37.0,114.0,194.0,0.09787600661791605,-0.9031994304517301,34.12618486293229,28.26367073183044,1.0,28.0,74.0,0.9002393025127012,0.464138458143474,37.92986720198254,30.14791620191418,2.0,33.0,80.0,0.7387648795879698,0.02333895661711205,128.4548711409892,79.67943181930244,0.0,178.0,179.0,-0.9795253195490544,-1.0382734732036598,192.40439058217547,34.10492336127224,153.0,188.0,255.0,0.20571922872610163,0.03675160625020979,115.210551091348,58.595640799751585,37.0,114.0,194.0,0.0981834121165557,-0.903657338655488,66.84341573151731,41.26099853750546,11.0,65.0,123.0,0.2604970856863939,-0.7774476487097024,162.43740772512152,13.350375543826827,141.0,165.0,177.0,-0.7025247092832604,-0.40518199322494164,144.86870123655632,7.175593177490595,133.0,146.0,153.0,-0.6086912664838524,-0.5147134458218616,58.7960469879729,36.84091255107029,14.0,54.0,110.0,0.5221872163071459,-0.41163728861827664,117.8344989875294,4.170461511100084,112.0,118.0,124.0,0.2585723677051809,-0.5929699175696861,177.4787658362657,20.819567130753338,146.0,181.0,203.0,-0.38496143426550894,-0.9322113414079718
8.51.jpg,8,5,1,117.96192367313796,66.23272026268454,31.0,114.0,211.0,0.16594718038667475,-1.0074482648938405,83.23772938658006,55.54576922776435,13.0,77.0,163.0,0.3893050634011154,-0.7733302094969665,90.20091434758002,58.61829448026425,15.0,85.0,174.0,0.31288734203900503,-0.8769091539126337,159.00980586107625,48.79945568981644,171.0,174.0,177.0,-2.917539937173891,6.533970617158486,94.19510789596713,45.41645649640384,56.0,81.0,150.0,1.9475170863519804,3.956675974638048,117.96322285376836,66.23044431681298,31.0,114.0,211.0,0.16608610208840266,-1.0076096436910782,97.36175979921754,61.165942786232755,15.0,95.0,183.0,0.18891279669221395,-0.9844501861739268,143.29461971900298,5.388411610964302,135.0,145.0,149.0,-0.8679648547628293,0.017356507238202035,129.82852636500087,0.8928418184277906,129.0,130.0,131.0,0.31073778377514455,0.7349795110607689,94.42935016362786,58.98387197350503,18.0,89.0,178.0,0.3054064251697069,-0.8808545230149529,126.08220811495781,0.40172118812486374,126.0,126.0,126.0,2.136540765498002,9.641198125423832,148.65678255948427,7.633278060934847,138.0,150.0,158.0,-0.5092362959637552,-0.7109337135908311
6.83.jpg,6,8,3,56.57968172826106,37.84862778996566,12.0,50.0,109.0,0.655202061336522,-0.06435856741295831,32.559094339696045,26.22395508190229,3.0,27.0,69.0,0.9278977023918705,0.776156332436587,27.60630211889381,25.483658106607983,0.0,21.0,63.0,1.0784076738892205,1.1289814307031314,7.780787470651969,18.61972077441626,2.0,5.0,10.0,8.09426818467881,66.55502200830423,156.5776572733515,51.91350287692501,102.0,144.0,255.0,0.5110153339074608,-0.35530434905015085,56.58645341565371,37.838803615920966,12.0,50.0,109.0,0.6563065009346248,-0.06396890868935978,39.654073030156255,32.764363076645054,3.0,33.0,86.0,0.8009523208608499,0.10090904269318246,138.02893078824872,5.802340839047926,130.0,138.0,146.0,-0.0024151603087741924,-1.0715966745314178,135.23343282972402,3.745783838714432,130.0,136.0,140.0,-0.3859045865877993,-1.0350713682901471,39.17648597810885,29.49753167560736,5.0,33.0,80.0,0.8402912944807135,0.44853789102209474,122.40940187399458,2.6335456902240906,119.0,122.0,126.0,0.42446241313255106,-0.7759320894176716,143.27929842887127,8.005202100507532,133.0,143.0,153.0,0.1997867785715459,-0.8196977013239888
9.5.jpg,9,5,-1,197.23520489642843,38.14469459614734,144.0,200.0,248.0,-0.35157924116960676,-0.6245292566113605,143.06720091268244,43.34479317474526,86.0,143.0,201.0,0.018148602810152046,-0.6738673109043192,139.20001595054552,46.24580621686792,77.0,140.0,201.0,-0.051717549977514744,-0.6762581170104607,18.763533162545784,51.44225436805411,1.0,2.0,6.0,2.781094797910763,5.744238168295535,80.59226758401755,28.495313822989182,48.0,77.0,119.0,0.5239368625903809,0.2984397475457805,197.23520489642843,38.14469459614734,144.0,200.0,248.0,-0.35157924116960676,-0.6245292566113605,163.93990923750556,40.18315700916244,109.0,165.0,217.0,-0.16554869006582296,-0.6476117253556808,148.31040150635397,3.6734463630085243,144.0,149.0,152.0,-1.6232997740274588,3.2668005462870866,138.5902654987755,3.683528495391167,134.0,138.0,144.0,0.12706058338665302,-0.3433300537875996,158.85250024801152,41.98408319763641,102.0,160.0,215.0,-0.10047296535710533,-0.7016328021239411,118.49681475386558,2.3032656930103372,116.0,119.0,121.0,0.5602396523427647,0.6175184254615855,161.71921836491347,5.234256450174504,155.0,164.0,166.0,-2.1114907527978146,5.4836563747129095
8.86.jpg,8,8,6,141.30126009309672,43.201450798826954,88.0,137.0,202.0,0.3467623990901947,-0.48280680133972886,98.59616039246123,39.54830019921483,52.0,93.0,155.0,0.618647076402407,-0.023950180712394964,93.6040598028746,40.759315967977294,45.0,88.0,152.0,0.5773906903242706,-0.05573409859707246,4.0289696920183085,12.19232762914677,2.0,3.0,5.0,14.066703683957941,198.6354392560059,93.11903094600352,24.36955375893117,64.0,91.0,124.0,0.6353810302349113,1.036183528383689,141.30126009309672,43.201450798826954,88.0,137.0,202.0,0.3467623990901947,-0.48280680133972886,116.47208751792004,40.999242418468654,66.0,112.0,174.0,0.39807440306197317,-0.33500046702616926,144.74831838455987,1.9325665307111637,142.0,145.0,147.0,-0.700224648805066,1.1495291925765825,137.9881717951561,1.304387163780897,137.0,138.0,139.0,-0.6667806605018683,2.696357214927257,110.80663173108158,40.721793561206354,62.0,106.0,169.0,0.525473223060491,-0.19829579015785725,119.43770874303866,0.6516153108919072,119.0,119.0,120.0,2.2310138485102873,10.861044072594133,154.8034717723974,3.4811080326868002,150.0,155.0,159.0,-0.5525450660894579,-0.0726232797510229
4.51.jpg,4,5,1,47.47152629118378,30.314968911909183,12.0,43.0,89.0,0.672260660295585,0.0829456226334746,34.99482296203342,25.286901449670584,6.0,31.0,70.0,0.800215509476024,0.40028504608903415,34.792153244260724,26.082262217710056,5.0,30.0,71.0,0.804714810195121,0.3613150531091325,48.49831549420536,76.59339463708282,0.0,3.0,178.0,1.0806045168117013,-0.8203258465930738,91.5804970350139,49.05528691507686,51.0,76.0,153.0,1.8364485526851908,3.280680595910958,47.472568096257476,30.313387435589043,12.0,43.0,89.0,0.6725006657493993,0.08301397703256974,38.72970546984572,30.03586386925542,5.0,33.0,81.0,0.7519697333604239,0.015852592981409508,133.4810260574297,2.9826016282695225,130.0,134.0,137.0,-0.14687678144104255,-0.7616972442569905,130.2345857631456,0.8544927596621953,129.0,130.0,131.0,-0.5076244734020685,0.7077844136391209,38.72010826505253,26.833646890166396,7.0,34.0,76.0,0.75798599524638,0.287060261301896,126.20042863118526,0.5139869525275307,126.0,126.0,127.0,1.7044219242851202,3.6040310670203404,135.71379641248984,3.4439887337156905,132.0,135.0,140.0,0.20115681433431473,-0.5144695457732107
4.45.jpg,4,4,5,58.343089426149945,41.933011319789536,7.0,53.0,117.0,0.5934966084138115,-0.23332871806726896,27.569018205018974,25.868094852572696,0.0,23.0,63.0,1.0133319231562956,1.0977835313698447,10.29551886930084,16.912294706921116,0.0,3.0,32.0,2.7428588692070424,10.456212964995347,14.574782771076604,28.279921849426238,0.0,11.0,14.0,4.758324563976681,22.23387216908109,222.57419970083,43.840017588898775,169.0,239.0,255.0,-2.249711053030791,7.452337813317735,58.378467055315326,41.88523948335347,7.0,53.0,117.0,0.5976211861259706,-0.23104804484633013,36.706442853280265,33.10997590847301,1.0,30.0,83.0,0.8341811100438955,0.18100731222832156,140.1843508614267,7.377010891994914,130.0,141.0,150.0,0.007766930592073163,-1.008971359518909,143.42059448850296,11.658976299583877,129.0,143.0,159.0,0.12108663596050719,-1.3916545686470714,34.79338207975662,29.17726625554117,2.0,29.0,75.0,0.9323837581279363,0.7719680576893073,116.0003788254563,8.538413506312928,104.0,116.0,127.0,-0.12053899753504642,-1.2313634707411645,148.6699880759946,12.152439386456951,132.0,148.0,165.0,0.11382351023962653,-0.9258458305570914
4.86.jpg,4,8,6,38.89836292937604,30.583828950083117,3.0,34.0,81.0,0.7785463865261921,0.2921123349713106,27.968520528546613,25.091195370433287,0.0,23.0,63.0,0.9866427588553099,0.9239733428465549,24.76416388991011,24.152876955732896,0.0,19.0,59.0,1.1276494355360778,1.3213085911560345,11.247002464553804,25.369517312804334,0.0,6.0,13.0,5.459298545808549,29.6358288792346,127.06270752729586,69.45341766821181,62.0,106.0,255.0,0.6583920940168277,-0.5028183920003264,38.91987817284556,30.55752517389908,3.0,34.0,81.0,0.7816095650069098,0.2960855787919736,30.638976422370444,29.213462595222538,1.0,23.0,73.0,0.9916479010961138,0.5839263266262384,132.2719529108773,2.9100182975938877,128.0,132.0,136.0,0.03157972396144847,-0.9814590712735725,131.68368025769857,2.309725626965248,128.0,132.0,134.0,-0.18572534005767224,-1.0892874940154167,30.864699983854937,26.600814149405345,1.0,26.0,68.0,0.9311780848662143,0.7301445061323335,125.3268081985804,1.5359058552003855,124.0,125.0,128.0,0.3815328316312616,-0.7735313159241839,135.07833468523933,3.9592934114695097,129.0,135.0,140.0,-0.007407255037573873,-0.789054133015644
9.11.jpg,9,1,1,148.8597796295972,40.512629727131454,97.0,147.0,205.0,0.1710687653565848,-0.66621905459027,128.80090606879352,41.580757015702886,76.0,126.0,186.0,0.23149126984766166,-0.5867137786861645,116.73514799966543,43.94042678868939,61.0,114.0,178.0,0.22790396987338038,-0.5652315617410042,11.202494120667822,2.4451308562939436,9.0,11.0,13.0,34.92965808474621,2323.094068578821,61.438967279984595,25.253381116313633,34.0,58.0,94.0,1.024539422578653,1.4265876224446625,148.85980686223593,40.51268483380799,97.0,147.0,205.0,0.1710743312395519,-0.6662097468853951,140.24313202577764,41.149054123171304,87.0,139.0,196.0,0.10468801557843352,-0.6349970081002847,133.8183792106036,0.9942930206928863,133.0,134.0,135.0,-0.7657647916103352,2.2823290197383397,137.5606018607673,2.3931025303778717,134.0,138.0,140.0,-0.05885404405270683,0.2389170282579216,133.39148620180552,41.5450712508926,81.0,131.0,191.0,0.21105903229240072,-0.6117302431021279,119.82345955661374,1.4241094772865703,119.0,119.0,122.0,1.228849074712015,2.2314110200739705,141.51175331508747,1.658522044727691,140.0,141.0,143.0,-1.5229437151675418,4.822315131338205
7.28.jpg,7,2,8,100.82931943690684,56.30755663172036,24.0,101.0,174.0,0.13134600275232478,-0.7369398579588067,80.41513142665958,50.237204370198015,13.0,79.0,147.0,0.2913299057796926,-0.566258247880663,90.05063325610935,54.71348812144748,17.0,89.0,163.0,0.22463109465322803,-0.7073890127697493,160.55523946242772,31.26164925863597,161.0,165.0,173.0,-4.777157850423345,21.440157995227054,69.97345449912369,49.36416967658043,38.0,54.0,116.0,2.613777142312819,6.658297271221141,100.83518466646825,56.297437027624454,24.0,101.0,174.0,0.13203819244747003,-0.7375295676812703,90.95801164778861,55.1797126400675,12.0,92.0,163.0,0.11476881255558226,-0.7946207743679188,138.03878025011232,3.7913360044728495,132.0,139.0,142.0,-0.8908986187025353,-0.002435433053561642,125.77569448091673,1.9751072296927787,123.0,126.0,129.0,0.15228905164849305,-0.9784961946222368,87.63259182748513,52.543757074006,17.0,87.0,157.0,0.2340004362545312,-0.6452661544779636,129.06560828961523,1.243881857104614,127.0,129.0,131.0,-0.15384405876024695,-0.9684339351178708,139.59580539556381,4.126498337422052,133.0,140.0,144.0,-0.748149381469058,-0.18888630910103865
9.05.jpg,9,0,5,204.6505741223796,35.33992959128023,155.0,208.0,252.0,-0.45105839259684,-0.5229323167441473,148.88903623691618,42.02473560139186,93.0,149.0,205.0,-0.03859254472237519,-0.6472756291645196,114.92551095238373,44.93777371031677,56.0,113.0,176.0,0.08488214280781607,-0.6295878919041016,11.462558039561243,1.143196959710889,11.0,11.0,12.0,4.104452580924467,26.92914244731102,117.571649558734,34.70513465372321,75.0,117.0,162.0,0.25721004148250914,0.021791118948098376,204.6505741223796,35.33992959128023,155.0,208.0,252.0,-0.45105839259684,-0.5229323167441473,168.5101791713108,38.079242635602114,117.0,170.0,219.0,-0.20820257920318896,-0.6066610720621419,145.24341067402727,4.484444212232128,139.0,146.0,150.0,-1.0949620934752355,1.3062737568951421,154.61834089039058,4.675416741878754,148.0,156.0,160.0,-0.9173492108456213,0.3994077164528482,161.68735423243834,40.23004380639269,107.0,163.0,216.0,-0.14455215035294564,-0.6712526290261054,104.89440058044424,3.0642500858530997,103.0,103.0,110.0,1.6815330015393266,2.703811626311917,165.6087336044926,6.18748915189356,158.0,168.0,171.0,-1.8842939270077927,4.137733268858844
7.14.jpg,7,1,4,69.11911124234148,35.72127114936856,27.0,64.0,119.0,0.6720336325803472,0.09629924041610627,59.75895475012918,30.73087422021648,24.0,55.0,102.0,0.6737391519412006,0.16289183182677558,52.19310203981201,27.99541102334155,20.0,48.0,91.0,0.7652295810743126,0.4437720839833741,15.007454048866908,12.208012332717413,11.0,13.0,19.0,11.105303008392017,133.1774197442379,63.795799808075586,20.217380235741384,44.0,61.0,85.0,2.0480019299366803,12.237604046920584,69.12114564110135,35.718134136868194,27.0,64.0,119.0,0.6724562130330846,0.09634162211024488,64.88995152678329,35.37962500459861,21.0,61.0,114.0,0.5234560220576647,-0.20419132059939216,130.56870352599591,1.9457691292171804,128.0,130.0,133.0,0.6133092836823798,0.37748161593088314,134.0576373612854,2.7212752780243874,130.0,134.0,138.0,0.04646460725097039,-0.5340618638359316,61.6918466573165,31.877639518784083,24.0,57.0,106.0,0.6811652206379298,0.15871113580581797,123.51776973991781,2.4041415481373756,120.0,124.0,126.0,-0.4019339577154274,-0.7867982864577128,134.60335818508403,3.753623433112171,131.0,134.0,140.0,0.7758300223194174,0.2811167052788912
11.3.jpg,11,3,-1,235.57966227637627,19.993325129320766,206.0,241.0,255.0,-1.0176224828116538,0.3938616919052875,195.95111157795634,30.445734780189127,156.0,196.0,237.0,-0.1693315608943137,-0.5563373223213803,154.0229522514584,37.95547124018017,106.0,152.0,206.0,0.0608222384445871,-0.48986341734674843,16.010419888385083,2.7364736231784628,14.0,15.0,19.0,4.823177806277697,135.7145079798401,90.34270476512822,29.810191280208322,47.0,95.0,125.0,-0.3380315540231146,-0.19514670546233592,235.58000414325147,19.993618532213162,206.0,241.0,255.0,-1.0175906310715483,0.3937770960857705,208.12672805681507,25.548363374407483,174.0,210.0,241.0,-0.373373286949771,-0.4047284205275612,136.66059670601783,4.7332166792210755,129.0,138.0,141.0,-0.8484454286111772,-0.3353445170615017,154.60410211072403,6.7866576607529,145.0,156.0,162.0,-0.8130461936349661,0.25470507461269465,203.02134941615168,27.792720575658564,165.0,205.0,239.0,-0.3586819230395372,-0.4580409908052503,103.78925487610123,5.778167649416703,98.0,102.0,112.0,1.0922574581758735,0.7372003299060133,156.57882341384467,9.377646134048554,141.0,160.0,165.0,-1.0961707184540552,0.18405910992728325
5.jpg,5,-1,-1,38.34268300484732,27.113856468316385,7.0,33.0,76.0,0.8258285090124188,0.5501231168077401,31.65808715336729,24.482148803999067,4.0,27.0,66.0,0.9206049592881258,0.8351807371581916,24.11869983514185,21.50770302472697,1.0,19.0,54.0,1.1265797833498767,1.5222919795818193,16.5529775350016,13.76982362883903,13.0,16.0,20.0,9.247998523498218,95.59202148969734,122.6059905022022,58.158517708047725,67.0,106.0,227.0,0.961382255544546,0.2686083634174774,38.347129253709305,27.107870555182227,7.0,33.0,76.0,0.8267785505730807,0.5511017715988609,32.82475628060333,28.0715649903971,3.0,26.0,73.0,0.9313611760684405,0.49897337589718394,129.56011023350803,1.2352324379891748,128.0,130.0,131.0,0.06524845151302142,-0.5077639494254722,133.47155680224404,3.1322910203670085,130.0,134.0,137.0,-0.0912083474635894,-1.2093659583427774,32.80621490612928,24.945856106227193,5.0,28.0,68.0,0.9096645763773701,0.7873110173052686,123.93000123028469,2.2046235067409365,121.0,124.0,127.0,-0.06915387255647573,-0.8172743826079389,132.95989567185848,2.180092926036321,131.0,133.0,135.0,0.14491337681819566,0.10345829451728417
7.jpg,7,-1,-1,67.93530740786129,34.963363853506486,27.0,63.0,117.0,0.6816509363897306,0.11152802119328964,54.18666612201389,28.59013626213647,21.0,50.0,94.0,0.7155859795547928,0.2479472452682816,40.17852648082336,23.67225266165835,14.0,36.0,73.0,0.9043867416626878,0.8815733672648927,15.499264718754924,4.380515458042409,13.0,15.0,18.0,25.36293837063598,865.8645221526443,108.76185835526533,26.284161187893115,83.0,104.0,139.0,1.6924541580512689,5.588526343904631,67.9357066577966,34.96270125393828,27.0,63.0,117.0,0.6817509150189301,0.11151695466184641,59.53822587139581,33.558455255380956,18.0,55.0,106.0,0.5648799096997565,-0.15994603817155584,131.68605776431707,2.247791220213897,129.0,131.0,135.0,0.5921204773757419,0.30622334334624934,138.74631678561494,4.537075840814185,132.0,139.0,145.0,-0.11047103218592785,-0.6766097244438307,56.70662521470018,29.8609400630188,22.0,52.0,98.0,0.7203049062931045,0.2473122641369243,120.02698997644377,3.709854986885384,115.0,120.0,125.0,-0.20441792624882774,-0.58043915468869,137.86631011361845,4.957428577106015,132.0,137.0,146.0,0.6433233664147708,-0.09245904639819047
11.1.jpg,11,1,-1,191.09543289197006,34.33641016637246,146.0,190.0,238.0,-0.06476763660234215,-0.8330510528633037,169.67462005606032,37.06982801827811,122.0,167.0,221.0,0.09111516357927643,-0.6836147460305115,155.94160301037368,37.79365129122925,108.0,153.0,208.0,0.15049495717625788,-0.5572951004328268,11.82010264759604,2.742701231648811,10.0,11.0,13.0,23.138351981883822,1144.43390343544,49.30106119757474,14.513698259828342,31.0,50.0,66.0,-0.027281949378497244,1.1145285644568155,191.0962061043905,34.33762657623951,146.0,190.0,238.0,-0.0646581716331783,-0.8329833178762582,180.44682535514278,34.48383487915607,136.0,179.0,228.0,-0.019264568802068154,-0.6943420961775488,133.5983895784582,1.7225205136694066,131.0,134.0,135.0,-1.2840929035957578,2.1189087527319312,138.00670798246995,1.7527546115135988,136.0,138.0,139.0,-1.6573342523166057,4.297216144005298,174.3913228059733,36.34067280936059,128.0,172.0,225.0,0.049778404231900886,-0.731421435824581,119.15582613127299,1.3240869161451956,118.0,119.0,120.0,2.583055707364599,9.19402673116027,142.80005067215987,3.071694505149762,139.0,144.0,146.0,-1.9660195409567078,4.238009665696397
7.02.jpg,7,0,2,79.79961494994058,38.45853323521392,33.0,75.0,133.0,0.5363303117931728,-0.2166906081401554,52.09811530688266,28.186286922359088,20.0,47.0,91.0,0.7305975806568006,0.28021477305508746,46.05517186712807,25.762799306758293,17.0,41.0,82.0,0.7932268639941016,0.4880466434455921,6.977847707303599,17.46325951756588,3.0,5.0,8.0,9.456138398615822,88.61211251043693,112.54459490477329,22.790866518197838,90.0,109.0,139.0,1.6755823630033897,5.717007181478229,79.79968351783447,38.458402599292754,33.0,75.0,133.0,0.5363498759962894,-0.2167061791484528,62.14926841461303,34.30510570267549,20.0,58.0,110.0,0.5173554288295942,-0.25680704373936436,139.41588129681824,4.219384024281676,134.0,140.0,145.0,-0.1496576858355711,-0.5833788940703561,136.67997078326906,3.664626614958231,131.0,137.0,141.0,-0.06856170361953681,-0.6044772179175535,59.69904092482041,30.868061529927658,24.0,55.0,103.0,0.666872473948393,0.09746503129278983,121.45486481912666,3.0663704390041553,118.0,121.0,126.0,-0.13741159091798033,-0.7093530981794571,145.63321380150128,7.341566708737699,137.0,146.0,155.0,0.17705663053746953,-0.7901280176934038
7.16.jpg,7,1,6,69.35833960778524,35.855066101082315,27.0,64.0,119.0,0.6651259984789648,0.07754825969408996,59.44152112398809,30.74104890792685,23.0,55.0,102.0,0.6793945368500129,0.17787008844315055,59.12925666199158,30.15181847190254,24.0,54.0,101.0,0.7088539814458963,0.2616606026420514,60.89222509288649,80.03096093533235,0.0,5.0,177.0,0.6624981158777853,-1.540648911622372,39.31874658595999,14.518693969453805,25.0,38.0,55.0,2.5576562815039097,22.33941242533768,69.38146256243695,35.8216648744133,27.0,64.0,119.0,0.6691823097719979,0.07903785935159346,65.18554071012032,35.5643428824696,21.0,61.0,114.0,0.521107470239808,-0.20779975359299874,132.1566157328806,2.293774398735841,129.0,132.0,135.0,0.4486208757157204,-0.07794950729208816,129.7349523879826,1.5830171390542724,128.0,130.0,132.0,0.09968238788398498,-0.1539241815767758,62.39737358824832,32.17001728851904,25.0,58.0,107.0,0.675657304080176,0.14710749661354328,126.51537806648459,1.1388701187637331,125.0,126.0,128.0,-0.33607665087252575,0.42074418515675616,134.20338771191655,3.6065153702451713,131.0,133.0,139.0,0.7421436405136469,0.19971072134603407
9.13.jpg,9,1,3,151.8277773887401,40.991622036771155,99.0,150.0,209.0,0.14406880648562045,-0.6786101586720887,127.3570821394739,41.135400094395244,75.0,125.0,184.0,0.24868361462414978,-0.564940963576138,108.7738504422386,42.84857308229687,55.0,105.0,169.0,0.2901468231460282,-0.5216490246680379,12.81817934248739,1.1720891520700314,12.0,13.0,15.0,0.4769736669118981,1.960756341046718,79.07439032930095,26.18650503364942,49.0,76.0,113.0,0.7475589452736765,0.8112672425468417,151.8277773887401,40.991622036771155,99.0,150.0,209.0,0.14406880648562045,-0.6786101586720887,139.5094506982254,40.854944658685085,87.0,138.0,195.0,0.11567136500005575,-0.626686688848896,134.60815539721722,0.9979482965309516,134.0,135.0,136.0,-0.978671396634065,3.298246515162533,141.81645785068343,2.1148637617810566,139.0,142.0,144.0,-0.8773390055805018,0.9044449886439483,132.49174413379785,41.31195083712175,80.0,130.0,190.0,0.21946542512120884,-0.6033617549281773,116.62065128800656,1.1484784404578006,116.0,116.0,118.0,1.7361183990160407,4.369740313555343,145.1889303214035,1.5189534860690124,144.0,146.0,146.0,-2.667090112538154,10.486186421939868
9.07.jpg,9,0,7,189.20919626757234,39.63775849575463,134.0,191.0,242.0,-0.250208232286549,-0.6749297648459747,154.11784486732842,40.95547646898858,99.0,154.0,209.0,-0.0566189643854867,-0.6229920651992193,116.03051319907642,45.07383413095508,57.0,114.0,177.0,0.09397023291470388,-0.6419527897802841,15.579684646043779,1.0394628827389651,14.0,16.0,16.0,1.2944860181268594,12.690548045700531,105.10467788651381,31.757950401397103,68.0,103.0,147.0,0.5087757848502324,0.34911701053046773,189.20919626757234,39.63775849575463,134.0,191.0,242.0,-0.250208232286549,-0.6749297648459747,167.5020152152643,39.121691082582586,114.0,169.0,219.0,-0.18964867048485906,-0.595728547402711,136.0607244076415,1.5537022594410932,135.0,136.0,138.0,-2.0206876987378624,8.537382250941116,153.18472531020893,4.072782147499984,147.0,154.0,157.0,-0.9587158385930306,0.49734982020670904,160.25770780934818,40.970988111432646,105.0,161.0,215.0,-0.09838685963671556,-0.6651235452442981,106.02709453032452,2.8640800185784694,103.0,105.0,110.0,1.4007710267776114,1.9030084072967766,153.27500782938364,2.7224965792302016,152.0,153.0,155.0,-3.1667340986647914,14.361189260596234
4.84.jpg,4,8,4,42.025592844818696,32.179543077281785,4.0,37.0,87.0,0.7467062894952775,0.2114361541990184,26.953154512156456,24.4663490604513,0.0,22.0,61.0,1.0005742017310193,0.9809451341880413,21.256372437457326,22.57550843318695,0.0,14.0,53.0,1.2865530979342363,1.8554255648655005,11.890800036569543,23.629771463275436,0.0,8.0,13.0,5.646164143897138,32.21685228923649,159.01663476557562,64.93091452659738,89.0,146.0,255.0,0.06332351139960955,-0.6860893787094602,42.05433057311088,32.14335606689953,4.0,37.0,87.0,0.7508079271679539,0.21606633736158587,30.679807873733925,29.137058003576833,1.0,23.0,73.0,0.9829099961811332,0.5648662553281381,133.79323230024374,3.8808398425490696,128.0,134.0,139.0,0.13986982891354718,-0.975020357686136,133.87017471682918,3.7527006144829844,128.0,135.0,138.0,-0.23854272722799683,-1.309648347399595,30.798863620890547,26.479248911913597,1.0,26.0,68.0,0.9404164795018382,0.7524020894844567,123.40522749951856,2.717591310073153,120.0,123.0,128.0,0.39509843214592716,-1.0814833348956054,137.86942776445323,5.605478574806691,130.0,138.0,146.0,0.07985209788829618,-0.7629978789199434
4.53.jpg,4,5,3,52.41282547181418,32.848846725627006,13.0,48.0,97.0,0.6267720177943611,-0.02965298352961776,37.26632661597894,26.615226510591548,6.0,33.0,74.0,0.767268922390805,0.31410892770262633,31.144632267906793,24.537738205335625,3.0,27.0,65.0,0.8822008987930526,0.5979987399177245,9.612103540759332,12.343634892761354,5.0,9.0,11.0,11.848114681362913,149.30091666246685,124.68509042592456,49.067597717148956,79.0,110.0,200.0,1.2395322311854937,1.0971718132998705,52.41495041952708,32.84556854658514,13.0,48.0,97.0,0.6272281041640385,-0.029582761586233186,41.67592578922763,31.631738213769623,6.0,37.0,86.0,0.696564320910544,-0.09452802207294919,133.71285893555768,2.978472707745136,130.0,134.0,138.0,-0.11287917177862682,-0.6537063488724675,134.21552619276102,3.154113106992935,130.0,135.0,138.0,-0.19831314517997256,-1.0356528759525505,41.090522870992345,28.191035502608052,8.0,37.0,80.0,0.7311465854526172,0.21396739907561457,123.27690706429468,2.3640392547172504,120.0,123.0,126.0,-0.0447576327774915,-0.9118142118451309,137.9413365812849,4.597754552009193,132.0,138.0,144.0,0.20445729767236392,-0.63620401944068
4.47.jpg,4,4,7,72.36256659839056,50.69236163548334,8.0,68.0,142.0,0.46066415718731635,-0.5327158656874063,43.70263028386135,37.38510802456853,0.0,38.0,96.0,0.7355879696171379,0.025592025584457723,14.761266045373466,21.40117899363441,0.0,5.0,45.0,2.0829582083167173,5.351499999246576,16.72321329575229,23.56249797088811,0.0,15.0,18.0,5.276121677796729,29.203534792143536,217.64923242862616,44.493289294776645,161.0,230.0,255.0,-1.7615739165308526,5.018589055967228,72.39965550712036,50.6408026724492,8.0,68.0,142.0,0.46412563368905824,-0.5319024794926106,52.66215577458378,43.73437405533294,1.0,47.0,114.0,0.5875136766392407,-0.448333612874491,137.5834534487219,5.012052137843628,130.0,138.0,144.0,-0.2919319865961354,-0.7591239562975618,148.89437140261705,14.251004094163324,129.0,151.0,166.0,-0.16745920148446816,-1.4492944154483498,48.966250007294455,39.12943500284464,3.0,43.0,104.0,0.710725688879391,-0.02441637557579357,111.18771409230698,11.281771413206473,97.0,111.0,127.0,0.08342528498574478,-1.3605554870515693,148.54270612676015,11.148875261912222,132.0,149.0,162.0,-0.12610145364497435,-0.9932307475105264
8.84.jpg,8,8,4,145.7511860786751,44.08357752242861,91.0,142.0,208.0,0.32170490975184524,-0.5412951609978065,95.64619890719311,38.878182677403025,50.0,90.0,151.0,0.6546120517367634,0.07284250170071216,87.10799929584176,40.962482518383574,39.0,82.0,145.0,0.5979439670286588,0.029619641883374737,4.757711213428025,7.0381937838746875,2.0,4.0,7.0,22.975931498010365,564.2252156426341,110.74970044097422,28.67816336475902,77.0,108.0,147.0,0.6868613557247284,1.1892349601843666,145.7511860786751,44.08357752242861,91.0,142.0,208.0,0.32170490975184524,-0.5412951609978065,115.60519579294636,40.67913506590166,66.0,112.0,173.0,0.41057390023844265,-0.3131082369264817,147.4702969719251,2.5158647794719364,144.0,148.0,150.0,-0.5955007930891855,0.5468920760442844,141.54213472764442,1.8718419485764424,139.0,142.0,144.0,-0.7206756720668006,2.4735008402113,109.6794159182554,40.59570045419577,61.0,105.0,167.0,0.5344741792647769,-0.17803009266730596,117.20405805220497,0.9051082694488815,116.0,117.0,118.0,1.394324620700362,7.656284102070444,159.67256545072934,4.437721018525328,153.0,160.0,165.0,-0.5064795165203326,-0.35208806758251665
9.7.jpg,9,7,-1,186.94631960613825,39.89180357007413,132.0,189.0,240.0,-0.2301969851912705,-0.6720724473371198,159.1295835935023,40.02751257150063,105.0,160.0,212.0,-0.10296875929190812,-0.6001264120484757,115.1088294050252,45.18513640549416,56.0,114.0,177.0,0.08436948541133679,-0.6355955011080043,18.363249359546693,1.3281525241176475,17.0,19.0,20.0,-0.13247277830428195,2.2383983782896975,104.6815201258926,32.173116632739934,67.0,102.0,147.0,0.5953880909746705,0.4952829189832717,186.94631960613825,39.89180357007413,132.0,189.0,240.0,-0.2301969851912705,-0.6720724473371198,170.21295388541674,38.525521808451465,118.0,172.0,220.0,-0.2167997689312535,-0.5664642522418397,132.22105462283767,1.1075356888552335,131.0,132.0,133.0,-1.1342676939242875,6.173517596799442,155.01046316882875,4.3955471729931865,149.0,156.0,160.0,-0.9818888760865311,0.4839417868109188,162.49302358151994,40.53293118767311,108.0,163.0,216.0,-0.12330658268894168,-0.6444912569922212,104.62457181538605,2.997751669346403,102.0,103.0,109.0,1.5572868237285271,2.3058886266590113,149.50330876560284,2.1583171091227924,147.0,150.0,152.0,-2.9795618566651525,15.109137296918234
6.81.jpg,6,8,1,53.4310328561786,36.21123876727939,11.0,47.0,104.0,0.6830132130488608,0.01832071454908535,34.02699046274089,27.19510784847461,3.0,28.0,72.0,0.9171634151385245,0.7157807552643249,33.06048077278448,28.465483492856066,1.0,27.0,73.0,0.9427208159781486,0.669758603568988,45.97647878091148,74.49281969347766,0.0,5.0,179.0,1.1971756860583658,-0.5508703822383478,127.25146569951896,55.48184612823732,75.0,109.0,223.0,0.9905583501711909,0.2422382808713528,53.43671426542875,36.203100901176825,11.0,47.0,104.0,0.6839698079272873,0.018757239721570507,39.89224822939219,33.11812320809552,3.0,33.0,87.0,0.8099822665181049,0.1161305374856898,136.45312825211198,4.859135449371452,130.0,137.0,143.0,-0.055257459229186075,-1.0587206831924052,131.91983197461917,1.693164243222628,130.0,132.0,134.0,-0.514501075561882,-0.22816528779652634,39.71421436755114,29.972693850065696,5.0,34.0,81.0,0.8376438881439565,0.43739542705672685,125.10925005203379,1.065220255426939,124.0,125.0,126.0,0.8464337665797234,0.7784745791480634,140.03948392204464,6.047332119971026,132.0,140.0,147.0,0.15146206079380534,-0.7814243855788336
8.47.jpg,8,4,7,162.08399323852484,72.9295334548778,25.0,188.0,234.0,-0.9385077729940772,-0.3103963371466856,118.84070802915448,66.54427631032169,0.0,138.0,192.0,-0.5658172600303087,-0.9022119422354127,79.19285960213115,55.58026089734492,0.0,83.0,152.0,0.01463386236088565,-1.1829750605214053,15.65822941163884,19.275145583618656,0.0,15.0,17.0,6.431902513664142,45.36889551794409,153.41443018621288,59.14972236502389,88.0,140.0,255.0,0.4793708924331256,-0.8687346521412338,162.11870901731024,72.85354896323406,25.0,188.0,234.0,-0.9360206112573424,-0.31740439580774815,133.76370871580602,68.68163534013237,5.0,156.0,205.0,-0.7545722226960246,-0.6582628419770251,140.23566104312678,5.79266750095223,134.0,139.0,148.0,0.4385871434954091,0.4654306595937392,155.65238655174494,12.353554477698982,131.0,158.0,169.0,-0.9306557094227819,0.06788959080223922,127.25939039738256,66.67665454796227,8.0,147.0,200.0,-0.6247884899433216,-0.8051080216874422,104.32782796364053,10.421215868075969,93.0,102.0,125.0,1.0104573217344381,0.08828916188449387,158.55794473330494,10.3715296611266,142.0,160.0,170.0,-1.2247577368295235,1.3238209474168379
8.53.jpg,8,5,3,124.47660982751408,68.07564742751572,34.0,122.0,219.0,0.10371119364409669,-1.055722892787252,85.87179252479024,56.518484790304846,14.0,80.0,167.0,0.36002496065217215,-0.8035730507113548,80.04384291725106,56.100059704919474,9.0,73.0,161.0,0.41009483555559445,-0.7997084903569576,5.183427573140425,12.960183004066975,2.0,4.0,7.0,12.31621425832227,155.48964275103768,113.3496921827711,49.46592452186818,66.0,100.0,184.0,1.365071623433494,1.4992455603263126,124.47883713491302,68.0716439866663,34.0,122.0,219.0,0.1039485644985841,-1.0560397566768387,100.43552373219163,61.911841799910505,16.0,98.0,186.0,0.1528916695111104,-1.0075783310144821,142.98368199601387,5.218614765059187,135.0,144.0,149.0,-0.8206608989167634,0.008662024125015932,137.7149105583032,3.151597558943874,133.0,139.0,141.0,-1.1467456773925595,1.0628593053597841,96.74242562929062,59.79161395838521,19.0,92.0,182.0,0.27746871024437914,-0.9171123718298926,119.96643734160085,2.604908932960849,117.0,119.0,124.0,1.1639585021071812,0.704400948181843,152.3407760635811,8.862309780768374,139.0,153.0,162.0,-0.5887315367035447,-0.631092784426424
7.8.jpg,7,8,-1,76.14513197131237,37.514399231900775,31.0,71.0,128.0,0.6092042173437162,-0.05379994945333211,49.678824094660655,27.205237216953673,18.0,45.0,87.0,0.7544954648359662,0.3733909376669895,46.6779516776278,25.870917904119924,17.0,42.0,82.0,0.8159034232331155,0.5868682025449381,12.721975183285384,39.782749257384715,0.0,3.0,6.0,3.8707292759392318,13.027996040408347,103.27474182485912,21.786041073296136,82.0,100.0,128.0,1.834758548826131,6.937768627746962,76.14519032696673,37.51428948200621,31.0,71.0,128.0,0.6092214314815894,-0.05381085616014181,59.25971183977872,33.458026566733835,18.0,55.0,106.0,0.5614603559775321,-0.16661929762639494,139.3428370379448,4.410313682400603,134.0,139.0,145.0,0.07400067501360276,-0.4219828629651272,134.6475916621441,3.022195712535003,131.0,135.0,139.0,0.028073044552135305,-0.6460458979356445,57.263934357669584,30.024428028581625,22.0,53.0,99.0,0.7081233741973272,0.21870301324010377,122.9688351627831,2.5712460023353536,119.0,123.0,126.0,-0.27748691666715797,-0.9228307706634009,144.56090628276428,7.234259637516347,135.0,144.0,155.0,0.37102381343006946,-0.5253014415368154
10.11.jpg,10,1,1,167.74007905245978,37.17673684628049,119.0,167.0,217.0,-0.02128916953782657,-0.6241131192640941,157.3451999556497,41.69926856301256,103.0,156.0,213.0,0.02068089941258875,-0.6116477555755497,158.50095265605762,45.7494769054472,97.0,159.0,219.0,-0.1160656240601595,-0.5830196957956955,102.49033046807071,74.72807229927147,2.0,145.0,175.0,-0.4574688565996156,-1.6592162948968732,22.85007605686953,18.96588288298678,7.0,17.0,49.0,2.0547482464915388,4.765856313973487,168.49433074817784,38.221287170395655,119.0,167.0,220.0,0.04823756414763976,-0.6005718278202008,166.932772340976,39.51004317902451,115.0,167.0,219.0,-0.09753308939913276,-0.5750730648392208,132.1676271034782,1.6697021559698064,130.0,133.0,134.0,-0.8292439369779077,0.8685993326983645,129.00186154537445,3.510728630105416,125.0,128.0,134.0,1.101751022367866,1.164178728521569,160.59345171750417,40.757674347470775,107.0,160.0,215.0,-0.010245861418493471,-0.6154415895582712,127.00829331108038,2.772742325046681,123.0,128.0,130.0,-0.9948773031522432,0.8307135390797837,134.28550358011938,3.7786467218445408,129.0,134.0,139.0,-0.32496241724065544,0.1767340226202272
6.56.jpg,6,5,6,69.12342511257106,41.04505446184476,18.0,65.0,125.0,0.48180254885146784,-0.35086996969388284,45.33015673826924,31.688480191134687,8.0,41.0,89.0,0.6727754106139812,0.03863552548606597,40.77242144632268,30.607025864465196,5.0,36.0,83.0,0.7385686154746566,0.15096896877222576,6.5329603110159695,15.852311086895911,2.0,5.0,8.0,10.075810162920872,102.98934111700545,124.84709037671317,46.91161774436737,81.0,111.0,194.0,1.3154797511422212,1.3261459377502867,69.12537535985827,41.04186175241567,18.0,65.0,125.0,0.482154827877449,-0.35097319124259174,53.49562313919441,37.86569622108411,7.0,50.0,106.0,0.5302333484271469,-0.4060927362073241,137.7748214856918,4.454019586657842,132.0,138.0,143.0,-0.34526212966341396,-0.736692470600167,134.88607465367485,3.0336698087122365,130.0,136.0,138.0,-0.4744877494631377,-0.6890098424725761,51.93239290371792,34.273506240588006,11.0,48.0,99.0,0.6136513838421421,-0.10229018729331596,122.64251174921877,2.4033358930440665,120.0,122.0,126.0,0.20781933044068793,-0.89074978331946,143.08024507270983,6.672248287584023,134.0,143.0,152.0,-0.014857138839897498,-0.8244442232576525
6.42.jpg,6,4,2,96.53654571484704,62.83728353695734,10.0,97.0,181.0,0.12767825775717875,-1.0629708333313808,48.497015594576034,40.58005181809053,0.0,44.0,105.0,0.5448369959201541,-0.5086718175162206,30.290637905109815,36.86356086191869,0.0,14.0,87.0,1.2976630971551208,1.0434098508708054,13.683201255035607,30.154476779656257,0.0,8.0,13.0,4.566621413726659,20.057474639404223,199.17742307265863,53.813253274336134,126.0,208.0,255.0,-0.8134783583627918,0.39531475146829687,96.57762225995887,62.77550134143341,10.0,97.0,181.0,0.13053726604455268,-1.0645998527439229,65.42810388862628,50.05748040415929,2.0,63.0,134.0,0.3027881724296209,-0.9623635813918692,146.94913088978757,9.820925839882863,130.0,149.0,158.0,-0.5347925516257397,-0.9275363989645244,147.3774623654659,11.883690528292627,129.0,150.0,162.0,-0.3200499174806186,-1.1753558511869637,60.78948635353022,46.25026654939262,3.0,56.0,125.0,0.45186614818773196,-0.7042722454964294,113.00461739115211,8.865200472548915,103.0,111.0,127.0,0.31998839260400724,-1.080044401078795,159.3471145074102,16.20591660240137,133.0,162.0,178.0,-0.4603611466341934,-1.0496384710818836
10.05.jpg,10,0,5,229.27130710830227,22.586150039259422,198.0,234.0,255.0,-1.0471185001373413,0.9355294942447374,185.52483178982627,38.23998397323012,133.0,189.0,234.0,-0.4650482738502545,-0.33637980552362556,172.33245119035809,43.86998184259473,112.0,176.0,227.0,-0.46778905231520596,-0.32838817231940176,7.909647940337179,11.971140744009888,5.0,7.0,9.0,13.114844697325584,176.78390308404332,66.2582150172441,34.28356860754342,24.0,63.0,113.0,0.5864096458079168,0.08681351420726546,229.27266047318656,22.587382589664557,198.0,234.0,255.0,-1.0469739951931043,0.9351156184462415,201.02921673095514,31.576388758230244,158.0,204.0,239.0,-0.603318865485391,-0.09113206661061257,142.27205940994654,6.8427987575853315,133.0,142.0,151.0,0.037632761225152966,-0.745167733386495,141.1383135993962,6.623287664436978,133.0,141.0,151.0,0.47814807684695965,-0.17917754245371853,197.11521691769323,33.870891716939454,151.0,201.0,238.0,-0.5892030778273701,-0.146464855424826,115.88247122579942,5.445999493621734,109.0,116.0,123.0,-0.1433511911345715,-0.5237701635281518,156.20371326754707,11.858778980155854,139.0,158.0,172.0,-0.17966040048694412,-0.7820437478371289
5.07.jpg,5,0,7,37.911815162028496,26.937499695683737,7.0,33.0,75.0,0.8295209320614882,0.5500531956137862,32.727230137053716,25.1305203656724,4.0,28.0,68.0,0.8951916652524203,0.7293025021680002,23.983081617086192,21.462354101269398,1.0,19.0,54.0,1.1319654386086422,1.5411056332350022,19.23691100120568,13.674091533172307,13.0,19.0,22.0,8.81074987402066,90.30384681538018,122.12585910779754,58.653713467534494,67.0,105.0,227.0,0.9676641285624412,0.24854253942546345,37.9165699662902,26.931196924159398,7.0,33.0,75.0,0.8305097883822634,0.5511211303345251,33.50294185674565,28.549016977324907,3.0,27.0,74.0,0.9122363396604111,0.42743280018454755,128.6992214758495,0.9663006262851853,128.0,128.0,130.0,0.40470074712599147,0.03667891279806712,133.89907581014248,3.4715036932803436,130.0,135.0,138.0,-0.06754372644289267,-1.25992480978479,33.21509214832312,25.222514170072714,5.0,28.0,68.0,0.9027505247234157,0.7535065823010991,123.63687212420955,2.3973286026604423,120.0,124.0,127.0,-0.05860392453474731,-0.9090999519429239,132.2413370733988,1.703192070883349,130.0,132.0,134.0,-0.1889943599769699,0.3958529753593143
5.13.jpg,5,1,3,41.05711621269162,30.761090533181438,6.0,35.0,83.0,0.8367341310240326,0.5054897356073034,39.83084569769445,30.414363180184193,5.0,34.0,82.0,0.8500014662827515,0.5368679852010234,39.751032208853125,31.108543283949356,5.0,33.0,83.0,0.8660015920568996,0.49901665493657044,83.48661745527914,74.29023662753592,0.0,30.0,165.0,0.09807346893087196,-1.9209249600027898,23.879215078369135,37.72603574458457,0.0,12.0,51.0,4.019207280537541,19.62474369369259,41.13393961762752,30.857848347684584,6.0,35.0,84.0,0.8407230071278116,0.511484914568034,41.12547870377205,34.22865002523372,3.0,34.0,89.0,0.8127707333351537,0.15309902643822637,128.54917398686055,0.7668422045168455,128.0,128.0,130.0,0.568836285518836,-0.12703170068020597,128.25208139563495,1.0072763305230197,127.0,128.0,130.0,0.23936018546099105,-0.47717412708865536,40.295626583991535,30.64001586162154,5.0,34.0,83.0,0.8466741216527943,0.5152148651810529,127.72884771536134,0.5787309206951845,127.0,128.0,128.0,0.07174135525507037,-0.3304119354633581,128.76148962870008,0.453715565060276,128.0,129.0,129.0,-0.6502876651235222,1.4163055932558368
5.12.jpg,5,1,2,45.67759279035342,32.77843687404041,8.0,40.0,91.0,0.7933849994142501,0.3677796583267883,38.211861662085745,29.829132895214595,5.0,32.0,80.0,0.8910505350694414,0.6367309681473285,36.60067760640667,30.50902498356197,3.0,30.0,79.0,0.9243113882591194,0.6328985147295585,17.49120385769779,40.911447589097754,0.0,6.0,20.0,3.4874485070265844,10.453357773117071,80.56246340614173,59.01034742842594,32.0,61.0,162.0,1.638071305508413,2.1639439253182946,45.68038608100932,32.774697852862026,8.0,40.0,91.0,0.793859983484962,0.3682236113658446,40.833828870098365,34.216393649456556,3.0,33.0,89.0,0.8317390318691431,0.19110279963112964,130.92662165500525,1.8738051740190855,128.0,131.0,133.0,-0.11324778252841701,-0.7770441894517002,130.13057661222084,0.8973783504166464,129.0,130.0,131.0,-0.5664256176853838,1.2009844404935377,40.28690606101278,30.83667957154302,5.0,34.0,83.0,0.8632449240761345,0.5353626936318325,126.2563077599404,0.5614081397353524,126.0,126.0,127.0,2.0863695584161275,3.4505040517051944,132.8084587493605,1.979500530051859,131.0,133.0,135.0,-0.09598716620215596,0.29732789594928866
5.06.jpg,5,0,6,57.17094608132055,40.85594806283589,11.0,48.0,116.0,0.7732969695762777,0.06953966051926885,28.136084899696357,22.66162253710592,3.0,23.0,59.0,1.0031926479626125,1.1762182137236161,24.007848835512917,22.000645962409234,0.0,18.0,55.0,1.1714036307960602,1.6023716771171426,7.366117053661915,20.78708070444719,1.0,4.0,9.0,7.396870049927441,55.05147436442596,165.51595589479643,45.21241991025149,121.0,155.0,255.0,0.36040953515543844,0.6400286437555351,57.17781356924579,40.84659183531501,11.0,48.0,116.0,0.7742609585747051,0.07012825763303887,36.851557317896315,31.270691515026122,3.0,29.0,82.0,0.8764477344207272,0.24499604004089548,140.51117462151495,8.83168048100723,130.0,139.0,153.0,0.41795220746341727,-0.8270990307319255,136.07761642439345,5.167306839142187,130.0,136.0,143.0,0.17425899292921,-1.0738099651682234,36.34794704807922,27.79324721376219,5.0,30.0,75.0,0.9115805789448654,0.6477444120784526,122.11439847964068,3.4269518267970893,118.0,122.0,126.0,-0.17593819990604928,-0.8312477385559247,146.2792775180951,12.21267452160884,133.0,144.0,164.0,0.6378138302480142,-0.43764823690900956
6.43.jpg,6,4,3,98.73457319646987,57.394325607718514,16.0,101.0,174.0,0.02778643764564688,-0.9273682187675472,46.88691744036539,34.66662557926597,0.0,47.0,93.0,0.2548001728993763,-0.8118113453303111,7.239431790993389,10.910017104586988,0.0,2.0,22.0,2.448407032530879,10.810271114708208,15.941734796893146,27.215072321719,0.0,13.0,15.0,4.951754120497984,24.415545034678484,236.70259040749752,30.660180576274612,202.0,252.0,255.0,-3.4851315970994863,19.2525551461477,98.77028296656805,57.334289935123756,16.0,101.0,174.0,0.03129228667265624,-0.9306183972110174,64.9437568203171,43.951055526751425,2.0,67.0,123.0,0.08781038815566222,-1.0338885018622719,147.83021908657838,8.958543501531064,132.0,149.0,158.0,-0.6282714409515548,-0.3940322655680957,158.2333307073289,18.89741379789407,130.0,161.0,182.0,-0.20401966797369575,-1.2127202759573905,57.86490568753659,37.91536847019756,5.0,58.0,108.0,0.17776791918665955,-0.8435665890513895,103.12235138273724,16.56663295474705,81.0,103.0,126.0,-0.10284766775358686,-1.090891791581202,163.84535946110498,18.05433265995054,138.0,165.0,187.0,-0.17760982821163163,-0.8038305095540967
10.04.jpg,10,0,4,220.06194642348248,28.85500031924046,180.0,224.0,255.0,-0.7504223551000081,0.05746121850849706,183.02731262467938,38.28135460618999,131.0,185.0,233.0,-0.34918053809161026,-0.4924106534662913,167.50111190272634,45.329359302339945,105.0,171.0,226.0,-0.38386773264769797,-0.44869359421555144,9.105613185142966,9.872158222095454,6.0,8.0,11.0,15.691692587731536,257.4966866526369,64.70388382255153,31.39300042452178,27.0,61.0,107.0,0.6727708751951754,0.4319784038144907,220.06218153320035,28.855258810884646,180.0,224.0,255.0,-0.7503969342432025,0.0574200742308566,196.70327016243945,33.73197177412784,151.0,199.0,239.0,-0.4987884277865986,-0.2974093312268762,139.3713859599126,3.9534116833861703,134.0,140.0,144.0,-0.5969637355422176,-0.1383245765979293,141.27134083784554,6.190600787408272,133.0,141.0,150.0,0.4378790719912753,-0.12462264239055365,192.33945236059657,36.10992833252373,143.0,195.0,238.0,-0.4604547330469638,-0.3912736446378955,115.8646850954688,5.037304735463086,109.0,116.0,122.0,-0.13569756341934788,-0.368777125901274,152.34135936164148,7.82983299014183,140.0,153.0,161.0,-0.6689103198570936,-0.1281128757850567
6.57.jpg,6,5,7,67.93547648925961,40.58352236247166,18.0,64.0,123.0,0.5000977920494369,-0.314613579483376,44.70429270933294,31.36317144902299,7.0,40.0,88.0,0.6871385224034877,0.07806970441379368,40.90239659457198,30.61246846829076,5.0,36.0,83.0,0.7398281387165646,0.15828749869235148,6.447042641667282,17.956857407709336,2.0,4.0,8.0,8.996147987030563,81.16516544657063,121.81830565192786,47.073671548127805,78.0,108.0,191.0,1.3642408902793521,1.4802958569077092,67.93737555670383,40.58042971236004,18.0,64.0,123.0,0.5004443593096656,-0.31469877263940527,52.66816170861937,37.51846841604349,7.0,48.0,104.0,0.5476282353681026,-0.3734360735538842,137.6426377303708,4.450600186769473,130.0,138.0,143.0,-0.3201257316888866,-0.7481034185627684,134.3381644152457,2.7763019380293397,130.0,135.0,138.0,-0.44195650705998135,-0.6609748540355587,51.22665141113654,33.94927972836414,10.0,47.0,98.0,0.628078221577664,-0.06607390987194117,123.08412194581827,2.218883260657706,120.0,123.0,126.0,0.1030840791524358,-0.8124269160414417,142.65656061612657,6.5366645392517455,134.0,143.0,152.0,0.014565948266615069,-0.8032643978547718
8.52.jpg,8,5,2,121.00071553357446,67.02960069540477,32.0,118.0,215.0,0.13973152633964933,-1.0274877843298114,82.97708471740361,55.591822147442926,13.0,77.0,163.0,0.40255919346769614,-0.754811269305296,82.80806082527496,56.89306263726251,11.0,76.0,165.0,0.393945619770025,-0.8094118044180125,70.2150985458035,85.95071145011134,0.0,4.0,179.0,0.4629521441683859,-1.7829597658808058,103.72580497527127,48.18587478563937,60.0,90.0,170.0,1.5949806401723858,2.3595857541180862,121.00262641175168,67.02621083314769,32.0,118.0,215.0,0.1399364423365135,-1.0277418708674084,97.63802514701902,61.198132367322714,15.0,95.0,183.0,0.1908433498777478,-0.9825211211680602,143.59443369995816,5.47585187310322,136.0,145.0,149.0,-0.8531685359179836,0.018046503646882428,134.492692108954,2.049682844420455,132.0,135.0,137.0,-0.9055118428640078,1.0872742786471736,94.33568317708718,59.043961908186866,18.0,89.0,179.0,0.3120208672410356,-0.8792328332612587,122.4025506262149,1.8282586393540956,121.0,122.0,125.0,0.9346703821523293,0.2911673116371918,151.41324180015255,8.542796624858127,139.0,153.0,161.0,-0.5926691149388836,-0.6436097258269138
10.38.jpg,10,3,8,234.63369718083834,22.621505158194957,203.0,242.0,255.0,-1.311393191191746,1.4661860871379062,200.07679215077545,34.19987286404974,153.0,204.0,243.0,-0.5661375717354556,-0.21515320342764932,172.17218662527304,42.894475522778656,113.0,175.0,227.0,-0.4055719425114673,-0.4024288448112898,14.02120693109559,3.752080640695912,12.0,13.0,17.0,21.55893553965328,805.3671796275746,70.59610981756077,32.79491862582904,27.0,70.0,113.0,0.28507254908924395,-0.22655956063091098,234.63455646784894,22.622177577943553,203.0,242.0,255.0,-1.3113195336156624,1.4659297849867876,211.32230751873703,29.019229964960807,171.0,216.0,246.0,-0.7487800775480771,0.134069622482214,136.50879565600508,4.674763050819042,129.0,137.0,142.0,-0.32419925279348016,-0.8738888530722213,146.84820186776997,7.402925369721434,137.0,147.0,156.0,-0.0837639059298164,-0.5686792439685755,207.23744721244765,31.412058259523928,163.0,212.0,244.0,-0.72443079768307,0.033521124595085716,110.74856931387367,6.350399161991424,103.0,110.0,120.0,0.33615000532843303,-0.5643205373134559,152.05815627255203,9.849242065209882,137.0,153.0,164.0,-0.5428569130445473,-0.7431375425395257
8.46.jpg,8,4,6,194.37984230357,46.85265645211708,128.0,199.0,254.0,-0.4703093585541379,-0.644469727904954,69.81029646617608,38.0286741531369,13.0,71.0,120.0,-0.0861756896076447,-0.8796437391591576,5.832520730846215,8.230985544408849,0.0,2.0,17.0,2.0719725765145975,7.890638598779658,10.936264440592971,16.64564741382051,3.0,10.0,14.0,9.356295856262689,91.07134856346693,247.82392931963142,10.103147142058756,234.0,253.0,255.0,-1.9295573984121286,5.478055305947388,194.37984230357,46.85265645211708,128.0,199.0,254.0,-0.4703093585541379,-0.644469727904954,119.59097403367899,36.602871463033345,67.0,122.0,166.0,-0.318775041220078,-0.7693033429687905,174.79863408865003,4.26510022752793,169.0,176.0,179.0,-1.4017125967194222,3.550618961100631,183.66108008535488,12.918644901839468,166.0,185.0,199.0,-0.6114089278096454,-0.0764281535653426,99.74854694420615,36.41028827678421,46.0,101.0,147.0,-0.22847329712839098,-0.9029467384154604,81.79965871668135,16.916301114137358,60.0,81.0,106.0,0.2164090366579236,-0.9016243388495111,210.99057702071042,10.736240570137557,198.0,212.0,223.0,-1.0608164928873374,2.05914394129353
9.6.jpg,9,6,-1,203.30347906685418,49.916505020755494,128.0,216.0,255.0,-0.8434698240339263,-0.1700105911363634,110.74865052549266,46.582359797676105,51.0,108.0,174.0,0.09851612819668118,-0.9060429473729132,121.34347554606303,45.54850683936973,61.0,120.0,181.0,-0.018032500487327654,-0.8923999213529217,175.89745744413904,10.650921117789157,176.0,177.0,178.0,-16.302131378162123,265.7055723114745,122.16042796091727,30.178470828830044,80.0,127.0,155.0,-0.2699514126073791,0.21079060452538778,203.30347906685418,49.916505020755494,128.0,216.0,255.0,-0.8434698240339263,-0.1700105911363634,146.11259042694942,45.1119678815425,83.0,150.0,201.0,-0.36999185741907326,-0.6847621208232497,165.5190881345448,7.130352315132351,155.0,167.0,173.0,-1.0108920968296597,0.6218088832358788,139.1658949131376,2.9564800604831833,135.0,140.0,143.0,-0.562942854891191,0.05244816372595995,139.6150039195548,46.76354526432176,75.0,142.0,198.0,-0.22984722263922622,-0.8823643932240945,119.18879075413012,2.0047984295030563,117.0,119.0,122.0,1.0980099258660307,1.3079632522793894,183.88479232195203,11.072080909976945,167.0,187.0,196.0,-0.9660006705166103,0.4657364993791444
8.85.jpg,8,8,5,141.3035704907127,42.75777189799574,88.0,137.0,202.0,0.3459420419449919,-0.4710503357565279,99.23526130689433,39.743499956450314,52.0,94.0,156.0,0.6087721693064285,-0.04968480315748103,95.66327036758227,40.698080657345926,47.0,90.0,154.0,0.5702535691701418,-0.07673499726951594,4.2703894656372725,18.134051093951438,1.0,2.0,4.0,9.475946657397218,88.2330115754833,89.0906812828129,23.42340485259155,61.0,87.0,119.0,0.5885148570284255,0.903118481802009,141.3035704907127,42.75777189799574,88.0,137.0,202.0,0.3459420419449919,-0.4710503357565279,117.02322603673683,40.98776204669435,66.0,113.0,175.0,0.3932537214266062,-0.34117081771869273,144.68131539480518,1.7834334686016113,142.0,145.0,147.0,-0.7996367072095498,1.8638572657608936,137.04463769891984,1.2482916205909205,136.0,137.0,138.0,-0.4952461476419475,1.7706020531576163,111.4182033655651,40.70668041019923,62.0,106.0,169.0,0.5191848039305352,-0.20790717040305262,120.12710104670592,0.7025244690421131,119.0,120.0,121.0,1.1161354350801882,5.499441514910135,154.22412023988065,3.1169072567235263,150.0,155.0,158.0,-0.603118462410924,0.42410412788659624
4.46.jpg,4,4,6,77.54537054867932,53.10486249606578,10.0,72.0,152.0,0.4211652350726696,-0.6672120878949346,28.713770378280802,27.908072097809104,0.0,23.0,69.0,0.7929927406356369,-0.18399090983471122,5.492998780366824,9.103021590290728,0.0,0.0,18.0,2.354615884713593,7.727746894323664,14.258406618309282,32.09125436050137,0.0,9.0,13.0,4.36051534695459,18.05157837635433,237.9007832301411,32.73115190710967,206.0,255.0,255.0,-4.347625591644954,26.368921229785485,77.5785306629786,53.05751568520187,10.0,72.0,152.0,0.4242442403702946,-0.667226263933907,45.556709052323626,38.4998379864932,1.0,40.0,101.0,0.5616202394224937,-0.6836788793974171,148.01332405478428,11.000488981536053,130.0,150.0,161.0,-0.301114210686464,-0.9265843635462478,150.2216357478958,17.32376742025602,129.0,149.0,174.0,0.2710221192345531,-1.1961582886546684,40.6581102688445,32.567188967163595,3.0,35.0,87.0,0.645601970288058,-0.40759013525145704,110.7583895979101,13.798523892525909,91.0,113.0,127.0,-0.5441180812492353,-0.709268251951138,160.35567139152948,18.959884459432487,134.0,160.0,186.0,0.13685547524895614,-0.7674618330514695
4.52.jpg,4,5,2,49.6784552545459,31.410432000205425,12.0,45.0,93.0,0.6471014949061539,0.020990723041360404,34.68233458822372,25.174240326310677,6.0,30.0,69.0,0.8077465768553824,0.423558443239644,33.802610664107675,25.597410476837684,4.0,29.0,69.0,0.8177505271929727,0.41936812614675834,25.421787357594546,58.40367375050629,0.0,3.0,177.0,2.210691076022231,2.920447222357966,103.66944317315027,48.80208257712017,62.0,88.0,170.0,1.6201636900093774,2.4139597595287237,49.67978888314756,31.40839174309495,12.0,45.0,93.0,0.6473989940702586,0.021054105282229063,39.10090598164415,30.229934804096562,5.0,33.0,81.0,0.7429264039410927,-0.0001364281035387549,134.51679289387565,3.4767162165393755,130.0,135.0,139.0,-0.16059478066818866,-0.8144808901475793,131.1033867276888,1.3403491740359648,129.0,131.0,133.0,-0.08389225139146464,-0.13715947290782093,39.05420978814497,27.027745172055827,8.0,35.0,76.0,0.7561893896116159,0.2810412344150488,125.7178632415541,0.8530515214816289,125.0,126.0,127.0,-0.003674079241452357,0.8759630508479179,137.33267636131,4.327200555080182,132.0,138.0,143.0,0.19683052286729888,-0.6117737881729415
4.85.jpg,4,8,5,39.01226489965745,30.733127561769667,3.0,34.0,82.0,0.7745366374342187,0.26897906632042323,28.05087786356059,25.168321932252546,0.0,23.0,63.0,0.985819877135297,0.9147844467494854,25.284566971866738,24.404424787992276,0.0,19.0,60.0,1.1053288064116447,1.2473024455177182,11.047410565096705,26.73499262925235,0.0,5.0,13.0,5.266892251172223,27.268058972402226,123.65256842686772,69.4509274567842,60.0,102.0,255.0,0.7265673769949319,-0.406711627858531,39.03255564697941,30.70837517571174,3.0,34.0,82.0,0.7773849763363331,0.2726493749875898,30.77302860010621,29.330841049191125,1.0,23.0,73.0,0.9879848553775175,0.5662227750247579,132.36301496433498,2.976775955203353,128.0,132.0,136.0,0.00918375625355986,-1.0244367094357172,131.4413423551175,2.153224790189001,128.0,132.0,134.0,-0.1670192322988343,-1.0237458346343755,31.004733616163737,26.71307474055344,1.0,26.0,68.0,0.926817090052869,0.7105496136651714,125.50819848314202,1.4273409848533332,124.0,125.0,128.0,0.3678174932768366,-0.7245583835148439,135.05572770473594,3.990049645407487,129.0,135.0,140.0,0.003193002495953718,-0.8152037612642347
9.06.jpg,9,0,6,203.1341683290586,37.34534866834205,150.0,207.0,253.0,-0.45907528752357685,-0.5532316220183313,147.0210553814002,43.31669917681062,89.0,148.0,205.0,-0.06207804641173458,-0.6364907071030572,125.57263037902537,46.296117829694516,64.0,125.0,188.0,0.011328707319799586,-0.6895250907363493,8.435713878597891,1.2326637664309572,7.0,8.0,9.0,3.0368618450774263,23.555035665457986,103.21234207276527,32.9529423477135,63.0,101.0,146.0,0.32324579374481166,0.08339846691420805,203.1341683290586,37.34534866834205,150.0,207.0,253.0,-0.45907528752357685,-0.5532316220183313,167.3396375985561,39.691397456773586,113.0,169.0,219.0,-0.24087772254541268,-0.6000002812975658,146.82237104588202,4.170344211053984,142.0,148.0,151.0,-1.4830511237110187,2.8276931263953413,148.18803457775243,4.389664913645549,142.0,149.0,153.0,-0.6201321176378118,-0.1696006132757364,161.39327586206898,41.71400801430894,105.0,163.0,217.0,-0.17411725257954086,-0.6757418528973069,110.46763322884013,2.781638759006659,108.0,110.0,114.0,1.3974855110909248,1.9772389281626968,164.48670133941295,5.848436783474569,158.0,167.0,170.0,-2.2478848635828337,5.981593894198115
9.12.jpg,9,1,2,134.725115892467,36.09514685958765,90.0,131.0,186.0,0.3654207815121659,-0.3914963392773614,122.16668424052436,37.51026918277053,76.0,119.0,174.0,0.3577243599473692,-0.3220574288293703,119.43332715873468,40.41377366680406,68.0,117.0,175.0,0.25815267343072257,-0.3619401778884801,27.149994300370476,56.400029618611946,0.0,5.0,170.0,2.1910020290828993,2.857387528512593,34.17761280516766,20.91348096208145,16.0,27.0,62.0,1.6479876454520008,3.1228258480343367,134.73681248218867,36.121964250902565,90.0,131.0,186.0,0.3689967937972879,-0.3819603607875033,132.55584022038568,37.42650755536378,85.0,130.0,184.0,0.2348983782194853,-0.42343238805475814,132.41047069440486,0.8437866756446007,132.0,132.0,133.0,-0.46044491608842064,1.9653238465152443,131.529910230835,2.429314032418935,129.0,131.0,135.0,0.9363864944891003,1.11688329030435,125.68515009024414,37.443379729016,79.0,122.0,178.0,0.34520684059010304,-0.3563076826761389,125.15221050631709,1.7494332717351684,123.0,126.0,127.0,-0.9967203524951106,1.2526909811504803,136.00525363351383,1.715662305124881,134.0,135.0,138.0,-0.4025557528324143,1.0965081951816327
7.17.jpg,7,1,7,64.31665559410447,34.06597105605877,25.0,59.0,112.0,0.7081526443011942,0.19225965515493693,57.81338106837922,29.897363067262535,23.0,53.0,99.0,0.6919192375989005,0.22220585857141062,52.575708767008685,27.90267916384171,20.0,48.0,91.0,0.7628530826105547,0.4438443164288617,17.444593390910658,20.30574763183489,10.0,14.0,24.0,6.564567069304682,44.52598722942042,46.10646243940848,18.57694439982779,27.0,45.0,66.0,1.8688663719654741,13.811821741404898,64.32322482222386,34.05725916976889,25.0,59.0,112.0,0.7092061367047237,0.19284344186998226,62.11519401589528,34.455363018542236,19.0,58.0,110.0,0.5468320567709355,-0.15933457611805624,129.7105612558746,1.7669568430687341,128.0,130.0,132.0,0.7076568272626009,0.4833026203729789,132.20502300632367,2.1702964596693923,130.0,132.0,135.0,0.09071748563093975,-0.37764322719407417,59.15461775054748,30.884173108023994,23.0,54.0,102.0,0.7062828206659163,0.2311673060801689,124.99307300509338,1.7757474349114286,122.0,126.0,127.0,-0.7357432252609936,0.16506312250612165,132.653898280062,3.161537603616547,129.0,132.0,137.0,0.8269626426827661,0.5207728258680917
7.03.jpg,7,0,3,88.35011540070373,42.288630020131556,37.0,83.0,148.0,0.530390921645301,-0.2603857231832811,66.152648802933,33.01680233487601,27.0,62.0,112.0,0.5788333072308108,-0.10632077721698296,39.30457321424178,24.4173501351782,12.0,35.0,73.0,0.9068050972491546,0.8518881329351937,16.577176250584387,2.1062329518064566,15.0,17.0,18.0,30.524224404942675,2229.858578042815,147.5241470436259,28.19107380246803,118.0,143.0,182.0,1.2170164372927255,2.447592307766647,88.35020152063187,42.28846646400535,37.0,83.0,148.0,0.5304130639282612,-0.2604039189195313,74.6176078344529,38.16372483080155,27.0,71.0,128.0,0.4184282246859854,-0.4033612946329037,133.7903673630078,2.998785861178892,130.0,133.0,138.0,0.4648707222399529,-0.13968910656920963,147.39593809207452,7.152438870292348,137.0,148.0,156.0,-0.3132359987372357,-0.6040188433664828,69.74266824143106,34.67191053404189,28.0,65.0,118.0,0.5900123533552817,-0.10752327719603194,113.05431657685588,6.131302848119792,105.0,113.0,121.0,-0.03473442299794782,-0.8222538913425232,144.32244875864274,7.347849386421497,135.0,144.0,155.0,0.39686588659255934,-0.5424859667037465
6.jpg,6,-1,-1,54.90153933220147,37.0944404262437,11.0,49.0,106.0,0.6747178105589695,0.001328460108462437,40.76814694520312,31.07023475027949,5.0,35.0,84.0,0.8002429275324938,0.3255736235054876,27.07635983366551,25.318926894517645,0.0,21.0,63.0,1.1093045729802835,1.2381380524659287,15.177708717797298,12.894589991841366,11.0,15.0,17.0,9.993582433709529,111.02748435571158,155.92237395733372,53.413694405688105,99.0,143.0,255.0,0.4814345135977828,-0.4322042885040438,54.90772520361212,37.08555113934999,11.0,49.0,106.0,0.6757368688833818,0.001772012912555354,44.87515070987426,35.942902412306275,3.0,38.0,95.0,0.7243436334952643,-0.09215438931424336,132.03403951674417,2.2571392371322982,128.0,132.0,135.0,-0.079076351292932,-0.5824485910435273,138.27700843975296,5.649891568822616,130.0,139.0,145.0,-0.27130272048631743,-1.1515849714398672,43.42689303904923,32.14556888517303,6.0,38.0,88.0,0.7862259186593403,0.2781800510900596,120.10865185403902,4.0596904056451555,115.0,119.0,126.0,0.1559801236261662,-0.7306489503428066,138.07440318889792,4.82382163228631,132.0,138.0,144.0,0.16314616248595334,-0.6798627001568875
11.4.jpg,11,4,-1,235.25661204521705,20.604685947682405,205.0,241.0,255.0,-1.0298623404838385,0.37976686640400814,176.17258383205092,34.51554269470769,133.0,175.0,225.0,0.11916645481314311,-0.5373134677284033,141.09720053196543,38.59320670569137,94.0,139.0,195.0,0.25311523070680186,-0.23599589261376863,11.781244894081885,2.9510161073592434,10.0,11.0,15.0,4.911192765416589,138.88976421800754,104.21949558278712,31.52174009316657,59.0,110.0,139.0,-0.555100582021934,0.1845216355873811,235.25675928564644,20.604811403471878,205.0,241.0,255.0,-1.0298492023098853,0.3797323160156929,195.3182991355562,27.95121222653234,159.0,196.0,233.0,-0.15342043874020608,-0.4643228345655275,145.5684435261708,7.4574891357519295,133.0,149.0,152.0,-1.0060530070963973,-0.10449949109907442,154.7667692599981,6.102221884188211,146.0,156.0,161.0,-1.0931963982264514,1.156288266072658,189.87820604160729,30.18445349865322,150.0,191.0,230.0,-0.14791509973183192,-0.49546277739533773,103.94474161679491,4.903781824026966,100.0,102.0,111.0,1.5652656253514854,2.3894530785249444,167.73587964282322,11.961806068285263,148.0,174.0,177.0,-1.309266426918416,0.7503171803147866
2.jpg,2,-1,-1,21.946139676203927,18.285142744600428,3.0,18.0,47.0,1.1627977153068472,1.6427385744791838,20.710593885494536,17.697696324018533,2.0,17.0,45.0,1.1596662906598978,1.609385614177775,19.630805171867127,17.266074687456353,2.0,15.0,43.0,1.245897310319197,1.9200473260442656,33.51598896300057,51.67862571305122,0.0,20.0,165.0,2.0635826158925847,2.5100814154704363,40.64038036215519,48.65216719911703,0.0,27.0,85.0,2.5995046137984295,7.843791574116457,21.949817541320666,18.281791865603022,3.0,18.0,47.0,1.1633780263629756,1.6444804825521233,19.5781027215132,19.558060884048793,1.0,12.0,47.0,1.3907540929973623,2.053602753863041,128.35688324395193,0.7700727546364218,128.0,128.0,130.0,1.6326943196937407,1.5590466773394631,128.86304900513335,0.9362598924957606,128.0,129.0,130.0,-0.33296820555211304,-0.7538400847049336,20.952869055747158,17.781249177010757,2.0,17.0,45.0,1.1744409650506642,1.6726722219987655,127.3414788100893,0.48940110198614506,127.0,127.0,128.0,0.5280624057931089,-1.22874399561307,128.99308290976853,0.8382999499884055,128.0,129.0,131.0,1.2830212062118824,1.8109070606372857
9.16.jpg,9,1,6,156.9479608589174,40.75392696725568,104.0,156.0,213.0,0.0948798410307051,-0.690644150642107,130.722728943821,41.679856125237144,78.0,128.0,188.0,0.20153860430162734,-0.5978977215571315,119.45221352722972,43.960417676824626,63.0,117.0,180.0,0.20078908106068868,-0.5871070384590902,8.881037135593253,2.4163774733995287,7.0,9.0,11.0,36.159204020677066,2508.9238346027555,67.05174055465105,24.78632653344371,39.0,64.0,100.0,0.8346989931292171,0.9109228391003374,156.9479608589174,40.75392696725568,104.0,156.0,213.0,0.0948798410307051,-0.690644150642107,143.7527096475513,41.054720312255995,90.0,143.0,199.0,0.06612802527321911,-0.6395586884128832,136.38075605585803,1.1169304860087812,135.0,137.0,137.0,-1.406736472590935,4.305736943420084,138.05305258428015,2.3427976859841646,135.0,138.0,141.0,-0.26935415037927546,0.12239918879786416,137.2641410339455,41.665851821440505,84.0,135.0,195.0,0.16879081762032713,-0.6328484597547352,119.3604414799772,1.32104577338866,118.0,119.0,121.0,1.429700886070405,3.2586757925064216,145.32472295653088,1.6435760851453631,144.0,146.0,146.0,-3.0778403577829807,11.933144909218804
9.02.jpg,9,0,2,192.64961195022323,37.24798959450072,141.0,195.0,242.0,-0.29087364365254686,-0.5769409796295903,159.73081457205282,42.938662525192434,101.0,161.0,217.0,-0.11169592773961126,-0.668443372584445,171.17704284221526,45.55090242452273,107.0,175.0,229.0,-0.3369437107918666,-0.5331341447202087,162.2719768215066,31.262564208419715,164.0,167.0,174.0,-4.826249832031792,21.871579459842273,47.232925334853235,19.092257878696564,26.0,44.0,72.0,0.6852074091985187,0.6805383110418943,192.64967939583926,37.248095161144164,141.0,195.0,242.0,-0.29086324556250714,-0.57693827301568,175.18126056806307,39.79297221280946,120.0,177.0,227.0,-0.25790743137735234,-0.5768445688516852,142.2379847059941,2.9811237666183548,138.0,143.0,145.0,-1.0901211481708453,1.269643605404183,126.91263322884012,3.055324823242165,124.0,126.0,131.0,1.6458817710885323,2.678422897560745,170.86942148760332,41.457238607059466,114.0,172.0,226.0,-0.18936219622636982,-0.6404675210825914,128.17321364111334,2.35553064727219,125.0,129.0,130.0,-1.501844894015587,1.9835300451204665,147.1604060986036,4.537793691202836,141.0,147.0,153.0,-0.7677746350289996,0.508917686061253
7.07.jpg,7,0,7,71.56256981865603,45.858838232123816,15.0,66.0,135.0,0.5108785434627129,-0.3815520278180444,58.89371718215595,41.219992804936744,9.0,53.0,116.0,0.5823034468729292,-0.2618939124541044,41.02180753426343,34.45282601404833,1.0,34.0,90.0,0.8471161637783039,0.2790487240677977,17.778147191260057,12.12466861355584,14.0,17.0,20.0,10.105784915111348,117.67498332328246,135.19533082355258,53.66287751388044,82.0,120.0,231.0,0.9089295919066106,0.10124593755915656,71.56872025786767,45.849502318683975,15.0,66.0,135.0,0.5117164777740566,-0.381575305873489,64.00623213011491,45.865044313108534,7.0,59.0,128.0,0.474251183434879,-0.5648481195974959,130.45614133510495,1.4155171246589637,128.0,130.0,132.0,-0.054149692195111676,-0.08517269212876144,140.30367116950862,5.713209718951497,131.0,142.0,146.0,-0.6909357271813265,-0.6587617984486962,60.64565930956423,41.786479487802225,10.0,55.0,119.0,0.5842384517274507,-0.26362116031919225,118.45296720061022,4.432371808807503,113.0,118.0,125.0,0.40805064363756904,-0.6267188952611908,137.57460593981446,4.028447232433794,132.0,138.0,143.0,-0.052240130985687076,-0.5496018166297438
7.13.jpg,7,1,3,64.14601264732659,33.93786478309321,25.0,59.0,111.0,0.7092167985784896,0.1971886172879329,57.01969390516965,29.602533886218872,22.0,53.0,98.0,0.6982940141505357,0.23943477292364612,52.67900150094732,27.880802365071684,21.0,48.0,91.0,0.7617679693487486,0.4386716540316824,17.720520164366036,27.7165430477867,7.0,13.0,20.0,4.922543137736726,23.213225244473616,45.22080362195812,18.105378066124253,26.0,44.0,64.0,1.8926160486695554,14.158805001537292,64.15180974877586,33.929654074849644,25.0,59.0,111.0,0.7102886266463896,0.19765091433110538,61.44725277429197,34.24481167548032,19.0,58.0,109.0,0.5521546874481098,-0.1513152661999171,130.19314436160528,1.8546138351681913,128.0,130.0,133.0,0.6622046313460113,0.35404035670188794,131.74779360744077,2.0610725592050834,129.0,131.0,135.0,0.09042872249427862,-0.22757927338616213,58.65051056814547,30.66871364439815,23.0,54.0,101.0,0.7102425683012885,0.24259648859548344,125.28937476932163,1.6306600002570393,123.0,126.0,127.0,-0.7597884052244039,0.40165800929647855,132.94265495435644,3.2338700883604807,129.0,132.0,138.0,0.8197581121742157,0.49804843581070646
4.81.jpg,4,8,1,38.22572696556433,30.109437439567618,3.0,33.0,80.0,0.7945275360739625,0.35431797352295025,28.259530937250165,25.359857348438112,0.0,23.0,64.0,0.9860617671882903,0.9187349077625924,26.23282009535314,25.374022670152677,0.0,20.0,62.0,1.0866961895289782,1.1319656480827103,13.003087500413352,33.590094285871096,0.0,5.0,13.0,4.293101812322125,17.187192092839588,117.91496803082735,72.16563276906606,50.0,94.0,255.0,0.7825690565605455,-0.4811661309352515,38.24520073372509,30.08567376179392,3.0,33.0,80.0,0.7973669737401187,0.3581331520873361,30.75187759317939,29.36961019892997,1.0,23.0,73.0,0.995485315387466,0.5954246220489972,132.0338078620628,2.7300686695642535,128.0,132.0,136.0,0.00418998856580667,-0.9819996556481771,130.7836084802437,1.5968900213097785,128.0,131.0,133.0,-0.3614521293030908,-0.5411514354972078,30.987898496174786,26.744486000417044,1.0,26.0,68.0,0.9323013399124238,0.7353720388640315,125.98900579471648,1.0299828525975436,125.0,126.0,128.0,0.8374022610803868,-0.12505519079002392,134.40913003390463,3.4214006348662522,129.0,134.0,139.0,-0.0960616595048372,-0.7656824550165018
4.56.jpg,4,5,6,50.81177382446298,31.818570153522376,13.0,47.0,95.0,0.6227194498353064,-0.04414823258444667,34.569403804040256,25.094975856027247,6.0,30.0,69.0,0.8091118742412542,0.4304904771887257,31.544217908023917,24.466656811530978,3.0,27.0,65.0,0.8656936923885635,0.5605151813099614,7.4951029748283755,19.95301979221748,1.0,5.0,9.0,7.957777246413093,63.30564867881532,117.98446888610025,48.760316329278574,73.0,104.0,188.0,1.354336779301356,1.4941610304009165,50.81352673408627,31.815866946040316,13.0,47.0,95.0,0.6231067603881197,-0.04409347085207438,39.21237666396004,30.2176254288186,5.0,34.0,81.0,0.7357877804769452,-0.015500963248996413,134.75595334760465,3.5440133758893664,130.0,135.0,139.0,-0.1820468281819095,-0.854184822552789,132.62767451588297,2.252788816620294,130.0,133.0,135.0,-0.15567057829211553,-1.0001001951883055,39.09598435077877,26.98932421040345,8.0,35.0,76.0,0.7500263609953405,0.260093243333106,124.58632858443444,1.5992251012252017,122.0,125.0,126.0,-0.18257627573702848,-0.5057591139000821,138.28969464334048,4.774385321248294,132.0,138.0,146.0,0.13446642633367084,-0.7587517467431786
4.42.jpg,4,4,2,52.5774554600468,38.651318562360615,6.0,47.0,106.0,0.6387320981957407,-0.12207162030187746,28.862409038123747,26.837774008459515,0.0,23.0,66.0,1.006824998383404,0.9947203353782514,17.313291570136688,22.072104128793196,0.0,8.0,49.0,1.7487538049258002,3.869157131609807,13.769643485855562,26.699933242714767,0.0,10.0,14.0,5.012877465807515,24.86647013046857,196.88100309479486,54.73671854827345,128.0,201.0,255.0,-0.8676238787801518,0.8980625786317162,52.61243772965381,38.60524100927648,6.0,47.0,106.0,0.6430254086854358,-0.11894872152409564,35.544883278965315,32.84297209084401,1.0,28.0,82.0,0.8877620093455384,0.29145281384355526,137.1822753453196,5.6071763537139345,130.0,138.0,145.0,0.0034818426864074168,-1.0443415929808795,138.88576199840884,7.492967988323659,129.0,140.0,148.0,-0.1137240492781022,-1.4264078493958074,34.62589308466044,29.600332821786278,2.0,29.0,76.0,0.9312674481032088,0.6828563764013196,119.59531666695844,5.276285305738798,113.0,119.0,127.0,0.23241415640161706,-1.2181692540961035,143.7681014376888,8.84842911127462,132.0,144.0,155.0,-0.009036211072992125,-0.937383259713342
6.84.jpg,6,8,4,57.993720445292546,38.452559106373066,13.0,52.0,112.0,0.6458347026617082,-0.08773787852621684,31.923425224037082,25.876274533067036,3.0,27.0,68.0,0.9395085531468342,0.8164615625949025,26.370080375187953,25.002832827010955,0.0,20.0,62.0,1.1182664182705266,1.2473257765445949,7.844086821542573,18.487218511756172,2.0,5.0,10.0,8.144671065449758,67.35023045576926,164.75119726350886,50.77420901747004,109.0,154.0,255.0,0.3593197114752917,-0.4580783116110525,58.00064677516928,38.44241559605002,13.0,52.0,112.0,0.6469656755764854,-0.08739748839563788,39.674890923556035,32.70344750377429,3.0,33.0,86.0,0.7982945154942253,0.09478882723899629,138.91916866534783,6.247116414803114,130.0,139.0,147.0,-0.007705903492187631,-1.0689969355218896,136.01448533230626,4.169885635635273,130.0,137.0,141.0,-0.3994981022468625,-1.0580919812848637,39.08322926574971,29.40087080824162,6.0,33.0,80.0,0.8447183090306387,0.457341401640452,121.8464575200014,2.8324712380554917,119.0,121.0,126.0,0.5296903226855854,-0.6937164612127291,144.60225369537181,8.64692710502746,134.0,144.0,156.0,0.1935451235609314,-0.8208038966849722
8.81.jpg,8,8,1,138.17100784105475,43.08539774963363,85.0,134.0,199.0,0.3784650541153405,-0.46279797417645696,99.53493120840943,39.87522450274063,53.0,94.0,157.0,0.6159812715171191,-0.03362910743805836,100.01030366337346,42.19217565654849,49.0,95.0,160.0,0.5175314511993896,-0.1382567824011809,107.04606546726345,86.38737299621432,1.0,177.0,179.0,-0.39004281110812306,-1.8466351039049236,79.5749797214101,22.511045065366467,54.0,77.0,107.0,1.0586318634706318,2.2496822861711463,138.17100784105475,43.08539774963363,85.0,134.0,199.0,0.3784650541153405,-0.46279797417645696,116.4640261705658,41.34579446873355,66.0,112.0,175.0,0.4067159206220704,-0.3313827034850543,143.8110794045389,1.9305477185137334,141.0,144.0,146.0,-0.5677668505694751,0.5537048042162338,134.1276792539813,1.7261634757274589,132.0,134.0,136.0,0.6637621575065238,2.058490738270459,111.19962545395836,41.07307095135744,62.0,106.0,170.0,0.5267477234290256,-0.20517525404544434,122.71911429732984,1.027030500776716,122.0,123.0,124.0,-0.007170766093918775,1.972098628662426,151.62473034824708,2.922051312971973,147.0,153.0,155.0,-0.6356980904884731,0.09429126954575207
9.2.jpg,9,2,-1,150.14351144675595,41.115303517291764,97.0,149.0,206.0,0.1537643936253195,-0.6025731674835364,132.2056402583832,42.4798225674763,78.0,130.0,190.0,0.22455332877667322,-0.5627617075024047,155.84386102403343,44.83929744701421,96.0,156.0,215.0,-0.04609981569457661,-0.6339748518390529,143.59,6.5618826935345735,138.0,141.0,153.0,1.5891842163101346,5.628266782249632,42.06471359361642,10.276380623481908,29.0,42.0,54.0,0.17373500739030967,1.0732749591292716,156.43209033912797,43.827005080359605,98.0,156.0,215.0,0.03678486125245726,-0.7261381784747041,145.61323216490928,41.79043451337086,91.0,145.0,202.0,0.07188732639857615,-0.6100252590377075,139.41000997435168,1.5067985068307561,137.0,140.0,141.0,-1.1658948290387443,2.843225975473013,117.9379386339888,2.4699932652046868,116.0,117.0,121.0,1.4919944590381793,2.242501180994278,140.25632278901872,42.344220722081836,86.0,138.0,198.0,0.17104868676819462,-0.5936573483728966,135.5998209366391,2.1306909426477554,132.0,137.0,137.0,-1.5268409354747141,1.6817132494164486,136.8424180678256,1.562587369209899,135.0,137.0,138.0,-0.9650694678285314,0.07027211075959405
6.53.jpg,6,5,3,72.17982283900494,42.63942216873835,19.0,68.0,130.0,0.4670415994048483,-0.3841777637482089,47.91786176521247,33.056744966504226,8.0,44.0,93.0,0.6362955656774315,-0.0495301484814501,40.27943259270195,30.65343741277248,4.0,36.0,83.0,0.7487306952325796,0.161601765259761,8.09115376098029,11.980425433928367,5.0,7.0,10.0,12.612907729057545,166.84677919598917,132.6414236854408,46.71262467980585,88.0,119.0,204.0,1.1901904607484988,0.9359048305556694,72.18217219064492,42.63555651495074,19.0,68.0,130.0,0.46745128139933134,-0.3843162686401045,56.281800644669175,39.22018100659059,8.0,53.0,110.0,0.4946103955057414,-0.4627385949777154,137.48763908368397,4.282541180407694,132.0,138.0,143.0,-0.29543914170837016,-0.7007202349249559,136.7341871509067,3.938077172798312,130.0,138.0,141.0,-0.5000941105124999,-0.7145161233936337,54.30210132624689,35.55493499486092,11.0,50.0,103.0,0.5896949109251272,-0.16105980533920894,121.2525872886986,2.9950625381543143,118.0,121.0,126.0,0.3316991911560358,-0.7297176361352933,143.68341379395193,6.958757930867448,134.0,144.0,153.0,0.00983772008500698,-0.8026873865889046
10.14.jpg,10,1,4,192.95317201885277,35.006554961043776,146.0,194.0,238.0,-0.31274460877627797,-0.5512466138134204,161.40749121261103,40.523487307756994,108.0,161.0,216.0,-0.06451673513161381,-0.612281902515682,134.6868830105293,47.27789438328047,72.0,134.0,198.0,-0.017319133857222644,-0.5983987323107463,13.771655783337126,2.001783474485673,12.0,14.0,15.0,25.49612223545758,1681.3283510671897,82.92836308499112,34.66157533775518,41.0,80.0,128.0,0.563496166913507,0.4314572851585421,192.95382073921053,35.00748868699139,146.0,194.0,238.0,-0.3126576837612769,-0.5512504547273496,174.26087117211222,37.57675838544422,124.0,175.0,224.0,-0.20096610650525004,-0.5486310664973804,136.01821766270044,2.56961980726172,132.0,137.0,139.0,-0.9335291230248299,0.8457622714435677,146.61306699812678,5.7884401982868745,139.0,147.0,154.0,-0.20561307610535032,-0.25173453954886416,167.783138717226,39.55658521764154,115.0,168.0,220.0,-0.13167864295007714,-0.618751869668444,111.73176774838598,4.387436317103823,106.0,111.0,118.0,0.5931113129090111,0.22192053978631865,150.07373820486336,5.325351278768844,143.0,152.0,155.0,-1.399645093792455,1.7045329542254066
6.47.jpg,6,4,7,118.96790925306708,66.72563669457254,16.0,128.0,201.0,-0.2163639638593254,-1.0297338262845788,78.14929856503446,53.84302921735673,0.0,81.0,148.0,0.06177214703673105,-1.0348190165522184,37.79192367469446,38.592515008858044,0.0,27.0,95.0,0.9030921046140661,0.009427588386449859,16.2364517622435,20.868273453103384,1.0,15.0,17.0,5.9415571396856,38.023131013955485,194.76667707342503,50.116503061638056,129.0,195.0,255.0,-0.448494151913733,-0.1606635780808583,119.00321393766448,66.66388852132587,16.0,128.0,201.0,-0.21368991895052541,-1.033327262672083,92.2712759852866,59.25341358907069,3.0,99.0,166.0,-0.10578824741223053,-1.1141384563743453,140.74810781790703,4.902848839600115,132.0,142.0,146.0,-1.0371926199835273,0.7289285346564296,156.53458447856306,14.448932693735344,130.0,162.0,170.0,-0.9100416631751743,-0.6158094017974509,85.74923748611621,55.49109995514317,5.0,89.0,157.0,0.03682300379435983,-1.0312696321466237,104.42867869182184,12.020618848775731,93.0,99.0,126.0,0.8389683532252667,-0.745002937222802,157.11369383511416,11.593674748402186,137.0,161.0,167.0,-1.10728061459731,0.10120688527179
8.42.jpg,8,4,2,176.16842262752922,44.38193497584171,117.0,177.0,238.0,-0.05692099283912914,-0.8039247101421152,100.48175786073905,38.15582525313372,56.0,95.0,155.0,0.6713337461195907,0.099770341654835,81.1667692599981,46.27179616854414,24.0,76.0,147.0,0.5228831745916162,-0.15579999310800074,7.615690605110668,16.193680133649394,2.0,6.0,11.0,10.034739343170424,102.71371122804463,147.50297473164244,40.86736961901175,97.0,146.0,204.0,0.20359803856154943,0.0872353468757705,176.16842262752922,44.38193497584171,117.0,177.0,238.0,-0.05692099283912914,-0.8039247101421152,128.7967692599981,39.23571795226935,79.0,127.0,184.0,0.2804482505801054,-0.48219446370063856,156.77716965897216,4.5958833152425544,150.0,158.0,162.0,-1.1225587936144874,1.5106978720504634,152.5692789968652,5.696006484088596,145.0,154.0,159.0,-0.8982168350650851,0.7547784540495166,120.94622162059466,40.6274042726625,71.0,117.0,179.0,0.39125532936541524,-0.4228857331907174,108.38875178113423,3.543571641839578,104.0,108.0,113.0,1.1531893562689806,2.184811687021309,176.39160444571104,7.114046409212294,166.0,178.0,183.0,-1.1592321349192154,1.6108800595296557
10.28.jpg,10,2,8,189.0044936829106,38.551113734060166,135.0,192.0,239.0,-0.37052335307231515,-0.45334722738129773,164.08013916595422,42.953500484982314,105.0,166.0,221.0,-0.18432844670434145,-0.5847734343387314,171.84901111427757,43.94043409845734,110.0,175.0,228.0,-0.3125376876108533,-0.5137916501312718,166.69306260093094,22.85388042366304,166.0,170.0,175.0,-6.898277078767146,47.018037418502566,36.624978626389286,15.307530448962662,18.0,35.0,57.0,0.5099816866098724,0.22168504398430144,189.00506554573954,38.552003242523824,135.0,192.0,239.0,-0.3704337411365276,-0.4533322205056849,177.09281371710838,40.135592706186095,121.0,180.0,229.0,-0.33449637706305835,-0.4583794681123643,138.5709447135936,2.524620591171039,135.0,139.0,141.0,-1.0130936397659702,0.7030545066802221,127.41938776479529,1.6716181427511196,126.0,127.0,130.0,1.5257265669320375,2.512058046685463,172.4031238719483,41.698279852177585,115.0,175.0,227.0,-0.2540483478575365,-0.5472895707490646,127.77012586681866,1.3051438243084077,126.0,128.0,129.0,-0.8944044899711378,0.32639632362582693,142.57741331813432,3.6223534124607593,138.0,144.0,146.0,-0.9907357840839537,0.4579343540670453
8.56.jpg,8,5,6,123.68589650845206,67.24609657038218,34.0,121.0,217.0,0.10651801952404208,-1.0365373330740733,82.48419773135504,55.46194857740868,12.0,76.0,162.0,0.40095639013784906,-0.7615491069630518,80.36713663541744,55.916277447649605,10.0,73.0,161.0,0.4099742795204421,-0.7910170382761863,14.957396717600453,45.93886827609108,0.0,2.0,6.0,3.2642944968422825,8.69073674034979,111.64127900396151,48.95171458796195,65.0,98.0,181.0,1.385874666658269,1.615905995773356,123.68794567062818,67.24239081982338,34.0,121.0,217.0,0.10674328535593292,-1.036839004230341,98.07609507640068,61.026595250498175,15.0,95.0,183.0,0.17788776068479267,-0.9887483881038563,144.68593833813145,5.600272514700367,136.0,146.0,151.0,-0.9728331781555892,0.32132155469366586,136.21983415762406,2.6377363611537357,132.0,137.0,139.0,-1.032914345645792,1.034754898158373,94.5731300903029,58.90361207433449,18.0,89.0,179.0,0.3015345365729089,-0.8895481202755158,121.04485716394774,2.2850825830274806,119.0,120.0,125.0,1.0892006402383057,0.3260020145300708,153.55248492901256,9.023267384170687,140.0,156.0,164.0,-0.6828170806462833,-0.4749462074099746
5.02.jpg,5,0,2,37.36033109053102,26.753629189937115,7.0,32.0,75.0,0.8317791648656929,0.5417479214396255,31.51108076617084,24.532465097961957,4.0,26.0,66.0,0.9238534011480529,0.8371361260405754,28.907742141924842,24.443259834312524,2.0,23.0,63.0,0.98953588899699,0.9496305198412753,11.745165234035351,17.761840213654754,5.0,11.0,13.0,7.834863661504162,64.65044702381164,87.63302998119002,60.42369785416655,36.0,68.0,179.0,1.4922273160612658,1.5887612951919703,37.362501920873626,26.75075064911497,7.0,32.0,75.0,0.8322341768650461,0.542237032071279,32.769980003462436,28.219284842093806,2.0,26.0,73.0,0.9322116522675714,0.48811654850436836,130.0885551918053,1.4619160459678153,128.0,130.0,132.0,-0.09131442476619973,-0.7499177522084097,130.48048392398982,0.985827537611412,129.0,131.0,131.0,-0.9046979025011589,1.1067386626737914,32.958150242467745,25.194702840275642,4.0,28.0,68.0,0.9053148796293283,0.7561675926581741,126.22271824528438,0.5547224605873056,126.0,126.0,127.0,2.2926665889083147,4.427316504222022,131.99776449214048,1.5618295181680972,129.0,132.0,134.0,-0.44041848037867265,0.2425544050571169
5.16.jpg,5,1,6,45.88990576019291,33.74247212142309,7.0,40.0,92.0,0.7733460669199587,0.2712151097834119,43.39668266036761,32.65701410991879,6.0,37.0,88.0,0.8013356999630046,0.36748576287847934,42.60266282817844,33.13597013242455,5.0,36.0,89.0,0.8282262471737897,0.37205112217717584,53.3582037843557,68.97990723791258,6.0,20.0,173.0,1.0844803003327042,-0.7676005907466519,37.39104451170001,47.15389106319391,10.0,22.0,73.0,3.2581664159353205,11.34562893137372,45.89169803892621,33.74033555075643,7.0,40.0,92.0,0.7736018077711244,0.2715199109077866,45.36027952068108,36.79519461684742,5.0,38.0,96.0,0.743064568227096,-0.027862868288158094,128.93479294308702,0.9896901681022546,128.0,129.0,130.0,0.3388921119127315,-1.2681344966901293,128.8591816146256,0.8223798178227907,128.0,129.0,130.0,-0.2695302802855479,-0.30107574071601517,43.973887453556756,32.97521177532001,6.0,38.0,89.0,0.7983190726007146,0.3465746362491666,127.31713343667725,0.4821635327719754,127.0,127.0,128.0,0.7106521737176764,-0.9095003498428773,129.91568957456755,1.1167202602504647,129.0,129.0,131.0,0.05630177882988085,-1.534158644678268
5.17.jpg,5,1,7,41.92023473831845,31.178447085326553,6.0,36.0,85.0,0.8508613348694637,0.5345479254948349,40.93793016904112,31.15777422427674,5.0,35.0,84.0,0.8464490789869381,0.5012911416879651,38.640973893358925,31.708628483171342,3.0,32.0,83.0,0.8957987895260523,0.5253413447717188,33.25317339632391,41.213089661663616,15.0,24.0,30.0,2.7413165358251126,5.93528210126,48.70003641642676,59.00810289466884,6.0,28.0,116.0,2.172527720097593,4.534184220115964,41.938334194532615,31.192849071756495,6.0,36.0,85.0,0.8520172467995172,0.5394205749069632,42.151265962943825,34.92197740996274,3.0,35.0,91.0,0.8096727135714585,0.13678455534980216,127.87698875519796,0.7497671510766983,127.0,128.0,129.0,-0.5300652679561323,1.9465424932936388,129.48119878939985,1.061648882085993,128.0,129.0,131.0,-0.08237510168352943,-0.5750461125913522,41.030943136241724,31.236419841877186,6.0,35.0,84.0,0.8520508958229841,0.5135546495398184,126.81566792155705,0.7320676307725495,126.0,127.0,128.0,0.4086641431838157,-0.6850032143106621,128.88929160207672,0.44226828155972503,128.0,129.0,129.0,0.5748512478979249,7.804579769040121
5.03.jpg,5,0,3,42.67139292832361,29.516794064286962,8.0,37.0,84.0,0.7765954647631388,0.3776661586117456,33.75142737629488,25.818898977174484,4.0,29.0,70.0,0.8849460937110241,0.7109002497381054,22.93530031249231,21.024066311177233,0.0,18.0,52.0,1.1808952567614903,1.7553485542121274,16.82237149676435,13.301689369440227,13.0,16.0,20.0,9.420845752276106,100.4158536758307,143.5524391624222,54.69459300327905,88.0,128.0,255.0,0.6536125779188459,-0.09929077226556071,42.676903127383675,29.509161734112922,8.0,37.0,84.0,0.7777152254071544,0.37858379592702507,35.63234369233041,29.74513796686908,3.0,29.0,78.0,0.8689235867426167,0.3246032175235407,130.0656558647671,1.4706750138980864,128.0,130.0,132.0,0.060479830987291525,-0.5328747188547434,135.75196870155753,4.613666628663541,130.0,136.0,142.0,-0.0590880904473407,-1.235187349112668,35.190100145173595,26.348488060653768,5.0,30.0,72.0,0.8739921886339246,0.6681026535966668,122.13942127408282,3.208150668615908,118.0,122.0,126.0,0.07090472105229591,-0.9742991805258909,134.63079402573754,3.112445624382824,131.0,134.0,139.0,0.18187742802173704,-0.5736301265082719
8.57.jpg,8,5,7,118.03629684308949,66.43320912207166,30.0,114.0,211.0,0.15890125828570892,-1.0156053477222142,87.57767131714279,56.50149502644385,15.0,82.0,168.0,0.3296419161447678,-0.8264056176813357,79.96183656898206,55.92510914113608,9.0,73.0,161.0,0.40737038274924875,-0.8022403538901162,6.927771954430255,10.245102534409513,4.0,6.0,10.0,14.376213386865691,222.90224960032364,104.98522280455697,50.22181482600365,60.0,90.0,175.0,1.5403240139552485,1.9897217370595293,118.03856794862331,66.42925093263023,30.0,114.0,211.0,0.15913878821581787,-1.0158790211085857,99.56986737531065,61.63087571175377,15.0,97.0,185.0,0.15613892100417867,-0.9995435888180206,139.21270490391476,4.23380110808097,133.0,140.0,144.0,-0.5816027395043056,-0.42439973501426875,137.1758057134421,2.95284679693078,133.0,138.0,140.0,-1.2424965597971382,1.2259417263439234,95.80675573927807,59.31949010800879,19.0,91.0,180.0,0.2813119266791452,-0.9012664232261289,120.3515912502153,2.459135498055471,118.0,119.0,124.0,1.2800567682895068,0.8839725943396424,147.49380969956448,7.386909252356966,137.0,149.0,156.0,-0.4503011703949437,-0.8009323830105353
8.43.jpg,8,4,3,162.2858216184357,47.41688440151233,100.0,162.0,227.0,-0.1623613672744456,-0.8631468473345603,87.81750825246212,38.33082636023138,39.0,84.0,143.0,0.15043574870678772,-0.9286459424606353,54.12467734186104,22.01087796667198,27.0,52.0,85.0,0.17514852047304455,-0.31105161603025655,11.386314918234003,21.75505721280594,4.0,9.0,13.0,7.351064883906574,53.4302653489595,172.02254522076916,18.775857217463006,152.0,170.0,194.0,1.186946250614253,3.1946869201143944,162.2858216184357,47.41688440151233,100.0,162.0,227.0,-0.1623613672744456,-0.8631468473345603,115.23736356934305,40.2813792056987,63.0,114.0,171.0,-0.0735115216611328,-0.862260260325892,155.6876061343464,2.9565227927823456,152.0,156.0,159.0,-1.1229988430608682,2.9893130505761576,160.3686000867554,10.287084066588818,146.0,162.0,173.0,-0.3953525983000623,-0.7844235012933707,106.26250950710869,38.89785604690746,56.0,104.0,162.0,0.04520246865423399,-0.9229567084628996,102.37672368014098,9.827999105808304,90.0,102.0,116.0,0.2042004957507288,-1.0210810032386723,177.1295636553204,8.641538583282657,165.0,178.0,187.0,-0.8246329458720266,0.403150864326828
10.01.jpg,10,0,1,209.518211827135,30.572775551239733,168.0,212.0,247.0,-0.564827381665301,-0.19470380372546225,189.751681129143,37.28097530651921,139.0,192.0,237.0,-0.4334743064892798,-0.39102923990336746,177.8396479014334,43.54969471962452,118.0,181.0,233.0,-0.4696811101312465,-0.33604782537207356,12.954139750121088,17.65542591313687,8.0,11.0,13.0,8.117353141730929,66.98226932833089,42.02881164545439,25.918728844800526,13.0,37.0,77.0,1.0926613049500835,1.3378572063037,209.52952115295213,30.58704122590971,168.0,212.0,247.0,-0.5633576650518637,-0.1960144252067022,199.07543343662283,33.701161070477994,153.0,202.0,241.0,-0.5358658789713202,-0.21846657289961158,133.24713570996462,2.3320999189455156,130.0,133.0,136.0,-0.0407555040128391,-0.2560247279089407,136.7309634129499,5.059785393402866,131.0,136.0,144.0,0.7407527476040504,0.3133762756340315,194.29877073814066,35.912051617763,145.0,197.0,239.0,-0.47353644310636717,-0.3443723021694245,120.012989968663,4.216853615238192,114.0,120.0,126.0,-0.43215896257903336,-0.11401683182177624,141.34649301969114,5.554037361789808,134.0,141.0,149.0,-0.06944426830542076,-0.3652150664239282
6.46.jpg,6,4,6,118.26502609470344,65.04767147003912,23.0,122.0,203.0,-0.10077169315443436,-1.0222671667244452,39.78962300302088,31.29035259363606,0.0,40.0,82.0,0.19913617560061705,-1.1300717207423865,6.870746115944905,10.127631877120317,0.0,1.0,21.0,1.8636714334879334,4.236200295542875,12.552704395542406,28.29914498146668,0.0,9.0,11.0,5.0549194715870325,24.957172742399386,240.64438064226232,25.852738991294597,213.0,254.0,255.0,-4.418253162798325,31.980206707362896,118.29809916181829,64.98867124435287,23.0,122.0,203.0,-0.09770998128951555,-1.0264557599531363,70.02285985500565,44.8373242073995,5.0,74.0,129.0,-0.04853290111736585,-1.188344723909324,159.51959145206374,13.689675075561393,136.0,162.0,175.0,-0.7415692994127249,-0.18902102516197195,161.42722174565105,19.75891400478124,130.0,165.0,186.0,-0.2667411655709487,-1.1687038495859272,59.490182147449175,37.879385987017535,7.0,61.0,110.0,0.06504636272466516,-1.137285714869212,102.13916996862412,16.766384070950664,79.0,102.0,125.0,-0.09229561546675824,-1.139510509514317,179.54826401654188,25.042092803317246,141.0,181.0,211.0,-0.28235860657984774,-0.7653432745158621
6.52.jpg,6,5,2,69.85935533082355,41.46787671416114,19.0,66.0,126.0,0.48179999847793537,-0.3509041089771645,45.03443616052755,31.618158241118106,7.0,41.0,88.0,0.6808777749714444,0.06240617889406774,43.87931300903029,32.12599042958281,6.0,39.0,88.0,0.7040636509127317,0.06967004293042756,30.437030092763464,64.33377331859246,0.0,2.0,179.0,1.8597063526572102,1.4717509667519817,115.51850840284442,46.40006992677809,74.0,101.0,180.0,1.507735103494974,2.002235331090202,69.8610634580842,41.46507249128709,19.0,66.0,126.0,0.482107490684159,-0.35099744991112347,53.74103639182107,38.028154822673464,7.0,50.0,106.0,0.5309948713565669,-0.40113692134377876,138.7365522501907,4.909970059142526,132.0,139.0,145.0,-0.3380340624896278,-0.736274308135509,133.10078541374475,2.0868646536881017,130.0,134.0,135.0,-0.4785889283768356,-0.5069830684163006,52.340196353436184,34.544133322891135,11.0,48.0,100.0,0.614053620668994,-0.10096699745390358,124.13393174380552,1.6118898410530111,122.0,124.0,126.0,0.07123699892694332,-0.554949882035864,143.36841121035408,6.8172218011151395,134.0,144.0,153.0,-0.011037484097259014,-0.8143105972935683
10.15.jpg,10,1,5,181.70072497174613,35.03541475633392,135.0,182.0,227.0,-0.20512793883099234,-0.606905893334857,152.1792462005606,41.11129677520844,99.0,151.0,208.0,0.019382200538675346,-0.6317354340354497,136.39986704636746,46.80684428363087,75.0,135.0,199.0,0.010437884882925401,-0.6008693777744729,11.037725957956697,11.068817688188838,8.0,10.0,13.0,13.033344277797315,178.3291188938619,69.59978671008328,33.33125499804559,29.0,66.0,114.0,0.6304420374882806,0.48644546303801084,181.7077135476542,35.046408826046836,135.0,182.0,227.0,-0.20401250665438386,-0.6063875997173147,165.5014126931329,38.35717287545545,115.0,166.0,216.0,-0.11750503528262374,-0.5936280317137062,136.86808655699693,2.7835508776410367,133.0,137.0,140.0,-0.8899080124173026,0.5490541870555448,140.75109173703385,5.171997472756238,134.0,141.0,148.0,0.024365532811492396,-0.22140454119441078,159.19711470192905,39.86521364343814,107.0,159.0,212.0,-0.046795743150949434,-0.6407654166460572,116.8967153547343,3.9302638407278487,112.0,117.0,122.0,0.35788813080944254,-0.06359464551975735,147.76603759271254,5.490526348024935,140.0,149.0,153.0,-1.173165812699022,1.0189878008064355
9.3.jpg,9,3,-1,219.6719366685535,32.728555519502564,172.0,227.0,255.0,-0.8536962549825684,-0.007428052103254146,164.22629447430307,38.79971896835764,112.0,165.0,214.0,-0.17645160844457056,-0.5200039571655481,96.66615459579955,47.30098036288434,35.0,95.0,159.0,0.09048124785798627,-0.5777813093011752,16.617072627502242,1.4682318758299695,15.0,16.0,18.0,2.98297821520437,13.804098643440778,148.72617581780585,42.876932767828386,94.0,149.0,204.0,0.12347132205627251,-0.07567681270449889,219.6719391000391,32.72855792866367,172.0,227.0,255.0,-0.8536960704664998,-0.007428390221937864,181.69692455975522,34.733181992138405,134.0,185.0,224.0,-0.4181182161425236,-0.39930106565692425,141.6027871633122,4.830804875351474,134.0,143.0,146.0,-1.4949409737134791,1.8749696642524736,170.55069744732916,7.393174469280158,160.0,173.0,178.0,-1.1662671011383041,0.8870898525558824,173.15597056151756,37.581646222861316,121.0,176.0,220.0,-0.35401901989457346,-0.515587483648408,90.36754530830265,5.8771103252706185,85.0,88.0,99.0,1.3239980037742853,1.580870419944353,168.77879802913503,7.9460188836002565,158.0,172.0,174.0,-1.9352865990101733,3.6060668333422683
6.85.jpg,6,8,5,46.05690454376577,32.673591597045196,8.0,40.0,92.0,0.7642418691305332,0.2534060528734403,35.92465020648176,28.021687910313805,4.0,30.0,75.0,0.8840758708478753,0.6097746244972289,33.43382322905178,27.725110483889367,2.0,28.0,72.0,0.9307108668347621,0.7095334956883259,9.385217831931826,20.9170964757142,2.0,5.0,13.0,7.0331364812319555,50.04748389226315,96.68522570994517,57.13239429725252,49.0,77.0,182.0,1.5143045493204366,1.7176338400410778,46.061047308929,32.6679973823966,8.0,40.0,92.0,0.7649495774161962,0.25398933645263533,38.97807723954413,32.63862973913194,3.0,32.0,85.0,0.8362604233344845,0.18462355065229374,131.99120191250933,2.481126941713208,128.0,132.0,135.0,-0.07403156537923307,-0.825357076468046,131.0978969594759,1.4386416893385785,129.0,131.0,133.0,-0.30133374021026543,-0.06271744852760275,38.66332240137408,29.35624767249027,5.0,33.0,80.0,0.8478181119659443,0.4924379864335342,125.73612253909343,0.9579902843926884,125.0,126.0,127.0,0.3229368816024654,0.5336345780363949,134.55911427787797,3.2517245369756593,131.0,134.0,139.0,0.20465420038620366,-0.5798099179496154
4.43.jpg,4,4,3,62.49503247492166,45.58007326937397,7.0,57.0,126.0,0.5614587318109929,-0.3662694611623505,33.00357914680143,30.00159275631884,0.0,27.0,75.0,0.8543571686875323,0.3138640909299131,12.67571665606539,16.95461395235028,0.0,6.0,36.0,2.0608382681870254,6.027980958564822,15.39844608618352,27.35749581975177,0.0,12.0,15.0,4.8206148033645855,23.058237542550696,214.9639328015188,44.72867060749548,164.0,222.0,255.0,-1.8753650339227288,6.0093428993995435,62.532091719527166,45.53068554028291,7.0,57.0,126.0,0.5651870290710391,-0.3643911242119664,41.90615924480002,37.09635740063031,1.0,35.0,95.0,0.7218549618303823,-0.2222614066796691,139.09608161232782,6.539909063947864,130.0,140.0,147.0,-0.08506856414199218,-0.9855713578126428,144.82079951136865,12.765183003358235,129.0,145.0,162.0,0.11111734737555788,-1.4223121643562822,39.49731758508741,32.80605885940058,2.0,34.0,86.0,0.7982758266033915,0.18778557672986018,114.84469906961635,9.682334737668029,101.0,116.0,127.0,-0.18535841227543304,-1.2590345076778267,148.18925857195933,12.082920661885858,132.0,147.0,165.0,0.13152807426078933,-0.9130056531861079
4.57.jpg,4,5,7,47.767968799980316,30.50600947388769,12.0,43.0,90.0,0.6681816615791204,0.07145328664674544,35.75883369011589,25.611754032386386,6.0,31.0,71.0,0.7871378412361726,0.3619836340966147,31.458980340050687,24.40939497813041,3.0,27.0,65.0,0.8690523090024267,0.5748283355084398,9.186618931620776,13.106711109693933,5.0,8.0,13.0,11.111752958041777,131.87210997538418,109.08511847641545,50.5052053804239,64.0,93.0,182.0,1.4669113300647698,1.7895122904806744,47.76961885780369,30.5035293453395,12.0,43.0,90.0,0.6685498375669062,0.07156816547996092,39.12539159961615,30.22064155489727,5.0,34.0,82.0,0.7422214079787129,-0.003982541952448848,132.5790930341281,2.51989203224422,129.0,133.0,136.0,-0.1314678716297979,-0.5833837217982687,132.56314214709283,2.2379223573755196,130.0,133.0,135.0,-0.12230701199707328,-1.0213142972267337,38.85704977731847,26.908213032654555,8.0,35.0,76.0,0.755050874304549,0.27781525363698245,124.6656322433011,1.572723558900095,123.0,125.0,126.0,-0.19383069143090811,-0.45985990221319417,135.85064688368888,3.5536124438219896,132.0,135.0,140.0,0.21473639230590388,-0.5038212537798472
7.12.jpg,7,1,2,53.962216172686055,30.04887306758387,20.0,49.0,96.0,0.7988708054797241,0.43021350751412957,49.8639535177761,26.72097412387711,19.0,45.0,87.0,0.7647910237308875,0.41891637277082605,49.2080729212257,26.094245172559898,20.0,45.0,85.0,0.8094215898821857,0.5717571797431651,44.47055081902161,66.99434113376518,0.0,6.0,165.0,1.1925019578385245,-0.4703025387354738,21.845946421728534,15.827063919632485,0.0,22.0,39.0,1.6642240376754582,14.441274479926754,54.052964078204354,29.942159016736337,20.0,49.0,96.0,0.8116939469240558,0.4465679835053691,52.864948481683136,31.274181972863396,15.0,48.0,96.0,0.63860579406752,-0.011306545191620998,129.6275139129606,1.6863682486085327,128.0,129.0,132.0,0.8789536780140208,0.5095364719078068,128.98210767007268,1.3489145586661877,127.0,129.0,131.0,0.21106998263509963,-0.30007517051502575,51.03993034280057,27.61674017452793,19.0,46.0,89.0,0.7797666182093981,0.4384733558623801,127.13219209125268,0.9451832771745958,126.0,127.0,128.0,-0.22012059290507296,-0.5156164348096857,130.69218559432315,2.550858406288679,128.0,131.0,134.0,0.9681873709459238,0.7885864132884506
3.8.jpg,3,8,-1,38.784456096123435,26.004416010805745,8.0,34.0,75.0,0.756497287047411,0.3007917373547109,32.813613498829966,23.706250224720648,6.0,28.0,66.0,0.8389608971787508,0.5209085564102067,33.653062018444274,24.97087728649572,5.0,29.0,68.0,0.804711976287646,0.3574583383463108,89.70269107100133,82.31699579218925,0.0,165.0,170.0,-0.03839173420610562,-1.9826941528431963,61.7784945797323,48.56673128264471,27.0,46.0,113.0,2.465215026059771,6.460016703944296,38.78484513381924,26.003862380085714,8.0,34.0,75.0,0.756592180471465,0.30085266559150714,34.468430077282335,27.524976253051832,5.0,28.0,73.0,0.8429593693670739,0.2263114606527865,130.6949871520301,1.8638987292633444,128.0,131.0,133.0,-0.017517298396464244,-0.9824893613434247,128.51046122364028,0.9681690422170748,127.0,129.0,130.0,-0.10216162588111477,-0.9343908518776063,34.71333757384422,24.556276888729357,6.0,30.0,69.0,0.8083194763565887,0.42653528238004546,127.47518328538443,0.5029690511261224,127.0,127.0,128.0,0.1041400484120566,-1.8737957371496823,131.75152648665892,1.5036187847397038,129.0,132.0,133.0,-0.3452466046607545,0.1402240458174493
7.06.jpg,7,0,6,104.2550550585599,44.44558432323802,48.0,101.0,165.0,0.3192240156335816,-0.5655508402803142,45.94300208718724,26.736678824191035,16.0,41.0,83.0,0.8372427394444438,0.5469515993315519,39.58693387720803,23.70290107158829,13.0,35.0,72.0,0.8826349231377504,0.7940011127331741,7.619032404894872,28.69191273442857,1.0,3.0,4.0,5.771617689295423,31.38226595441963,164.08352396180427,23.404496839334783,138.0,161.0,193.0,0.8608049580818153,1.7703455188785373,104.25505651745125,44.44558107073943,48.0,101.0,165.0,0.31922447670306997,-0.565551624636293,67.56821192439442,34.80386920643625,24.0,64.0,115.0,0.42877180651540975,-0.37474510813685047,153.2052596923879,7.165350576697026,143.0,154.0,162.0,-0.5788533584243037,-0.32913574752652286,144.20697583492353,5.951014210150646,136.0,145.0,151.0,-0.34766109559580516,-0.6187055292751134,62.66544897867879,31.40907508250056,26.0,58.0,106.0,0.6291149047134926,0.0012026943337408724,116.7294991723223,4.609118760634261,111.0,117.0,123.0,-0.029325952499010564,-0.8315439897058288,164.46401595832629,12.466928922739246,146.0,165.0,181.0,-0.20755129679425127,-0.9206144850798172
9.03.jpg,9,0,3,210.08860284892305,36.070545635971406,158.0,215.0,255.0,-0.6069841866570583,-0.40525948948714197,161.23132667689836,40.563928842088885,107.0,162.0,214.0,-0.13068250816714297,-0.5834679761259487,107.07422839236008,46.73154885462339,46.0,105.0,170.0,0.06744577473924995,-0.6070698236433909,15.87182812703637,1.3859062238281208,15.0,16.0,17.0,3.1953095315101328,16.477522541870062,131.40747613740032,38.890549539355234,83.0,130.0,181.0,0.26959643668666994,0.20178586829354916,210.08860284892305,36.070545635971406,158.0,215.0,255.0,-0.6069841866570583,-0.40525948948714197,177.3971710151355,37.21862472968385,126.0,180.0,225.0,-0.32694157893454445,-0.5154456809237251,140.0275963889521,3.69116422965334,135.0,141.0,143.0,-1.7628084361673106,3.33498668664195,163.23172203645672,5.989876022943665,155.0,165.0,169.0,-1.119062208264056,0.8671901200194707,169.6532205513053,39.72349410274995,115.0,171.0,221.0,-0.25653810586892006,-0.6161197981867299,97.16869403935894,4.323466721729126,93.0,96.0,103.0,1.6036469319595352,2.7341769754967764,163.38666116178328,6.078970100448239,155.0,166.0,167.0,-2.352175921837131,5.826648995154345
9.17.jpg,9,1,7,152.88594533242298,41.06486114708357,100.0,151.0,210.0,0.14610718044770185,-0.6887825611613763,128.11431824061592,41.34720125872945,76.0,125.0,185.0,0.23815619894864407,-0.5725798953847403,106.49191822816672,42.78869614214869,53.0,103.0,166.0,0.2936365657120875,-0.4945598129935318,13.900331460116828,0.9880036823680167,13.0,14.0,15.0,0.22925094421568493,4.1998523924462825,84.41360980297186,27.432325665016343,53.0,81.0,120.0,0.7887012147647651,0.9484209054831312,152.88594630501723,41.06486272479361,100.0,151.0,210.0,0.14610727957073255,-0.6887825254975724,140.18057865466875,40.9485691553719,87.0,139.0,196.0,0.10992359381684373,-0.6304607430408948,134.32569700966175,1.0609290974358991,133.0,134.0,135.0,-0.9542293299463076,2.8892775238996506,143.50766987817283,2.088343069551212,141.0,144.0,146.0,-1.0906860504863447,2.093833268420112,133.0179142132977,41.44648257682376,80.0,130.0,190.0,0.21449051106364903,-0.60847133806024,115.05132379801941,1.2592063332751506,114.0,115.0,117.0,1.8991097823857317,5.359554000668792,145.50531182343914,1.4055015797785682,144.0,146.0,146.0,-3.656723793074078,18.00733949435553
3.jpg,3,-1,-1,36.58078805420851,24.99307624927865,8.0,32.0,71.0,0.7812375496423426,0.37696472185220786,33.290035869275556,23.864614163151206,6.0,29.0,66.0,0.8319323783790095,0.48218478387712294,30.492077733622,23.40874380261645,4.0,26.0,63.0,0.8741863938000728,0.5643966862412797,15.81250036472284,14.791215035551142,11.0,13.0,20.0,8.744383544534568,85.57282821423405,65.06299736037923,52.13369202613106,27.0,48.0,127.0,2.2415073218674793,5.0520565303882154,36.58151117802559,24.99227781373879,8.0,32.0,71.0,0.7813438490817342,0.37710557654570875,33.96943379453752,27.318978892484566,5.0,28.0,72.0,0.8498048229463808,0.23074084956116225,128.8393546642702,0.9550956496787344,128.0,129.0,130.0,-0.0811367134972496,0.15044714788297897,130.22633775474674,0.8817914816715035,129.0,130.0,131.0,-0.607566209025862,0.5294959354246194,33.98212614936324,24.132681198136336,6.0,30.0,67.0,0.8163423693947586,0.450939247305572,126.32016878400432,0.5551090332782854,126.0,126.0,127.0,1.430334672336939,1.2737275378258701,130.5789712481691,1.1902592397429785,129.0,131.0,132.0,-0.34386688186780207,-0.9455307268781565
11.5.jpg,11,5,-1,227.2682390597737,25.53201540843806,190.0,233.0,255.0,-0.8087362284296745,-0.12469141905913439,184.19198864398965,35.33782300961907,136.0,186.0,230.0,-0.253871176930183,-0.6415882546490272,181.01394797398893,37.722590147885484,129.0,183.0,229.0,-0.3223110974148932,-0.5794961022621541,23.363993880437047,57.017262704923425,1.0,2.0,177.0,2.3416477875939434,3.491357972131649,54.353687299280864,21.92484728497106,25.0,55.0,82.0,0.13919397451568863,-0.1427209765552404,227.26825656647,25.53203333778128,190.0,233.0,255.0,-0.8087344211972284,-0.12469431920118668,200.0554758028279,30.409971026750533,158.0,203.0,238.0,-0.4345884594990968,-0.49768718450537985,143.2539691570915,4.775121360459582,136.0,145.0,148.0,-0.9538425801820499,0.12716592850643682,135.74099669512478,3.466435454331491,131.0,136.0,140.0,0.15599557989187005,-0.3045582564223994,196.7083632406062,32.47169542300851,152.0,200.0,237.0,-0.41369590616423235,-0.5627928022238016,120.41283026868888,2.8617788618304765,117.0,120.0,125.0,0.36071858104792726,-0.27219626272951336,154.80367698978193,7.871075912935797,143.0,158.0,162.0,-1.0770094681639826,0.3192811289518671
11.7.jpg,11,7,-1,214.86487748230365,29.627402692898634,175.0,216.0,255.0,-0.3485431475613497,-0.7190723692623648,189.6310526971011,32.96493379921796,147.0,189.0,235.0,-0.09387343254466833,-0.6507572192958389,156.9068546496813,37.53400018781314,109.0,155.0,209.0,0.06015072507941217,-0.5760122056494965,17.073989620474276,1.8006180468621358,16.0,17.0,18.0,7.129917696250319,328.10503401985744,71.40033389160243,20.70499674693918,44.0,72.0,96.0,-0.16925132476206806,0.43812272061030333,214.86495139946584,29.627496867246926,175.0,216.0,255.0,-0.3485351095136689,-0.7190770111958398,199.11978956951035,30.03780377720266,160.0,199.0,240.0,-0.2110241844867383,-0.6220000016957941,132.14902818383587,1.7182347088560326,130.0,133.0,134.0,-1.6772123548008573,3.40459769768763,148.01350933398692,3.9989854987581195,142.0,149.0,152.0,-1.1480155141071127,1.55559114832052,193.50235319176252,32.36996478885825,151.0,193.0,238.0,-0.16265279936032193,-0.695206602962517,110.09282828459664,3.187978246210159,107.0,109.0,115.0,1.6259785843795451,3.093288713686733,146.65849979283743,3.951105546774716,141.0,147.0,149.0,-2.093473665553323,4.389830846272357
1.jpg,1,-1,-1,14.923012062932786,12.758098847118134,1.0,12.0,32.0,1.1495169189303573,1.5753733593792285,14.848597714649244,12.655741253975913,1.0,12.0,32.0,1.1304997439487883,1.4885595593295369,15.004748831632778,12.854160544466259,1.0,12.0,33.0,1.147705250416358,1.5364917727175724,11.618240230981918,38.458781925996234,0.0,0.0,0.0,3.097594279530989,7.9187736586978215,2.1437025618439405,10.930202975920594,0.0,0.0,0.0,12.709527772542522,235.81824713496394,15.031293156181947,12.887570168199382,1.0,12.0,33.0,1.1528780475405562,1.5594739622724187,12.939290415718515,13.191313883450581,1.0,9.0,31.0,1.6033202133274906,3.060018003889951,128.08537032958967,0.3639839975702316,128.0,128.0,128.0,4.38311923101866,19.541752139421757,127.89643641880154,0.3955168213828904,128.0,128.0,128.0,-3.8695773026220035,14.772691223401122,14.885711419413248,12.70548512159256,1.0,12.0,32.0,1.1395112077487708,1.529543046594359,128.0594930142651,0.23814922392913276,128.0,128.0,128.0,3.6705587615283393,11.945443599604705,128.03730064351953,0.19247747030175277,128.0,128.0,128.0,4.932128977206978,25.47420987555691
9.01.jpg,9,0,1,184.68808076033528,39.28161703677767,131.0,186.0,237.0,-0.1921824035029411,-0.6584090666244036,156.23225647699132,41.9704796913145,100.0,157.0,212.0,-0.06297084763594393,-0.6589095260230251,134.04772860341302,46.02333911379063,73.0,134.0,196.0,-0.015245547751269005,-0.6752148182725968,12.982901306972138,1.2146160361221066,12.0,13.0,14.0,8.16163417317121,971.3308384004677,75.7075292410458,28.245104438568646,44.0,71.0,114.0,0.7231369524864981,0.5007953128011384,184.688083678118,39.28162177663601,131.0,186.0,237.0,-0.1921819683296361,-0.6584088634261462,168.60283968340113,39.91056431082352,114.0,170.0,221.0,-0.18321740366550865,-0.6102654285468474,135.3735394066008,1.5315476469088836,134.0,136.0,137.0,-1.012708159343401,2.3981539895050847,143.81491191213973,3.7222075723351145,139.0,144.0,149.0,-0.29672322287264463,-0.3490123941921177,162.25149974031734,41.59513045913644,106.0,163.0,218.0,-0.0983922085511611,-0.670124320106932,114.09840513996603,2.718452428621752,111.0,114.0,118.0,0.7800717147870563,0.09259365069009373,147.64474585139928,2.874814099902645,144.0,149.0,150.0,-1.6646409254194143,4.29902344301609
9.15.jpg,9,1,5,154.99410462001717,40.71123193209677,102.0,153.0,211.0,0.1269690331290614,-0.6856119243837986,126.70225923915898,41.33473210378349,74.0,124.0,184.0,0.24102361028980612,-0.5717214567236959,108.75693897360185,42.79969288293887,55.0,105.0,168.0,0.28792978027263355,-0.5184833451826618,11.516586622160755,0.9653696025619781,11.0,11.0,13.0,0.45969858822087384,4.276646366370847,82.83120967381134,26.860205850282096,51.0,80.0,118.0,0.7001011979572943,0.7037206300231631,154.99410510631427,40.711232738457085,102.0,153.0,211.0,0.12696908828008852,-0.6856118959651121,139.91812361283746,40.84011303489804,87.0,138.0,196.0,0.1066845664176246,-0.6305484589308175,136.31445527914428,1.2014953465819516,135.0,136.0,138.0,-1.2113350652118053,3.936380488648619,142.10039749926568,2.1376262463365325,139.0,142.0,144.0,-0.8352659130001295,1.0319076125349769,133.22922635963812,41.24544599219489,81.0,131.0,190.0,0.2099472385056221,-0.6065169576672536,116.24422424910861,1.219043648930979,115.0,116.0,118.0,1.598635197120367,3.992947255311882,146.88224558393586,1.6448026035584362,146.0,147.0,149.0,-2.020016812037794,10.473937421224978
7.38.jpg,7,3,8,107.10022686449645,47.64876428278537,48.0,102.0,174.0,0.37725779946237603,-0.5626589382507072,75.49620924681972,36.086806379824296,32.0,71.0,126.0,0.45993865082196045,-0.37999671203439966,44.46669520927143,27.278987953117042,14.0,39.0,83.0,0.7838292732524852,0.37925503977522057,14.983927560837579,1.4651361333484862,14.0,15.0,16.0,26.66549696012049,2855.5290689620683,155.96091188701067,27.506526335644498,127.0,152.0,190.0,1.0916565863288257,1.9394649744105195,107.1002376910017,47.648741538523986,48.0,102.0,174.0,0.37726067073646785,-0.5626630905726828,87.3485116015846,41.33320761902146,35.0,84.0,145.0,0.29182379313774715,-0.5958743305049983,137.44746389114442,3.7309878907021967,133.0,137.0,143.0,0.2010204482477545,-0.5538167519762935,151.13629290617848,7.393238629243107,141.0,152.0,160.0,-0.4893567466644951,-0.3996201961809289,81.41807632686204,38.386568609350014,35.0,77.0,136.0,0.45727447991724884,-0.4125502517389341,109.7978553677321,6.641203264063872,101.0,110.0,119.0,0.1488863807180619,-0.8806071209487536,150.53146231638001,8.877838412110627,139.0,150.0,162.0,0.16043680963910956,-0.8259069372907275
7.04.jpg,7,0,4,124.09241201426212,52.17650060538595,59.0,119.0,198.0,0.28690147558005025,-0.7380083750201911,64.67001725382181,31.927819348107413,26.0,60.0,110.0,0.47539019769624813,-0.37177956583104077,37.02164751628609,23.28181971798417,11.0,32.0,70.0,0.8641348692459286,0.7095505739565571,9.39858759864537,3.3120072024869422,8.0,10.0,11.0,42.57137664703781,2146.130927584256,183.28633223041146,23.995956892128223,157.0,180.0,215.0,0.6851865651524741,0.9913315563070864,124.09241201426212,52.17650060538595,59.0,119.0,198.0,0.28690147558005025,-0.7380083750201911,86.24344957779684,39.89132495422324,36.0,83.0,142.0,0.25185909548954954,-0.6926026800283043,150.95271830364004,7.222921528726865,142.0,151.0,161.0,-0.029887566069853794,-0.6893688927450374,155.3142296372807,9.410225940441798,142.0,156.0,167.0,-0.39792891889509585,-0.5661985945170689,79.29858983561212,36.6633056563168,35.0,75.0,131.0,0.4230809277199146,-0.5235216210854738,107.17642373207752,8.051309740611185,97.0,107.0,119.0,0.13864777046467738,-0.9200459735298523,167.28529836273486,14.59526057546476,149.0,167.0,187.0,0.09811491111393952,-0.8623067501632322
4.82.jpg,4,8,2,37.884702843282,29.977777862797474,3.0,33.0,80.0,0.7979647345946623,0.3583531704027956,28.11131243811869,25.144142877489447,0.0,23.0,63.0,0.9827856384647511,0.9168289437751418,24.760840535393676,24.120951919989004,0.0,19.0,59.0,1.1273393979252868,1.3272470859158298,11.67256204664951,24.426103813054,0.0,8.0,13.0,5.606400179067573,31.536365838248727,123.22157155667598,70.45063808264926,58.0,101.0,255.0,0.7099792466133119,-0.4721833072556145,37.90519199982882,29.95291345542343,3.0,33.0,80.0,0.8009301934241262,0.3624062601261304,30.439059190140227,29.075820367393835,1.0,23.0,72.0,0.9992989514484438,0.6125005157037982,131.71748471568154,2.564614286804866,128.0,132.0,135.0,0.03814578782788668,-0.9129776494603847,131.554262005217,2.218807312652312,128.0,132.0,134.0,-0.19461508417515738,-1.0575561593582004,30.639886284281516,26.453893412494622,1.0,25.0,68.0,0.9355504178845264,0.7515983109329505,125.43519604582086,1.4646950066756057,124.0,125.0,128.0,0.4206392027034283,-0.7442397535553438,134.41194374903955,3.5420757266063148,129.0,134.0,139.0,-0.02586633973095276,-0.7801881876832106
4.41.jpg,4,4,1,50.33297493235607,38.86358844058316,5.0,43.0,105.0,0.751026669265272,0.11509005114279436,28.150682080340175,26.96676931375459,0.0,22.0,66.0,1.04460210252501,1.0860148810256423,15.559544164531822,20.101225100123674,0.0,7.0,43.0,1.893667191264469,5.089202543544987,14.57969972125449,27.049619129081695,0.0,11.0,15.0,4.888617469356861,23.710871999048848,199.05689238633778,53.771945817602266,136.0,202.0,255.0,-1.0387286848025403,1.67515323868711,50.36941074405404,38.81794906180426,5.0,43.0,105.0,0.7552864186814677,0.11952428074278876,34.20970007138842,32.85511562461285,1.0,26.0,81.0,0.9563782618066687,0.4501149318458255,136.32098916724536,5.43082871502932,130.0,136.0,144.0,0.21605056760202782,-0.8095743860823248,139.1611350369294,8.381188745536301,129.0,139.0,150.0,0.08995982371469402,-1.4261053661142717,33.33706517743037,29.51402640624846,2.0,27.0,75.0,0.9949167564202164,0.870275422336253,119.34840124958907,6.010338339115276,111.0,119.0,128.0,-0.027262965075433493,-1.2724488473221789,142.9317958563595,9.054957554715696,131.0,143.0,155.0,0.23338711105533783,-0.7294738426046363
4.55.jpg,4,5,5,45.73895521981603,29.945022867275373,11.0,41.0,87.0,0.7036240771508554,0.09462623129661907,31.080479741834584,22.764953432757803,5.0,27.0,62.0,0.8387694469732043,0.5286992735715774,27.11366319839561,21.44864724406724,3.0,23.0,57.0,0.9211997883540612,0.7665243339215602,8.8354244109483,18.363584129336363,3.0,6.0,11.0,8.305341992217345,70.23272796099027,122.96396830120855,48.55771937952098,79.0,109.0,196.0,1.2939650488655274,1.3998667793076054,45.74131181565838,29.94157414856624,11.0,41.0,87.0,0.70413814515837,0.09483648642944509,34.7518532783234,27.712684385281207,5.0,29.0,74.0,0.8159501401076881,0.14703731532933428,133.924894813933,3.6687476176962113,130.0,134.0,139.0,0.15239075859389184,-0.7849452895351203,132.92311739796028,2.8135913198713998,130.0,133.0,137.0,0.1578537564505572,-0.9829811895185152,35.01461955031133,24.701226535434518,7.0,31.0,69.0,0.7974016012274755,0.37922297967182894,124.34223646100189,2.0495396951651825,121.0,125.0,127.0,-0.46931647917653335,-0.47627840425608037,137.4403381515652,5.0988764233997275,132.0,137.0,144.0,0.4607370056342197,-0.4787313567571383
1.8.jpg,1,8,-1,15.909150857508427,13.22849236238733,2.0,13.0,34.0,1.0968029271576103,1.4104249504940292,14.587662213036097,12.630018395506067,1.0,12.0,32.0,1.172912231500645,1.6345744394324795,16.462932506582025,13.752035148988101,2.0,13.0,35.0,1.0649469245098482,1.2115318095682337,97.04434290494821,67.76684776902867,0.0,140.0,165.0,-0.6834089291664017,-1.425337513375645,35.71566939789867,45.644842112892576,0.0,27.0,77.0,2.7052096168743875,9.198720123962673,16.614253586279865,13.703435024573702,2.0,14.0,35.0,1.0597181891985081,1.2277620417076376,13.076691518417363,13.442441205703647,1.0,9.0,32.0,1.5929541840754944,2.9939205350819913,128.9200575773234,1.046738892056526,128.0,128.0,130.0,0.5178688327820228,-0.9695002740703997,126.87621613641397,0.9991559208924874,126.0,127.0,128.0,-0.20307931084650643,-1.1272239212546844,15.240990133116803,12.909412186190496,1.0,12.0,33.0,1.1327930357938494,1.5055409545298488,128.60857213159125,0.6267107467558812,128.0,129.0,129.0,0.5090960892044515,-0.6221736342126949,128.6681607243916,0.5625152270635317,128.0,129.0,129.0,0.6159457227101017,2.50858839004328
6.87.jpg,6,8,7,53.65198341143265,36.38897969112719,11.0,48.0,104.0,0.6836645205553906,0.010744185409860663,35.29698943179099,27.844337390933894,3.0,30.0,74.0,0.8767402841427903,0.5716709512093066,28.912793310107784,26.143401153065557,0.0,22.0,66.0,1.0433008388381961,1.0013994006965428,9.596516848250012,15.934751820024564,5.0,8.0,11.0,9.018945974027098,84.67864061181427,144.94625638751268,54.31137436419463,90.0,130.0,255.0,0.6801962450017798,-0.24022363630618138,53.658607264500894,36.379518624145334,11.0,48.0,104.0,0.6847672941015487,0.011250568741412614,40.60561984403479,33.478876971162464,3.0,33.0,88.0,0.7888413391993067,0.05373947988961314,135.12763402834918,4.1019916552575015,130.0,135.0,140.0,0.014118833208774141,-0.9472388347897849,134.88372392717991,3.5660342186571583,130.0,136.0,139.0,-0.38126130501166483,-1.0500505821484607,40.05688460558386,30.13596443137474,5.0,34.0,82.0,0.8244104262958484,0.3869734101682254,122.63493383441389,2.5974544921951406,119.0,122.0,126.0,0.33478316770247707,-0.8377350607587544,139.93244895339134,6.043680103874857,132.0,139.0,147.0,0.2021584060929788,-0.7258373546399359
8.82.jpg,8,8,2,136.50395067780093,43.22013777508092,83.0,132.0,198.0,0.39199375846395235,-0.4440347972415313,99.40374040292635,39.490186536156706,53.0,94.0,156.0,0.6179373905074228,-0.015639237811199358,93.69955785865872,40.7514520023643,45.0,88.0,152.0,0.5862085220041028,-0.04306924080316987,4.477153761313702,9.022503192757148,2.0,4.0,6.0,18.680012185713988,357.7432228866315,86.88326534899599,23.453553855400152,59.0,85.0,116.0,0.7567201059783715,1.2777918651838078,136.50395067780093,43.22013777508092,83.0,132.0,198.0,0.39199375846395235,-0.4440347972415313,115.51383223527444,41.10500090546145,65.0,111.0,173.0,0.4111904461093207,-0.31726795633425287,142.25808566221025,1.8434382563060803,140.0,142.0,145.0,-0.3896144261774854,0.2614203063539624,137.33223770592252,1.2590617429081417,136.0,137.0,139.0,-0.49348740842149746,1.799505939174197,109.87546173911521,40.72326193432801,61.0,105.0,168.0,0.5407887041179068,-0.1772036201642786,119.91836287102039,0.7019278500096426,119.0,120.0,121.0,1.2164329893236976,5.909014596420672,151.32630682624992,3.206462950059197,146.0,152.0,155.0,-0.4875943542058657,-0.4979657084918445
9.1.jpg,9,1,-1,152.2773255214564,41.028595630486265,100.0,150.0,209.0,0.1615780107655343,-0.6818466741860809,126.32820970687955,41.26480113527181,74.0,123.0,184.0,0.25475289259914397,-0.563163108389861,106.53898789898247,42.92204907155282,53.0,103.0,166.0,0.29840002659001374,-0.4990762718581041,12.827796840624872,0.9859104524703634,12.0,13.0,14.0,0.08649613627296063,4.073143448507345,83.68357716270918,27.613352832796128,52.0,80.0,120.0,0.7970777831025757,0.9124978924924192,152.2773255214564,41.028595630486265,100.0,150.0,209.0,0.1615780107655343,-0.6818466741860809,138.86352946668768,40.939630432949784,86.0,137.0,195.0,0.12136187903268161,-0.6264995129137247,135.08645925121914,0.9813143589997866,134.0,135.0,136.0,-1.3116135958251964,5.393903743328687,142.7340372970439,2.160858360073073,140.0,143.0,145.0,-0.8743665863017538,1.3340820119128223,131.93478026178346,41.35741743708918,79.0,129.0,189.0,0.225725653853261,-0.6007731971633254,115.7762255173715,1.221184010100577,115.0,115.0,117.0,1.8543498120925166,4.8528879805728335,145.75609962477313,1.2624129568988192,146.0,146.0,146.0,-4.202504248237626,25.099243587414662
6.44.jpg,6,4,4,85.73317022927937,53.14370431601251,20.0,80.0,160.0,0.41040024085813887,-0.6948822155820849,37.75625767133707,26.675682862015226,3.0,36.0,74.0,0.4399693023350605,-0.37303411100347583,7.489437626558826,12.367070767962026,0.0,2.0,23.0,2.9383521688257517,14.626364368317908,12.981318896144442,18.97478490479659,4.0,12.0,14.0,7.555214846437715,59.02379194120858,237.08279013945057,25.34123133960387,204.0,248.0,255.0,-2.7879761235628577,16.554707679020733,85.74144214328648,53.1306713798335,20.0,80.0,160.0,0.41139524522064835,-0.6953144743439927,53.98643620073567,38.16642644370325,5.0,52.0,107.0,0.36397302895712363,-0.7870250254023956,146.8851823322421,11.079190637320053,132.0,146.0,162.0,0.30307396382672513,-0.799324866327038,153.64058412064838,15.935521593904816,131.0,155.0,174.0,-0.0949018633801834,-1.2857468036581863,48.643611320218874,32.239603372888475,8.0,46.0,93.0,0.4792547393269028,-0.4302509216434216,107.79625415054592,12.3334708978687,92.0,108.0,125.0,-0.056162777048387645,-1.1495220646076008,160.53118866577577,19.172873887650674,138.0,158.0,189.0,0.4098494977815494,-0.7957794564540621
10.03.jpg,10,0,3,224.15729961154585,27.675299506762997,186.0,229.0,255.0,-0.8793018945680383,0.3128475700234761,189.4751477856947,36.78740479405081,140.0,192.0,237.0,-0.407839133977217,-0.4006736803312667,157.0298260612462,45.92975432122163,94.0,159.0,217.0,-0.30283536100079367,-0.4983886941473661,14.728100581805874,2.0687224566934423,13.0,14.0,16.0,13.747057954530645,814.4619985005808,80.26591699102684,34.48636735867907,37.0,78.0,126.0,0.4624412148272669,0.1535933877547282,224.15753595194607,27.675532618282364,186.0,229.0,255.0,-0.8792801762564867,0.3127995155052523,201.25490625164124,32.33254703961667,157.0,204.0,241.0,-0.5610437954467656,-0.1808603974122187,136.1062943381399,3.688933837766563,131.0,137.0,140.0,-0.5259908440575606,-0.23644648563873316,149.37765056245124,7.397141665626576,140.0,150.0,159.0,-0.0406572420614178,-0.453348761422411,196.16369004199663,34.89943052995491,148.0,199.0,240.0,-0.5189053294466774,-0.2939058251177751,108.70858207431009,6.090976956500049,101.0,108.0,117.0,0.3183994906810033,-0.3744443426574269,152.57759016434898,7.9965720032163485,140.0,153.0,161.0,-0.7894716577412763,-0.07358581608802739
10.17.jpg,10,1,7,174.51130738062864,36.71781161159268,126.0,175.0,223.0,-0.1385483206354726,-0.6533451514974509,154.02913454674191,41.113067511265655,100.0,153.0,209.0,0.012706837248715965,-0.6353012829393117,138.65346515875655,45.73185420442729,79.0,137.0,200.0,0.028678404205883464,-0.6082085836965345,13.137023939434611,6.75186274776681,11.0,13.0,15.0,16.983089415106587,344.7272769436071,58.01277453903896,28.454764544784723,24.0,55.0,95.0,0.7077580745764123,0.7124141696660558,174.52182841881464,36.7349302804528,126.0,175.0,223.0,-0.13687017514275546,-0.652175608732739,165.0240770566964,38.92933798157838,114.0,165.0,216.0,-0.11413487276235754,-0.6008328771086591,133.2732600775352,1.9013980425410189,131.0,134.0,135.0,-0.8093296304068598,0.5566084636319006,139.1143250487756,4.117561105645684,134.0,139.0,144.0,-0.09829534084725403,-0.1814513528401065,158.3858548811587,40.26306886991282,106.0,158.0,212.0,-0.02848644870596548,-0.6474414984919847,118.44946303072037,3.1246168159710677,115.0,118.0,123.0,0.48055000992967084,0.3408679615789887,142.1910447412802,4.1052098287181344,137.0,143.0,146.0,-1.226885909128473,1.204606058116923
6.78.jpg,6,7,8,57.95897984793681,38.57503392320906,12.0,52.0,111.0,0.6071973591385877,-0.17188297262766294,44.50902586058414,33.45083621409933,5.0,39.0,91.0,0.7407033117728966,0.11722734102177723,32.02437636869171,28.69481097062365,0.0,25.0,72.0,0.9767030048227825,0.7119444963274484,14.931414089220246,12.846858800869933,11.0,15.0,17.0,10.093404020545403,112.4296273185622,142.7378907999311,55.94708422862783,85.0,128.0,255.0,0.6855944554905906,-0.3424352673711195,57.965203120001966,38.56595916916033,12.0,52.0,111.0,0.6081722888681341,-0.17161908840035967,48.85672153736375,38.257794652995564,5.0,42.0,103.0,0.6511562067700739,-0.2749018513637096,131.80872419477868,1.9627753722642238,129.0,132.0,134.0,-0.3300540942657284,-0.4725562232300655,137.44429221721907,4.774168965941823,130.0,139.0,143.0,-0.47198691888624983,-0.9756644000560195,47.1009842277503,34.38081514527633,7.0,41.0,95.0,0.719694977368707,0.06307947699325256,120.74922910361458,3.419581087401216,117.0,120.0,126.0,0.43385653840792093,-0.6345618099525887,137.5239708668586,4.164096628952693,132.0,138.0,143.0,-0.07568563931581043,-0.6848364554636657
8.55.jpg,8,5,5,139.39903936866963,70.24312390058807,42.0,141.0,235.0,-0.067182893290401,-1.1062413445011392,86.4613262489569,57.35218929321046,12.0,81.0,168.0,0.3206375256628641,-0.8792218543094972,73.3254742855809,54.39894646744903,5.0,66.0,153.0,0.44974685095911954,-0.787938511039957,6.5103343000920075,10.278456919137847,4.0,6.0,8.0,15.089373013501993,237.32050747865256,143.2560986521789,50.37861163522061,89.0,133.0,226.0,0.7250235669356625,-0.09512396959930536,139.40121019901224,70.23888137078218,42.0,141.0,235.0,-0.06693356479075156,-1.1066989053259162,105.49196734417582,62.3494223617759,18.0,105.0,191.0,0.06583261222041767,-1.0576568513646447,148.23144533339558,6.136930992764333,139.0,150.0,154.0,-1.137788112981842,0.9140708614342552,144.64253368580148,5.558066087504118,136.0,146.0,150.0,-1.1988255642376193,0.8936392454439677,100.79942918444083,60.61171612595221,20.0,97.0,187.0,0.1979706501847651,-1.010561778262539,114.5217758987257,4.586829500788983,110.0,113.0,122.0,1.0483206727606627,0.2572497578920814,161.840868507204,11.047641355824807,146.0,165.0,174.0,-0.8520173006143396,-0.0877903973313301
8.41.jpg,8,4,1,160.99239859409138,44.987964131146114,103.0,159.0,225.0,0.13482106682325382,-0.7680334838496137,100.97948133371331,37.752812065377896,57.0,96.0,155.0,0.6590242483629121,0.03255347663938757,73.45035385199962,42.67752213040949,22.0,67.0,135.0,0.6769033053017698,0.06272746435024645,9.571865678730882,2.9069256482458465,7.0,9.0,13.0,14.977846064099886,854.0692951714861,148.71355134416262,37.271741856679675,101.0,147.0,200.0,0.11100808279482284,-0.008579127510123019,160.99239859409138,44.987964131146114,103.0,159.0,225.0,0.13482106682325382,-0.7680334838496137,123.40080269782464,39.597588598539076,74.0,120.0,180.0,0.35504105768511546,-0.4541010865403705,149.45480193787404,3.8390715155929587,144.0,150.0,154.0,-0.7528218151190883,0.4738124469013387,153.85601548399353,3.8378971028519047,149.0,155.0,157.0,-1.5492784358859053,3.22601934236941,115.81258478198917,40.28611658841832,67.0,111.0,174.0,0.47257328196132964,-0.3517309100176762,107.05297663151894,2.405509862386455,105.0,107.0,110.0,1.6988403855829273,5.326601690293229,167.59222000569963,6.379793660682875,159.0,168.0,174.0,-0.7617492981982793,0.24431193193433032
5.15.jpg,5,1,5,42.47267193228513,31.587146820418745,6.0,36.0,86.0,0.808411183241111,0.38667274754606185,40.016033562166285,30.536667614517757,5.0,34.0,82.0,0.8436453927419126,0.5158577082462816,39.68201471420487,31.180369979462725,5.0,33.0,83.0,0.8636237239597143,0.4851958293550007,82.90238970497774,77.62823317650259,6.0,20.0,173.0,0.2206139061455571,-1.9186436838239804,36.462880342511255,45.865193344551976,9.0,22.0,73.0,3.293941463114462,11.899669995069692,42.47515661524076,31.585715582650533,6.0,36.0,86.0,0.8088006824462185,0.38780615330793244,41.62188233557245,34.54272900129847,3.0,35.0,90.0,0.8010449580952435,0.11816850586740246,129.02182278979356,1.0174983563320672,128.0,129.0,130.0,0.1989537241763464,-1.3906906646974158,128.57934204374894,0.9384451630166343,128.0,128.0,130.0,-0.0399100777327964,-0.45500065375963805,40.62567210452499,30.83237974179056,5.0,35.0,83.0,0.8388393394161441,0.4860619392373722,127.53021333136488,0.5370675015336883,127.0,128.0,128.0,0.18572094658422575,-1.0980715145828062,129.84697817474964,1.1004007022043383,129.0,129.0,131.0,0.05438098603325688,-1.5911088241413336
5.01.jpg,5,0,1,34.232645028390024,24.883134091711202,6.0,29.0,69.0,0.8857776068981116,0.7399015349607403,30.018845958579156,23.462750296264993,4.0,25.0,63.0,0.945751477712805,0.917826525880705,25.579369525510174,22.14559912637393,1.0,20.0,57.0,1.0574464079921675,1.2552518332847296,16.725878690265695,15.759128733575205,13.0,16.0,20.0,8.299781882046455,74.94519176458805,94.82132373966375,61.67854536328912,41.0,74.0,191.0,1.3586755254919458,1.1151787182205348,34.23535467594132,24.87966574828044,6.0,29.0,69.0,0.8863618480744881,0.7406644918146594,30.478902972053476,26.714391872036526,2.0,24.0,69.0,0.9877113517042043,0.6495871696518698,129.06833058089163,0.9909991600407982,128.0,129.0,130.0,-0.1533261575665457,-0.3260024123894465,131.2545731381142,1.651445074632887,129.0,131.0,133.0,-0.12850479382061653,-0.7467851018432077,30.72204764155623,23.696874877479395,4.0,26.0,64.0,0.9400735312431459,0.8964644025910133,125.77468833217594,0.9260276899784117,125.0,126.0,127.0,0.45609444037183994,0.5850331217978946,131.34492130740009,1.3230983821965892,129.0,132.0,133.0,-0.6423756501783683,0.09232629564313832
5.14.jpg,5,1,4,50.0676380937931,35.42416220036868,9.0,44.0,99.0,0.733231487714299,0.12717588453634932,38.6513103762189,30.32804598713744,4.0,32.0,81.0,0.8847674272027426,0.5808162094092304,38.62872576538304,31.880383628391705,3.0,32.0,83.0,0.8908411697435026,0.49163916259632945,61.919051954039084,80.56096700081359,0.0,6.0,177.0,0.6959705058481803,-1.5005799783246898,88.97449857903982,55.64114418001713,44.0,70.0,170.0,1.649065564929783,2.2875089962551503,50.07080583323121,35.41983831428686,9.0,44.0,99.0,0.7337324703683703,0.1275265832335526,42.568631112511646,35.36919137608942,3.0,35.0,93.0,0.7987243380383104,0.0737287805321869,132.9628960160595,3.0221546178365024,128.0,133.0,137.0,-0.09668404876597339,-0.9491366670788728,129.87596505663416,0.9117685215837138,129.0,130.0,131.0,-0.5928295229157964,0.6095260623783436,42.08071705482903,32.018639668958066,6.0,36.0,87.0,0.8344916412750462,0.41013884115361865,126.33488462114536,0.5856870430510304,126.0,126.0,127.0,1.5729107180534887,1.5555655108220492,135.05288043509975,3.3497980367945646,131.0,135.0,139.0,0.003280976819638257,-0.8301425652686487
5.28.jpg,5,2,8,72.24725533905608,46.51274934052014,14.0,67.0,136.0,0.4570789715650717,-0.48956663694124725,56.35799200138497,40.00026681797714,8.0,51.0,112.0,0.596497588947433,-0.2091850235445878,63.08453205573354,43.77782169733227,10.0,57.0,124.0,0.5388195221804,-0.3834092161809419,157.27724771391723,40.93767530650058,164.0,167.0,171.0,-3.5007373301772167,10.394740126775005,73.52700407906023,47.55726289658065,41.0,59.0,121.0,2.47928370664929,6.400376994135961,72.25001604780495,46.50860265914853,14.0,67.0,136.0,0.45742590388938975,-0.4895899037045388,63.81753402620947,45.7874854150882,7.0,59.0,127.0,0.45698116509390996,-0.5920726545588106,135.93309572856063,3.902627215434634,130.0,137.0,141.0,-0.42230011798599204,-0.8114666508916484,126.59188097780735,1.4844643785991791,124.0,127.0,128.0,-0.10646809649370273,-0.6637603766553042,61.87064934281807,42.328538885729394,10.0,57.0,120.0,0.5449369063532753,-0.3266990960362768,128.59968069731116,0.9352243267197985,128.0,128.0,130.0,0.20161317418248137,-0.9799819503941851,137.11372787591253,4.161862453893581,132.0,138.0,143.0,-0.17524611226861392,-0.8183108055017811
8.54.jpg,8,5,4,131.7423016165941,69.95082109217779,37.0,130.0,229.0,0.02725487405083225,-1.1006242852305153,89.77657291897346,57.93298227394796,15.0,85.0,172.0,0.30638573525774404,-0.8615218589163991,79.19823429541596,56.19788044161535,8.0,72.0,160.0,0.4058718514943862,-0.8166539950938727,6.680680101375458,9.39535553883877,4.0,6.0,8.0,15.950401868709323,270.4759405797567,124.08620358751016,49.93545978364797,75.0,111.0,200.0,1.1408716926890705,0.8475976043626026,131.74445412268398,69.94683568721906,37.0,130.0,229.0,0.027483799076875377,-1.1009767414263607,105.18872665534805,63.06862688397617,17.0,104.0,192.0,0.09287112240768441,-1.0400710930781873,143.6995487315765,5.3339083167727335,136.0,145.0,149.0,-0.8385309462265863,0.08825092905156451,140.92416820452252,4.249725776635341,134.0,142.0,145.0,-1.2028796660210759,1.0048108307932901,101.12614994709776,61.172111049631916,20.0,97.0,188.0,0.21905371422017578,-0.977103963224538,117.313898280062,3.637315441755275,114.0,116.0,123.0,0.9581492079740614,0.30331800319280644,154.86711006126816,9.597659444943284,140.0,157.5,166.0,-0.6314992314194517,-0.5574898769924812
10.16.jpg,10,1,6,189.75720692331484,34.924030747593264,143.0,191.0,235.0,-0.2695440680242277,-0.5521112710660736,162.0534425945702,40.94265428647319,108.0,162.0,217.0,-0.06779612734689278,-0.6259987418544948,148.1952332183727,47.223789367200915,85.0,149.0,211.0,-0.11987753444828654,-0.5918858637149751,11.048301461420104,15.232552922943114,6.0,10.0,13.0,9.840612157025122,98.97654568982179,61.29143835016894,31.678100189343066,25.0,56.0,105.0,0.814685968078455,0.7412522496461564,189.76286547660035,34.93247695514643,143.0,191.0,235.0,-0.26872844126703255,-0.5520115317631147,174.61535016310404,37.96591807885695,124.0,175.0,225.0,-0.19987777547598115,-0.5523000145362889,136.27674050602133,2.541586668468499,133.0,137.0,139.0,-0.8641367307662631,0.6166758682995135,139.28969789277733,5.353200285944074,133.0,139.0,147.0,0.3749748497743686,-0.15432557806926805,168.75821842132393,39.78681691417856,116.0,169.0,222.0,-0.13273641929622285,-0.6189066996646782,118.00081308878424,4.138927267114109,112.0,118.0,123.0,-0.037388679267037296,-0.23976565174667153,146.42609499522456,5.389879423098415,139.0,147.0,153.0,-0.9176862174887248,0.5585765706772716
6.51.jpg,6,5,1,66.35205432937181,39.92899811176085,17.0,62.0,121.0,0.5120933467182391,-0.29272155000144107,45.56354272778721,31.814146378823292,8.0,41.0,89.0,0.6667228406385551,0.023576921257693062,48.01306168647425,33.926505624968584,7.0,44.0,95.0,0.631218932630526,-0.10759640641857393,124.8156826849733,79.03423326020796,0.0,175.0,177.0,-0.9082184043020405,-1.170185577665849,99.18654363819788,45.58868445368202,62.0,85.0,156.0,1.8862081833028594,3.5599873610357298,66.35330921975346,39.92696424218463,17.0,62.0,121.0,0.5123251756256212,-0.29277060360035145,53.25778696390345,37.87451600454672,7.0,49.0,105.0,0.5352527371025957,-0.39954708954667506,137.50790138037942,4.406879944967569,130.0,138.0,143.0,-0.30126620464478043,-0.7529475193652373,130.16741025073202,0.777751380857132,129.0,130.0,131.0,-0.2560559019815817,1.1228081281488773,52.088873305282846,34.41482887946275,11.0,48.0,99.0,0.6105741682923429,-0.10918688620416495,126.11240422233705,0.4189917250773709,126.0,126.0,127.0,2.4221075201760187,8.713729136592049,140.50957948869367,5.465443087783468,133.0,140.0,147.0,0.05901524546517056,-0.7157876167295383
8.68.jpg,8,6,8,188.74523817860333,51.51088497954858,114.0,196.0,252.0,-0.5021506979356949,-0.6908130372095775,84.0284921482467,42.331754454011545,32.0,79.0,144.0,0.34883475258664964,-0.700125260068639,97.51432874463372,41.26411541248373,45.0,94.0,155.0,0.21469658213702406,-0.7573289811892483,175.88531703654425,5.970185021009664,175.0,176.0,177.0,-28.601937840424906,839.1272732994337,148.87104810645627,30.612314558336372,108.0,152.0,184.0,-0.16307238795395712,0.29673272616240176,188.74523817860333,51.51088497954858,114.0,196.0,252.0,-0.5021506979356949,-0.6908130372095775,125.76229650897024,43.16102389087368,68.0,127.0,182.0,-0.1442704822751912,-0.8094572992450515,171.07265473488053,6.471060154042629,162.0,173.0,178.0,-1.1779397342988787,1.3905397005222504,141.7505908510005,2.9943424771105778,138.0,142.0,145.0,-0.5157056621285832,0.5605234452370538,116.85715167996203,44.384417059134854,58.0,115.0,177.0,0.026513968506634143,-0.915896433142541,118.67833244827257,2.3257650248734727,116.0,118.0,122.0,0.8919441317448549,0.4644959840804259,191.05552783661972,11.080733532004354,174.0,195.0,202.0,-1.1147040525100596,0.9110806366374073
6.45.jpg,6,4,5,84.84999241376494,57.039638646932254,11.0,80.0,164.0,0.3799641373366317,-0.7039306300512438,34.51480969248515,31.396143180928846,0.0,30.0,77.0,0.7649219859582509,0.2311462039404093,8.602632034530986,15.495734865326686,0.0,2.0,25.0,3.4791932309051155,17.948533338021324,14.633848419242582,30.776975557066457,0.0,10.0,13.0,4.488613356234221,19.34799285879316,233.85558483064216,34.823683609445744,195.0,251.0,255.0,-3.372504166615362,17.05392503135444,84.8860148729111,56.98724285635953,11.0,80.0,164.0,0.38313213793244477,-0.7042401374522727,51.9719387110014,42.03536116140642,2.0,48.0,110.0,0.5008530509985113,-0.618007920638008,148.24497022889034,10.984866970857192,132.0,149.0,162.0,-0.22382663853165483,-0.8345395476326241,151.88059703669987,17.183430298866927,129.0,153.0,175.0,0.04594343899696163,-1.3628306082303603,46.60291068278061,36.38263213145173,4.0,42.0,97.0,0.6573534411104791,-0.07811514290762744,109.36144373834102,13.6206047417624,91.0,110.0,127.0,-0.23654578933165843,-1.1571622276919555,161.55072662515636,19.336116164570942,134.0,161.0,189.0,0.10397054655507337,-0.855106193673508
10.02.jpg,10,0,2,194.00795953263037,33.697889722303955,148.0,196.0,237.0,-0.35926139076239266,-0.387935127172208,164.52906146100503,40.112126425209304,111.0,165.0,217.0,-0.15729016399657894,-0.5757564327847509,163.73488268262562,42.25022399285685,106.0,167.0,217.0,-0.32410846655171716,-0.4377060388870384,77.24922722523036,86.81569293412744,0.0,5.0,179.0,0.2941251865438518,-1.9113748130356871,44.47993350432222,21.943282353899292,21.0,40.0,75.0,1.104441525600798,1.451436217981895,194.0079790063646,33.697921804773245,148.0,196.0,237.0,-0.3592573374144781,-0.38793356031580517,178.22370333428327,36.77220293062926,129.0,180.0,225.0,-0.2978820230870263,-0.44845442802370483,138.8575909565878,3.204050687798175,134.0,139.0,143.0,-0.6421744300873791,-0.13881123927831007,132.61200341977772,2.977037149547511,130.0,132.0,137.0,1.5138950462099443,2.0868695031508437,173.2512662676926,38.373293466050306,121.0,175.0,223.0,-0.23291540202906016,-0.5225135058663204,123.61978293910896,2.397764211118917,120.0,124.0,126.0,-1.106046340920228,0.5556839829481008,146.22377647952882,5.020513972278124,139.0,146.0,153.0,-0.541906136521512,-0.2030016779171655
8.83.jpg,8,8,3,143.33963963438237,43.77891246827021,89.0,139.0,205.0,0.3375108717696893,-0.5133996064990711,96.96791119825555,39.084877938026885,51.0,91.0,153.0,0.6412368053659415,0.03834719888668392,89.49443481576148,40.852762598629376,41.0,84.0,148.0,0.5917266255251864,-0.0037608618715365694,4.687813296919405,7.797789104610139,2.0,4.0,7.0,21.11198575804117,467.8043053393152,103.5248030982962,26.933910313113554,71.0,101.0,138.0,0.6771032224338096,1.1367689939774008,143.33963963438237,43.77891246827021,89.0,139.0,205.0,0.3375108717696893,-0.5133996064990711,115.80612646837416,40.79667120224108,66.0,112.0,173.0,0.40814368736726175,-0.31592536793609227,145.9965273522678,2.311761676399515,143.0,146.0,149.0,-0.5233568836858862,0.5255344954677938,140.15466679893947,1.634270236275268,138.0,140.0,142.0,-0.6525514605259253,2.5089845618271447,109.9488707208285,40.63468801541165,61.0,105.0,168.0,0.5333929474363549,-0.18145776788154144,118.24615484867407,0.7695221987228944,117.0,118.0,119.0,1.2670584894884191,8.948295195891404,157.32273935057938,4.0272893022132505,152.0,158.0,162.0,-0.5461685817168204,-0.2759016458320951
6.86.jpg,6,8,6,51.72826105985539,35.49223385848527,10.0,46.0,101.0,0.6778608665224327,-0.0017045567366005265,34.82534444424993,27.567640132211725,3.0,29.0,73.0,0.9019935651896233,0.6611792767596945,32.67210346846558,27.492884973133688,2.0,27.0,71.0,0.9527925886539698,0.7598877482361828,9.620063354788762,29.866842553397536,0.0,4.0,11.0,5.212012665882989,25.7504729311374,119.58227174672089,53.99097551775706,71.0,103.0,207.0,1.1711476286699618,0.8631939890587699,51.733479027950416,35.48487456049433,10.0,46.0,101.0,0.6787200321709029,-0.0012710406121700935,39.8777060003229,33.09787656432818,3.0,33.0,87.0,0.8072583584053437,0.10515825240004473,135.13059314632292,4.096800539931387,130.0,136.0,140.0,-0.11662467235183091,-1.042102400534189,132.19378259406446,2.100335100202332,129.0,133.0,135.0,-0.2707574589708899,-0.8599561239931752,39.64429310878077,29.88440283166008,5.0,34.0,81.0,0.8280280441583171,0.41225384532006704,124.90357263042003,1.456838320612313,123.0,125.0,127.0,0.11411882855915129,-0.46406942533310813,138.6196042903077,5.452577762443223,132.0,139.0,146.0,0.11669439918711078,-0.8905584885825713
4.68.jpg,4,6,8,47.618687133939844,30.482581881373076,12.0,43.0,90.0,0.6754522824873153,0.018013477085455865,26.26324187057105,19.85960229258896,3.0,23.0,54.0,0.8830755106520269,0.7101604963822665,21.804446311825384,18.617866793991453,1.0,18.0,48.0,1.039506064851452,1.1644509062207575,7.696583179177146,18.774102161511,2.0,5.0,10.0,8.363702456037592,70.45867055840786,156.9787828566649,45.95009450244034,110.0,145.0,238.0,0.6955462927298451,0.13971857016576106,47.621355932533085,30.478560852688833,12.0,43.0,90.0,0.6760540773399979,0.01816724846822737,31.690586163096274,25.622734322140744,3.0,27.0,68.0,0.8462426782596983,0.22874734188993529,137.06098798068038,5.5803101302448095,130.0,137.0,145.0,0.1979153344733319,-0.9405461701293474,134.57162427128375,3.8814019902646195,130.0,135.0,140.0,0.11455514319067463,-1.0796623568548456,32.14409810363575,22.75204175810641,6.0,28.0,64.0,0.8158803439823333,0.44567569255753936,123.08398740295941,2.6375874834456545,119.0,123.0,126.0,-0.14968324236179684,-0.911582037068337,141.5842704278831,7.435836559711901,133.0,140.0,152.0,0.4304923332127148,-0.572780728699358
4.54.jpg,4,5,4,55.48085578602889,34.41405104251254,14.0,51.0,103.0,0.6013484551281939,-0.09106023038389433,38.86857163947737,27.610788063889263,7.0,35.0,77.0,0.7429222227046257,0.24539439214848313,30.816945449176938,24.6015309676415,3.0,26.0,65.0,0.8964960132463484,0.6320532651465709,10.478194926305948,11.519871887756477,6.0,10.0,13.0,12.484160119412927,166.85165814185456,134.01540808543098,48.35663894637556,87.0,120.0,211.0,1.0964824315995274,0.7105881117242574,55.483140178637335,34.41048851557007,14.0,51.0,103.0,0.6018209843924888,-0.09102546010789414,43.81550109495337,32.803374334774674,6.0,39.0,89.0,0.6609714470064042,-0.1652139274797224,134.08718437046332,3.0809965319868846,130.0,134.0,138.0,-0.12017742561643027,-0.6606051229549843,135.6112959818902,3.9256323392639647,130.0,136.0,140.0,-0.23499003819677874,-1.0585667668633834,42.90554071012032,29.233873271121624,8.0,38.0,83.0,0.7099299042570988,0.15433934723790443,122.20156738269236,2.8757306942503775,119.0,122.0,126.0,0.11121256734975922,-0.9665620634359766,139.03682586550528,5.105697799454651,133.0,139.0,146.0,0.1789628371962721,-0.6857801327636199
4.83.jpg,4,8,3,41.07901890528683,31.716845522172687,4.0,36.0,85.0,0.7572584853569164,0.23684345829250875,27.31668397884413,24.686335736635193,0.0,22.0,62.0,0.9921420900868262,0.9467150657941579,22.29440719408507,23.080594477507912,0.0,16.0,55.0,1.2374474997718645,1.6728752126007809,11.85721198080488,23.906829773173136,0.0,8.0,13.0,5.622023740712969,31.84820563689479,150.29252133385464,66.47026536298792,81.0,134.0,255.0,0.23116005837473724,-0.7263410464606532,41.10592134824904,31.683292949792644,4.0,36.0,85.0,0.7610882065430596,0.24137137605132697,30.696287024231214,29.186594013155798,1.0,23.0,73.0,0.9836632592995307,0.5630480932713882,133.27283262236693,3.564438062826144,128.0,133.0,138.0,0.14132525073656207,-0.9412847201125842,133.24192163224654,3.326105776414383,128.0,134.0,137.0,-0.2535713859622385,-1.293496811565508,30.846088420487504,26.538430670206,1.0,26.0,68.0,0.9359357879559471,0.738705284565587,123.94923398477695,2.400880930024906,121.0,123.0,128.0,0.3654902955091609,-1.0441744529759949,136.99717947670538,5.112972215990594,130.0,137.0,144.0,0.08279526085112575,-0.7448744284791773
7.05.jpg,7,0,5,81.39807941815522,37.11856874423018,36.0,77.0,132.0,0.5088610623347579,-0.1720251628156615,51.97043167622727,28.334860864321115,19.0,47.0,91.0,0.7274534508246099,0.269614233123717,40.06777474328375,23.739374099458473,14.0,36.0,73.0,0.8811885178980883,0.8195819393639572,8.473485135842237,6.266306835663909,6.0,9.0,10.0,24.430735506940405,649.3024555274922,136.27534240180202,25.980956481648697,109.0,132.0,168.0,1.237089065942716,2.9695433853514244,81.39809157558322,37.11854351852298,36.0,77.0,132.0,0.5088653525367774,-0.1720298865384402,62.31296477847221,33.84566761551873,20.0,58.0,109.0,0.5104592498804376,-0.22926553420374907,139.5288909118849,3.3020096925192424,135.0,140.0,143.0,-0.5536661874883647,0.1924727171949865,140.55330545878243,4.841895625319515,133.0,141.0,147.0,-0.2678057655395842,-0.6031086153987615,59.4137289457662,30.332087977021935,24.0,55.0,101.0,0.6657422716408474,0.13511555132797604,118.60781498923338,3.9609095855493606,113.0,119.0,124.0,-0.09269678321522458,-0.6688693837514061,147.28815244053072,6.636746047170153,138.0,147.0,156.0,-0.024755395591090006,-0.6832338717070705
9.28.jpg,9,2,8,172.519914030588,41.03453111621058,118.0,173.0,228.0,-0.02826869046780759,-0.6950951091123652,143.307011969222,43.10313213502125,88.0,142.0,202.0,0.1616594319234654,-0.5948240792215942,147.10706944048636,44.289653363613986,88.0,147.0,207.0,0.046120330226580984,-0.6268122259665816,153.50613185142964,57.58923197457483,3.0,175.0,177.0,-2.2649227081333634,3.136734635963353,46.94793768405054,15.584812827675206,28.0,46.0,66.0,0.4203541344318771,0.6592486990641331,172.51991640543363,41.03453532830837,118.0,173.0,228.0,-0.028268306915312087,-0.6950947405819372,157.83409043412178,41.412007479028794,103.0,158.0,213.0,0.0010322291046256052,-0.625052116038999,139.72286263892846,1.9452362091559987,137.0,140.0,141.0,-1.9089580530651624,4.907698484810015,130.18013156644818,1.5823424051710415,129.0,130.0,133.0,1.1925071305191555,1.1067929815419104,152.48657167284128,42.60880872050484,97.0,152.0,210.0,0.09036994818026796,-0.6425465570661366,125.58862971406859,0.9273233351089074,124.0,126.0,126.0,-1.2467442762383472,2.0950672543018465,145.4312800417973,2.3941756880744673,143.0,146.0,147.0,-2.728558416580593,9.21015793388966
7.11.jpg,7,1,1,65.39040710849677,34.72981122837127,25.0,60.0,114.0,0.6980050451585912,0.14592004591345598,59.53724160602542,30.71971818392998,23.0,55.0,102.0,0.6741365340977215,0.16864968525981539,56.884638165765075,29.465411079467827,23.0,52.0,98.0,0.7252652433481028,0.30428902121050916,24.109488823919595,43.15967419061056,5.0,11.0,30.0,2.8436995928261353,6.387664737682025,31.845869100486492,16.204394177380646,15.0,31.0,49.0,1.6875988360872913,15.208452916245104,65.41133879542258,34.70141878374861,25.0,60.0,114.0,0.7013967877794435,0.14776341490469802,64.03638669568888,35.27602341125883,20.0,60.0,112.0,0.5291874368575253,-0.19792273472470745,129.94707044889114,1.8019975190159327,128.0,130.0,132.0,0.7023607123134549,0.17734539612111666,130.46325052665978,1.7700810655081587,128.0,131.0,133.0,0.02345577983863952,-0.1740722792688052,60.992958904003004,31.73804091002686,24.0,56.0,105.0,0.6892581324610404,0.1753503856673131,126.14850298294654,1.2720601731197105,124.0,126.0,128.0,-0.5785418273828862,0.7370475517735633,131.98728138512982,3.011316782432053,129.0,132.0,137.0,0.8384772220979854,0.4604486126392833
9.14.jpg,9,1,4,156.04054241474304,40.8588552545509,103.0,154.0,213.0,0.13482460456473316,-0.6837018459003184,112.16888429752066,40.18963336588393,63.0,108.0,169.0,0.3774794214566309,-0.45030558821736566,96.028462999905,40.95689271717288,46.0,92.0,153.0,0.3883565136991541,-0.3750347953338973,8.18105680630759,0.9151663988957884,7.0,8.0,9.0,6.793254109790869,1104.4810083798955,105.34896551724138,28.784603312918232,71.0,103.0,143.0,0.536059087406916,0.540117526090957,156.04054241474304,40.8588552545509,103.0,154.0,213.0,0.13482460456473316,-0.6837018459003184,129.92906953548018,40.146080733494934,79.0,128.0,185.0,0.20259725361271538,-0.5857181855003488,143.42987745796523,1.7703007517858682,141.0,144.0,145.0,-1.6581512080914913,5.4578550882961,144.1241859029163,1.8400656929478978,142.0,144.0,146.0,-1.2328330294183418,3.56828402877857,123.45490595611285,40.41217106532345,73.0,120.0,180.0,0.30359911224307623,-0.5341732443169769,114.48925287356322,1.0752884663299547,114.0,114.0,115.0,2.0168560419230266,8.312262012466013,156.6749297045692,2.6707214157406978,153.0,158.0,159.0,-1.4159650469341387,4.099573825762789
11.6.jpg,11,6,-1,211.93408473449225,28.601261599877507,174.0,212.0,255.0,-0.2468215233727089,-0.6049903179742859,167.36623871948322,39.62694054831546,118.0,164.0,225.0,0.17695552427031544,-0.5971869580198299,154.63243279186852,40.19533852544461,105.0,151.0,213.0,0.2154110012943339,-0.5239232092454884,7.243166619169754,3.177177141319488,5.0,6.0,10.0,13.126959270491533,575.4417306402779,72.01225135366201,25.004649344327994,38.0,73.0,103.0,-0.17713403880816053,-0.11332762690213105,211.93418495297806,28.60140261259907,174.0,212.0,255.0,-0.2468074972117035,-0.6049946326033528,184.15464614800038,34.22590961503615,140.0,182.0,233.0,0.03353531605812601,-0.6093162269682644,142.8356435831671,5.621514246174377,135.0,144.0,149.0,-0.750256877702815,-0.007020085526253883,141.1499278046927,3.1496968034940265,137.0,142.0,145.0,-0.808991441670416,0.7568199540589648,179.25218913270638,36.20197427546173,133.0,177.0,232.0,0.07165429201707298,-0.6408307329878937,115.9964386814857,2.5752345615570604,113.0,115.0,119.0,1.193052476675168,1.60761981748822,156.6958354706944,8.379764522114828,144.0,159.0,165.0,-1.1483321427708477,0.7952333783870396
